srcip,dstip,srcport,dstport,proto,time,pkt_len,version,ihl,tos,id,flag,off,ttl,chksum
3992027753,2325249714,443,33195,TCP,1521118750461923,1400,4,5,0,27106,2,0,88,14840
3223949995,2332752498,50527,443,TCP,1521118750461924,40,4,5,0,8563,2,0,115,3595
1056685515,3618636787,443,27308,TCP,1521118750461924,52,4,5,0,8751,2,0,234,38442
284281003,1074109364,80,63403,TCP,1521118750461924,1500,4,5,8,45145,2,0,59,54372
568626588,3261365128,443,50749,TCP,1521118750461928,44,4,5,0,0,2,0,54,22367
1054166311,3452139989,443,2245,TCP,1521118750461929,52,4,5,0,24240,2,0,46,6783
284281003,1074109364,80,63403,TCP,1521118750461936,1500,4,5,8,45146,2,0,59,54371
1904779786,3608918986,12515,26454,UDP,1521118750461939,1466,4,5,0,24981,0,0,117,14373
3883939779,3337741176,57986,5469,TCP,1521118750461941,40,4,5,0,30325,0,0,245,34220
268955756,3261364847,80,27703,TCP,1521118750461941,1452,4,5,0,51223,2,0,54,14829
268651685,3347702510,65034,51740,UDP,1521118750461945,1400,4,5,0,0,2,0,57,13653
2087007443,2270145432,443,23529,TCP,1521118750461946,303,4,5,0,24088,2,0,116,50064
2087007444,2270145412,443,16254,TCP,1521118750461947,303,4,5,0,13833,2,0,118,59826
268651685,3347702510,65034,51740,UDP,1521118750461949,1400,4,5,0,0,2,0,57,13653
268651685,3347702510,65034,51740,UDP,1521118750461950,1400,4,5,0,0,2,0,57,13653
792616631,3617761277,443,42087,TCP,1521118750461951,1480,4,5,0,51876,2,0,246,42741
284281003,1074109364,80,63403,TCP,1521118750461952,1500,4,5,8,45147,2,0,59,54370
268651685,3347702510,65034,51740,UDP,1521118750461954,1400,4,5,0,0,2,0,57,13653
268651685,3347702510,65034,51740,UDP,1521118750461955,1400,4,5,0,0,2,0,57,13653
268651685,3347702510,65034,51740,UDP,1521118750461956,1400,4,5,0,0,2,0,57,13653
268651685,3347702510,65034,51740,UDP,1521118750461959,1400,4,5,0,0,2,0,57,13653
268651685,3347702510,65034,51740,UDP,1521118750461960,1400,4,5,0,0,2,0,57,13653
268955756,3261364847,80,27703,TCP,1521118750461962,1452,4,5,0,51224,2,0,54,14828
268651685,3347702510,65034,51740,UDP,1521118750461963,1400,4,5,0,0,2,0,57,13653
3766892111,3334586145,443,59843,TCP,1521118750461965,1452,4,5,0,60017,2,0,60,45601
3766892111,3334586145,443,59843,TCP,1521118750461966,1452,4,5,0,60018,2,0,60,45600
268651685,3347702510,65034,51740,UDP,1521118750461967,1400,4,5,0,0,2,0,57,13653
284281003,1074109364,80,63403,TCP,1521118750461968,1500,4,5,8,45148,2,0,59,54369
284281003,1074109364,80,63403,TCP,1521118750461974,1500,4,5,8,45149,2,0,59,54368
2488517664,2270145455,443,15827,TCP,1521118750461976,1500,4,5,0,24867,2,0,243,38277
2503406236,1074109431,443,62704,TCP,1521118750461978,60,4,5,0,0,2,0,57,56812
751628221,4093844222,443,61075,TCP,1521118750461978,52,4,5,0,0,2,0,240,24376
270433292,3890314065,53,32551,UDP,1521118750461983,125,4,5,0,52493,2,0,54,34821
284281003,1074109364,80,63403,TCP,1521118750461987,1500,4,5,8,45150,2,0,59,54367
268955756,3261364847,80,27703,TCP,1521118750461990,1452,4,5,0,51225,2,0,54,14827
1619070431,3450288969,64379,389,UDP,1521118750461993,79,4,5,0,2694,0,0,246,17095
284281003,1074109364,80,63403,TCP,1521118750461997,1500,4,5,8,45151,2,0,59,54366
2488517664,2270145455,443,15827,TCP,1521118750461999,1500,4,5,0,24868,2,0,243,38276
268955756,3261364847,80,27703,TCP,1521118750462005,1452,4,5,0,51226,2,0,54,14826
3542516036,3618740955,443,57287,UDP,1521118750462008,1378,4,5,0,0,2,0,58,29843
2258940778,3978971487,2515,2412,TCP,1521118750462009,52,4,5,0,22685,2,0,58,30606
284281003,1074109364,80,63403,TCP,1521118750462013,1500,4,5,8,45152,2,0,59,54365
2381068859,3890314075,53,54643,UDP,1521118750462014,322,4,5,0,0,2,0,54,6215
2116530499,3890314025,53,54643,UDP,1521118750462019,120,4,5,8,34333,0,0,55,27321
2310351715,846965651,80,1885,TCP,1521118750462025,1452,4,5,0,3864,2,0,53,40461
284281003,1074109364,80,63403,TCP,1521118750462026,1500,4,5,8,45153,2,0,59,54364
2087007432,2270145426,443,62446,TCP,1521118750462027,303,4,5,0,9808,2,0,118,63849
2310351715,846965651,80,1885,TCP,1521118750462027,1452,4,5,0,3865,2,0,53,40460
3527255879,3618740934,443,26613,UDP,1521118750462029,1378,4,5,0,0,2,0,55,21134
2310351715,846965651,80,1885,TCP,1521118750462030,1452,4,5,0,3866,2,0,53,40459
2310351715,846965651,80,1885,TCP,1521118750462032,1452,4,5,0,3867,2,0,53,40458
2141754651,3237901205,7079,33275,TCP,1521118750462033,1492,4,5,0,45179,2,0,58,16721
284281003,1074109364,80,63403,TCP,1521118750462035,1500,4,5,8,45154,2,0,59,54363
268955756,3261364847,80,27703,TCP,1521118750462036,1452,4,5,0,51227,2,0,54,14825
742878813,3390574803,443,58036,TCP,1521118750462039,60,4,5,0,0,2,0,241,5164
3801788594,4211110795,80,14156,TCP,1521118750462039,1280,4,5,0,27007,2,0,55,54175
2396475794,3452387182,58974,24411,UDP,1521118750462040,58,4,5,0,2545,0,0,122,18723
2141754651,3237901205,7079,33275,TCP,1521118750462041,1492,4,5,0,45180,2,0,58,16720
3801788594,4211110795,80,14156,TCP,1521118750462042,1280,4,5,0,27008,2,0,55,54174
2258940778,3978971487,2515,2412,TCP,1521118750462043,52,4,5,0,22686,2,0,58,30605
744366437,1962334022,443,53215,TCP,1521118750462043,52,4,5,0,26982,2,0,237,35421
738263513,1074109364,443,56599,TCP,1521118750462046,1500,4,5,0,23431,2,0,49,57089
284281003,1074109364,80,63403,TCP,1521118750462047,1500,4,5,8,45155,2,0,59,54362
738263513,1074109364,443,56599,TCP,1521118750462048,1500,4,5,0,23432,2,0,49,57088
132790060,1962334195,35576,9043,UDP,1521118750462051,162,4,5,0,39913,2,0,58,6242
284281003,1074109364,80,63403,TCP,1521118750462059,1500,4,5,8,45156,2,0,59,54361
132790060,1962334195,35576,9043,UDP,1521118750462061,162,4,5,0,39914,2,0,58,6241
3801788594,4211110795,80,14156,TCP,1521118750462062,1280,4,5,0,27009,2,0,55,54173
268955756,3261364847,80,27703,TCP,1521118750462063,1452,4,5,0,51228,2,0,54,14824
3801788594,4211110795,80,14156,TCP,1521118750462064,1280,4,5,0,27010,2,0,55,54172
738263513,1074109364,443,56599,TCP,1521118750462065,1500,4,5,0,23433,2,0,49,57087
738263513,1074109364,443,56599,TCP,1521118750462069,1500,4,5,0,23434,2,0,49,57086
284281003,1074109364,80,63403,TCP,1521118750462072,1500,4,5,8,45157,2,0,59,54360
2488517664,2270145455,443,15827,TCP,1521118750462079,1500,4,5,0,24869,2,0,243,38275
360218036,3353384441,443,55653,TCP,1521118750462080,40,4,5,0,11222,2,0,241,27891
2206341611,3390572207,443,57453,TCP,1521118750462081,1081,4,5,0,64198,2,0,59,53955
2146585429,3449290155,443,57453,TCP,1521118750462083,168,4,5,0,0,2,0,244,61385
1234923770,3451487832,443,44235,TCP,1521118750462083,64,4,5,0,18118,2,0,57,60490
284281003,1074109364,80,63403,TCP,1521118750462086,1500,4,5,8,45158,2,0,59,54359
738263513,1074109364,443,56599,TCP,1521118750462091,1500,4,5,0,23435,2,0,49,57085
790271742,4217677538,443,53441,TCP,1521118750462093,64,4,5,0,48872,2,0,46,9584
738263513,1074109364,443,56599,TCP,1521118750462096,1500,4,5,0,23436,2,0,49,57084
269802322,3449050547,36002,47428,UDP,1521118750462098,91,4,5,0,56967,2,0,54,22364
268955756,3261364847,80,27703,TCP,1521118750462102,1452,4,5,0,51229,2,0,54,14823
1645394518,3455008409,20496,1024,UDP,1521118750462103,1453,4,5,0,20179,0,0,114,52091
284281003,1074109364,80,63403,TCP,1521118750462104,1500,4,5,8,45159,2,0,59,54358
738263513,1074109364,443,56599,TCP,1521118750462113,1500,4,5,0,23437,2,0,49,57083
284281003,1074109364,80,63403,TCP,1521118750462115,1500,4,5,8,45160,2,0,59,54357
268955756,3261364847,80,27703,TCP,1521118750462116,1452,4,5,0,51230,2,0,54,14822
4080410029,3607623181,80,33699,TCP,1521118750462118,40,4,5,2,57184,2,0,45,36980
738263513,1074109364,443,56599,TCP,1521118750462118,1500,4,5,0,23438,2,0,49,57082
2146585429,3449290155,443,56599,TCP,1521118750462121,168,4,5,0,0,2,0,244,61385
2581081802,3455831494,11111,57237,UDP,1521118750462123,1455,4,5,0,27422,0,0,118,28603
2488517664,2270145455,443,15827,TCP,1521118750462124,1500,4,5,0,24870,2,0,243,38274
284281003,1074109364,80,63403,TCP,1521118750462126,1500,4,5,8,45161,2,0,59,54356
2087007426,2270145467,443,22593,TCP,1521118750462127,303,4,5,0,17187,2,0,118,56435
1054369973,846840993,443,26855,TCP,1521118750462128,52,4,5,0,37436,2,0,46,7136
1888477880,4041960588,18358,32714,UDP,1521118750462132,1466,4,5,0,27082,0,0,117,9641
1235507416,3617835504,53,28079,UDP,1521118750462133,77,4,5,0,9168,2,0,117,40383
738263513,1074109364,443,56599,TCP,1521118750462133,1500,4,5,0,23439,2,0,49,57081
1260226579,1962334022,9482,38566,TCP,1521118750462135,142,4,5,0,58044,2,0,58,15936
738263513,1074109364,443,56599,TCP,1521118750462135,1500,4,5,0,23440,2,0,49,57080
3453525675,283451530,52535,443,TCP,1521118750462137,52,4,5,0,39981,2,0,56,2212
284281003,1074109364,80,63403,TCP,1521118750462138,1500,4,5,8,45162,2,0,59,54355
3756983470,3335624920,443,51663,TCP,1521118750462139,40,4,5,0,29010,2,0,56,36150
268955756,3261364847,80,27703,TCP,1521118750462139,1452,4,5,0,51231,2,0,54,14821
2005170341,3453168018,443,50552,TCP,1521118750462141,1400,4,5,0,41411,2,0,247,62764
2488517664,2270145455,443,15827,TCP,1521118750462142,1500,4,5,0,24871,2,0,243,38273
2005170341,3453168018,443,50552,TCP,1521118750462144,1400,4,5,0,41412,2,0,247,62763
2005170341,3453168018,443,50552,TCP,1521118750462146,1400,4,5,0,41413,2,0,247,62762
2005170341,3453168018,443,50552,TCP,1521118750462147,1400,4,5,0,41414,2,0,247,62761
3756983470,3335624920,443,51663,TCP,1521118750462148,40,4,5,0,29011,2,0,56,36149
133032595,3445813100,51987,1485,UDP,1521118750462148,1426,4,5,24,11174,2,0,56,25165
3585853424,3569571009,443,45013,TCP,1521118750462149,357,4,5,0,47007,2,0,54,50370
3741785781,3978971491,443,26670,TCP,1521118750462150,52,4,5,0,58406,2,0,248,27218
284281003,1074109364,80,63403,TCP,1521118750462151,1500,4,5,8,45163,2,0,59,54354
133032595,3445813100,51987,1485,UDP,1521118750462153,1484,4,5,24,11175,2,0,56,25106
133032595,3445813100,51987,1485,UDP,1521118750462158,1426,4,5,24,11176,2,0,56,25163
284281003,1074109364,80,63403,TCP,1521118750462161,1500,4,5,8,45164,2,0,59,54353
3310683221,2317271739,53,34056,UDP,1521118750462162,1473,4,5,0,62385,0,0,59,28662
1226531599,3978971495,443,60492,TCP,1521118750462163,52,4,5,0,29553,2,0,240,13462
1904779786,3608918986,12515,26454,UDP,1521118750462165,1466,4,5,0,24982,0,0,117,14372
744233608,3350327856,31454,80,TCP,1521118750462167,52,4,5,0,894,2,0,241,34175
268955756,3261364847,80,27703,TCP,1521118750462174,1452,4,5,0,51232,2,0,54,14820
3672219438,1074109429,443,59492,TCP,1521118750462175,52,4,5,0,49515,2,0,60,10062
284281003,1074109364,80,63403,TCP,1521118750462176,1500,4,5,8,45165,2,0,59,54352
2279546810,3473494234,80,51409,TCP,1521118750462178,52,4,5,0,0,2,0,55,31815
132803794,3242272814,80,33098,TCP,1521118750462181,1420,4,5,8,1214,2,0,59,55162
3291751922,3338140765,15151,49155,UDP,1521118750462182,378,4,5,0,14368,0,0,57,39639
133032595,3445813100,51987,1485,UDP,1521118750462183,1426,4,5,24,11177,2,0,56,25162
132803794,3242272814,80,33098,TCP,1521118750462185,1420,4,5,8,1215,2,0,59,55161
284281003,1074109364,80,63403,TCP,1521118750462186,1500,4,5,8,45166,2,0,59,54351
2116530499,3890314025,80,63403,TCP,1521118750462188,120,4,5,8,34336,0,0,55,27318
2087007426,2270145478,443,22235,TCP,1521118750462190,303,4,5,0,18917,2,0,116,55206
2146585429,3449290155,443,22235,TCP,1521118750462195,168,4,5,0,0,2,0,244,61385
284281003,1074109364,80,63403,TCP,1521118750462201,1500,4,5,8,45167,2,0,59,54350
2488517664,2270145455,443,15827,TCP,1521118750462203,1500,4,5,0,24872,2,0,243,38272
2005170349,842551839,443,50616,TCP,1521118750462205,40,4,5,0,48841,2,0,247,20605
3885269702,3223197176,80,64719,TCP,1521118750462206,1400,4,5,0,59478,2,0,54,5816
3885269702,3223197176,80,64719,TCP,1521118750462207,469,4,5,0,59479,2,0,54,6746
268955756,3261364847,80,27703,TCP,1521118750462208,1452,4,5,0,51233,2,0,54,14819
1623011302,3472982775,80,51854,TCP,1521118750462212,1492,4,5,0,29667,2,0,57,58788
718026843,3453656666,7006,51646,TCP,1521118750462213,52,4,5,8,53529,2,0,54,42054
284281003,1074109364,80,63403,TCP,1521118750462213,1500,4,5,8,45168,2,0,59,54349
2488517664,2270145455,443,15827,TCP,1521118750462223,1500,4,5,0,24874,2,0,243,38270
1623011302,3472982775,80,51854,TCP,1521118750462225,1492,4,5,0,29668,2,0,57,58787
284281003,1074109364,80,63403,TCP,1521118750462227,1500,4,5,8,45169,2,0,59,54348
2488517664,2270145455,443,15827,TCP,1521118750462228,1500,4,5,0,24875,2,0,243,38269
2487531534,3446786040,443,50041,TCP,1521118750462229,60,4,5,0,0,2,0,58,24319
268955756,3261364847,80,27703,TCP,1521118750462233,1452,4,5,0,51234,2,0,54,14818
4080423191,3890314078,53,24841,UDP,1521118750462236,71,4,5,0,19752,2,0,112,5616
284281003,1074109364,80,63403,TCP,1521118750462237,1500,4,5,8,45170,2,0,59,54347
4106699041,3347600936,109,36787,UDP,1521118750462240,1473,4,5,0,37714,2,0,56,22080
738668964,3978971495,443,4976,TCP,1521118750462241,52,4,5,0,15496,2,0,240,47614
2488517664,2270145455,443,15827,TCP,1521118750462244,1500,4,5,0,24876,2,0,243,38268
3312655111,3349898463,80,63517,TCP,1521118750462245,40,4,5,0,59657,2,0,58,19137
3808661886,3390572482,554,63313,TCP,1521118750462246,1140,4,5,0,26542,2,0,121,20345
3808661886,3390572482,554,63313,TCP,1521118750462247,277,4,5,0,26543,2,0,121,21207
284297911,1074109238,9500,46313,TCP,1521118750462263,117,4,5,0,36530,2,0,54,48876
268955756,3261364847,80,27703,TCP,1521118750462265,1452,4,5,0,51235,2,0,54,14817
2488517664,2270145455,443,15827,TCP,1521118750462266,1500,4,5,0,24877,2,0,243,38267
2146585429,3449290155,443,15827,TCP,1521118750462268,168,4,5,0,0,2,0,244,61385
2005801108,3450102589,443,45200,UDP,1521118750462269,1378,4,5,8,0,2,0,58,31359
3741785781,3978971486,443,47694,TCP,1521118750462272,52,4,5,0,54201,2,0,248,31428
1904779786,3608918986,12515,26454,UDP,1521118750462285,1466,4,5,0,24983,0,0,117,14371
2409465671,3390887361,80,51361,TCP,1521118750462287,1500,4,5,0,26837,2,0,58,7044
2409465671,3390887361,80,51361,TCP,1521118750462288,1500,4,5,0,26838,2,0,58,7043
2488517664,2270145455,443,15827,TCP,1521118750462289,1500,4,5,0,24879,2,0,243,38265
3315153477,1235565354,61426,445,TCP,1521118750462290,40,4,5,0,20941,2,0,113,13141
268955756,3261364847,80,27703,TCP,1521118750462293,1452,4,5,0,51236,2,0,54,14816
2279000371,3242286394,80,51666,TCP,1521118750462298,1476,4,5,0,64663,2,0,59,52758
3787812971,2336078883,443,33657,TCP,1521118750462299,44,4,5,0,794,2,0,247,59167
1250980814,3334526798,13968,23093,UDP,1521118750462302,48,4,5,20,30843,0,0,118,28608
1355977744,3390875008,1024,43600,UDP,1521118750462305,48,4,5,0,5805,0,0,116,56208
718026843,3453656666,7006,51646,TCP,1521118750462306,64,4,5,8,53530,2,0,54,42041
265288576,0,7006,51646,TCP,1521118750462313,0,6,0,0,141,0,4405,223,59132
1190350443,3390900748,80,59446,TCP,1521118750462313,272,4,5,0,24900,2,0,53,31260
1438192402,2343838370,28238,33276,UDP,1521118750462316,1456,4,5,0,18615,0,0,117,57444
1303952863,3641371901,443,53662,TCP,1521118750462320,1354,4,5,0,44050,2,0,60,48123
3305445741,3349797953,15075,65181,TCP,1521118750462323,40,4,5,0,0,2,0,51,50546
2488517664,2270145455,443,15827,TCP,1521118750462325,1500,4,5,0,24882,2,0,243,38262
3523515611,3617732911,63614,443,TCP,1521118750462330,40,4,5,0,25104,2,0,122,9998
2279000374,4041192770,443,52295,TCP,1521118750462331,1438,4,5,0,1683,2,0,59,15512
2409465671,3390887361,80,51361,TCP,1521118750462335,1500,4,5,0,26839,2,0,58,7042
2409465671,3390887361,80,51361,TCP,1521118750462337,1129,4,5,0,26840,2,0,58,7412
743848427,3338138089,443,36668,TCP,1521118750462338,52,4,5,0,13029,2,0,240,14524
2502583597,3260418255,9212,28225,UDP,1521118750462340,52,4,5,0,182,0,0,248,64645
209847208,3472952779,443,55416,UDP,1521118750462343,1497,4,5,0,38737,0,0,245,15308
2279000374,4041192770,443,52295,TCP,1521118750462345,1438,4,5,0,1684,2,0,59,15511
1683324237,3348718722,27032,56489,TCP,1521118750462347,52,4,5,0,3500,2,0,117,59993
2488517664,2270145455,443,15827,TCP,1521118750462348,1500,4,5,0,24883,2,0,243,38261
2116530499,3890314025,443,15827,TCP,1521118750462352,120,4,5,8,34338,0,0,55,27316
2137332953,3618763446,54498,27593,UDP,1521118750462353,65,4,5,0,681,2,0,123,38492
1442308795,3453501923,443,58972,TCP,1521118750462357,40,4,5,0,54816,2,0,48,11329
2581081802,3455831494,11111,57237,UDP,1521118750462359,1455,4,5,0,27423,0,0,118,28602
2146585429,3449290155,11111,57237,UDP,1521118750462360,168,4,5,0,0,2,0,244,61385
269242589,3978971496,443,57684,TCP,1521118750462367,52,4,5,0,19783,2,0,58,23553
2488517664,2270145455,443,15827,TCP,1521118750462371,1500,4,5,0,24884,2,0,243,38260
739920824,1962334036,443,43162,TCP,1521118750462376,1342,4,5,0,59739,2,0,240,55360
1438192402,2343838370,28238,33276,UDP,1521118750462380,1456,4,5,0,18616,0,0,117,57443
3291145430,4094965799,37114,9050,TCP,1521118750462387,52,4,5,0,40843,2,0,58,52219
3756983470,3335624920,443,51663,TCP,1521118750462388,40,4,5,0,29012,2,0,56,36148
2488517664,2270145455,443,15827,TCP,1521118750462389,1500,4,5,0,24883,2,0,243,38261
1544610339,3445759478,20434,26559,UDP,1521118750462393,48,4,5,0,6408,0,0,117,809
1303952863,3641371901,443,53662,TCP,1521118750462394,1354,4,5,0,44051,2,0,60,48122
3877058099,4030665138,443,53662,TCP,1521118750462418,168,4,5,32,27986,0,0,248,13685
2146585429,3449290155,443,53662,TCP,1521118750462420,168,4,5,0,0,2,0,244,61385
2199437178,3399954127,37598,6881,UDP,1521118750462421,48,4,5,0,19729,0,0,113,49314
548742046,3350287951,443,52356,TCP,1521118750462425,40,4,5,0,7029,2,0,119,34311
1303952863,3641371901,443,53662,TCP,1521118750462427,1354,4,5,0,44052,2,0,60,48121
139152361,3349797979,443,62166,TCP,1521118750462428,91,4,5,0,58055,0,0,246,59803
2488517664,2270145455,443,15827,TCP,1521118750462429,1500,4,5,0,24885,2,0,243,38259
2258940778,3978971487,2515,2412,TCP,1521118750462434,52,4,5,0,22687,2,0,58,30604
2198041738,3608324562,443,42895,TCP,1521118750462435,1460,4,5,0,1941,2,0,56,48444
2198041738,3608324562,443,42895,TCP,1521118750462439,1460,4,5,0,1942,2,0,56,48443
269242584,3978971494,443,5624,TCP,1521118750462442,1480,4,5,0,53301,2,0,58,54149
269242584,3978971494,443,5624,TCP,1521118750462443,1480,4,5,0,53302,2,0,58,54148
1355414065,3391028792,27465,59173,UDP,1521118750462445,48,4,5,0,3466,0,0,117,9441
2488517664,2270145455,443,15827,TCP,1521118750462449,1500,4,5,0,24886,2,0,243,38258
3801788594,3454820213,443,48675,TCP,1521118750462451,1280,4,5,0,52761,2,0,55,45103
4006383990,3451487821,110,37116,TCP,1521118750462453,1492,4,5,0,61875,2,0,55,30758
3801788594,3454820213,443,48675,TCP,1521118750462454,1280,4,5,0,52762,2,0,55,45102
3315153477,1235565354,61426,445,TCP,1521118750462455,177,4,5,0,20942,2,0,113,13003
3969007346,3223193565,53,61822,UDP,1521118750462457,232,4,5,0,0,2,0,58,19589
2258940776,3978971491,2515,18488,TCP,1521118750462457,52,4,5,0,42338,2,0,58,10951
3282057536,3390981058,53773,6881,UDP,1521118750462460,48,4,5,0,11540,0,0,119,3048
1536528792,3349791224,35304,51144,TCP,1521118750462463,1500,4,5,0,8818,2,0,114,27098
1190350580,3618109540,443,38214,TCP,1521118750462467,159,4,5,0,18473,2,0,53,38716
1190350580,3618109540,443,38214,TCP,1521118750462467,46,4,5,0,18474,2,0,53,38828
1190350580,3618109540,443,38214,TCP,1521118750462467,85,4,5,0,18475,2,0,53,38788
122023110,3474201471,27032,48758,TCP,1521118750462470,40,4,5,0,7097,2,0,119,2424
282019061,1962334183,56947,9050,TCP,1521118750462472,96,4,5,0,2869,2,0,58,37569
739849429,3978971495,443,60994,TCP,1521118750462473,1500,4,5,0,22777,2,0,240,38050
1898886974,3353372333,53368,36725,UDP,1521118750462474,48,4,5,0,2600,0,0,116,58778
1590071424,0,53368,36725,UDP,1521118750462479,0,6,0,0,354,0,4407,217,5632
133032595,3445813100,51987,1485,UDP,1521118750462480,1426,4,5,24,11178,2,0,56,25161
2525376330,3391053466,12216,52599,TCP,1521118750462490,168,4,5,0,205,2,0,110,7417
2488517664,2270145455,443,15827,TCP,1521118750462495,1500,4,5,0,24886,2,0,243,38258
1066611798,2270145425,443,10201,TCP,1521118750462496,52,4,5,0,52371,2,0,242,5478
2258940777,3978971498,2515,10158,TCP,1521118750462499,52,4,5,0,61106,2,0,58,57710
269242589,3978971496,443,57684,TCP,1521118750462499,272,4,5,0,19784,2,0,58,23332
268938061,3390571623,80,53662,TCP,1521118750462503,1140,4,5,0,12939,2,0,54,33829
739849429,3978971495,443,60994,TCP,1521118750462504,106,4,5,0,22778,2,0,240,39443
1438192402,2343838370,28238,33276,UDP,1521118750462506,1456,4,5,0,18617,0,0,117,57442
2165821806,3455660420,443,54334,TCP,1521118750462509,52,4,5,0,19637,2,0,58,41483
1904779786,3608918986,12515,26454,UDP,1521118750462512,1466,4,5,0,24984,0,0,117,14370
2146585429,3449290155,12515,26454,UDP,1521118750462513,168,4,5,0,0,2,0,244,61385
2488517664,2270145455,443,15827,TCP,1521118750462513,1500,4,5,0,24887,2,0,243,38257
738387842,3349741957,443,58206,TCP,1521118750462518,40,4,5,0,20772,2,0,240,23800
2258940747,3978971486,2515,9230,TCP,1521118750462518,52,4,5,0,39409,2,0,58,13914
269242589,3978971496,443,57684,TCP,1521118750462522,83,4,5,0,19785,2,0,58,23520
269242589,3978971496,443,57684,TCP,1521118750462526,52,4,5,0,19786,2,0,58,23550
2396475794,3452387182,58974,24411,UDP,1521118750462531,58,4,5,0,2546,0,0,122,18722
2488517664,2270145455,443,15827,TCP,1521118750462532,1500,4,5,0,24888,2,0,243,38256
2510188506,3334584144,9375,58618,TCP,1521118750462533,1400,4,5,0,17095,2,0,54,31022
1286694856,3571693341,80,49937,TCP,1521118750462537,103,4,5,0,58830,2,0,56,7240
517385465,3571853948,80,49815,TCP,1521118750462539,1492,4,5,0,60147,2,0,59,33790
2116530499,3890314025,80,49815,TCP,1521118750462540,120,4,5,8,34342,0,0,55,27312
2005836005,4030665149,443,18636,UDP,1521118750462552,64,4,5,0,0,2,0,58,9789
2146585429,3449290155,443,18636,UDP,1521118750462553,168,4,5,0,0,2,0,244,61385
3542516066,4030665149,443,52920,UDP,1521118750462561,1378,4,5,0,0,2,0,58,58629
2570437311,3396737565,3478,2823,UDP,1521118750462564,116,4,5,0,37369,0,0,57,44791
261097415,2205392965,2003,59920,UDP,1521118750462590,1466,4,5,0,32051,0,0,114,35568
1053953745,3617785708,443,43158,TCP,1521118750462594,91,4,5,0,34909,2,0,237,55436
3585067731,3484897676,443,55131,TCP,1521118750462594,109,4,5,0,57915,2,0,54,41096
1323903755,3390917509,9305,9305,UDP,1521118750462598,490,4,5,0,60506,0,0,55,1554
138701718,3233185819,80,49234,TCP,1521118750462601,1347,4,5,0,39154,0,0,246,29206
138701718,3233185819,80,49234,TCP,1521118750462602,1347,4,5,0,39155,0,0,246,29205
2116530499,3890314025,80,49234,TCP,1521118750462611,152,4,5,8,34343,0,0,55,27279
1181216759,3390572226,80,4701,TCP,1521118750462615,52,4,5,0,58188,2,0,120,6206
3350480562,3447595242,13760,51219,TCP,1521118750462618,52,4,5,0,27424,2,0,118,40148
3672228912,1962334038,443,52936,TCP,1521118750462619,459,4,5,0,62001,2,0,61,24220
2299471786,3446796532,443,49772,TCP,1521118750462621,40,4,5,0,2403,2,0,49,53581
1904779786,3608918986,12515,26454,UDP,1521118750462625,1466,4,5,0,24985,0,0,117,14369
2377634709,3390574614,443,2395,TCP,1521118750462627,1140,4,5,0,36834,2,0,60,28454
2377634709,3390574614,443,2395,TCP,1521118750462629,1140,4,5,0,36835,2,0,60,28453
1826975775,3230106520,62028,50484,UDP,1521118750462630,1308,4,5,8,20423,0,0,117,53213
3672228912,1962334038,443,52936,TCP,1521118750462632,1500,4,5,0,62002,2,0,61,23178
2313830813,3978971486,43016,443,TCP,1521118750462633,52,4,5,0,25194,2,0,50,58441
1438192402,2343838370,28238,33276,UDP,1521118750462634,1456,4,5,0,18618,0,0,117,57441
1176241601,3447619177,56651,22,TCP,1521118750462637,40,4,5,0,8160,2,0,115,20523
3672228912,1962334038,443,52936,TCP,1521118750462640,1128,4,5,0,62003,2,0,61,23549
2146585429,3449290155,443,52936,TCP,1521118750462642,168,4,5,0,0,2,0,244,61385
1777148752,3607368426,60745,16865,UDP,1521118750462643,1455,4,5,0,12321,0,0,116,39409
356827871,3617784879,443,49301,TCP,1521118750462647,52,4,5,0,40602,2,0,241,14131
743723064,2321226550,80,62769,TCP,1521118750462657,1440,4,5,0,25118,2,0,246,64283
3584891820,3623864322,5222,33007,TCP,1521118750462658,52,4,5,0,6780,2,0,54,39148
743723064,2321226550,80,62769,TCP,1521118750462661,1440,4,5,0,25119,2,0,246,64282
3556624603,3334585048,62527,27211,UDP,1521118750462666,289,4,5,0,9840,2,0,122,47848
795691610,3978971490,443,44186,TCP,1521118750462667,1500,4,5,0,6149,2,0,240,48322
795691610,3978971490,443,44186,TCP,1521118750462671,1500,4,5,0,6150,2,0,240,48321
1190350625,3390572282,80,9212,TCP,1521118750462672,40,4,5,0,0,2,0,53,57001
3741520606,2325255001,8520,2258,TCP,1521118750462676,873,4,5,0,60155,2,0,60,16576
3307379311,3447595366,443,9371,TCP,1521118750462685,1400,4,5,0,14929,2,0,55,46520
795691610,3978971490,443,44186,TCP,1521118750462686,1500,4,5,0,6151,2,0,240,48320
2087007434,2270145422,443,32080,TCP,1521118750462687,303,4,5,0,16680,2,0,116,57491
269242602,3978971498,80,13700,TCP,1521118750462688,52,4,5,0,59488,2,0,58,49368
1280619379,3572034662,8002,36134,TCP,1521118750462689,1372,4,5,0,57101,2,0,58,39799
1286694856,3571693341,80,49937,TCP,1521118750462692,90,4,5,0,58843,2,0,56,7240
3307379311,3447595366,443,9371,TCP,1521118750462697,1400,4,5,0,14930,2,0,55,46519
2116530499,3890314025,443,9371,TCP,1521118750462698,120,4,5,8,34345,0,0,55,27309
3307379311,3447595366,443,9371,TCP,1521118750462700,1400,4,5,0,14931,2,0,55,46518
3307379311,3447595366,443,9371,TCP,1521118750462705,1400,4,5,0,14932,2,0,55,46517
3537720856,4225762789,18873,39002,TCP,1521118750462707,1434,4,5,0,11238,2,0,115,43964
3537720856,4225762789,18873,39002,TCP,1521118750462708,312,4,5,0,11239,2,0,115,45085
360214362,3484684186,443,37857,TCP,1521118750462708,40,4,5,0,16025,2,0,241,59157
2087007436,2270145422,443,40509,TCP,1521118750462714,303,4,5,0,27859,2,0,118,45798
795691610,3978971490,443,44186,TCP,1521118750462717,1500,4,5,0,6152,2,0,240,48319
795691610,3978971490,443,44186,TCP,1521118750462721,1500,4,5,0,6153,2,0,240,48318
1053826482,1074109418,443,59292,TCP,1521118750462722,52,4,5,0,22154,2,0,237,65223
796641642,3338559226,443,33758,TCP,1521118750462732,52,4,5,0,6493,2,0,238,21640
795092544,3978971495,443,61546,TCP,1521118750462737,52,4,5,0,25954,2,0,240,39211
799062033,3978971499,443,3442,TCP,1521118750462740,1425,4,5,0,27158,2,0,240,64776
795691610,3978971490,443,44186,TCP,1521118750462746,1500,4,5,0,6154,2,0,240,48317
795691610,3978971490,443,44186,TCP,1521118750462748,690,4,5,0,6155,2,0,240,49126
3556623735,3260417919,55659,27163,UDP,1521118750462748,134,4,5,0,5127,2,0,122,35093
739954189,3978971493,443,54460,TCP,1521118750462749,52,4,5,0,16015,2,0,240,7037
1280628307,3349715170,54973,42724,UDP,1521118750462749,640,4,5,0,9087,2,0,122,22459
2359938961,1962334020,443,53131,TCP,1521118750462751,1500,4,5,0,46086,2,0,58,56991
1904779786,3608918986,12515,26454,UDP,1521118750462752,1466,4,5,0,24986,0,0,117,14368
3756983470,3335624920,443,51663,TCP,1521118750462754,40,4,5,0,29013,2,0,56,36147
3526909226,3607623181,63076,61039,UDP,1521118750462756,1301,4,5,0,26226,2,0,120,39661
3556624603,4225820023,62527,43193,UDP,1521118750462757,1286,4,5,0,24697,2,0,122,7484
3556624603,4225820023,62527,43193,UDP,1521118750462758,289,4,5,0,24698,2,0,122,8480
2258940746,3978971484,2515,64454,TCP,1521118750462758,52,4,5,0,35349,2,0,58,17977
1438192402,2343838370,28238,33276,UDP,1521118750462759,1456,4,5,0,18619,0,0,117,57440
3526909226,3607623181,63076,61039,UDP,1521118750462760,490,4,5,0,26227,2,0,120,40471
2359938961,1962334020,443,53131,TCP,1521118750462765,1500,4,5,0,46087,2,0,58,56990
3335984953,3455737260,24323,26139,UDP,1521118750462769,48,4,5,0,29546,0,0,116,51611
3741785781,3978971498,443,22060,TCP,1521118750462770,464,4,5,0,54220,2,0,248,30985
2359938961,1962334020,443,53131,TCP,1521118750462771,1321,4,5,0,46088,2,0,58,57168
743724631,3350286972,443,26473,TCP,1521118750462773,1492,4,5,0,25933,2,0,246,31997
4275596153,4099511609,15044,48458,UDP,1521118750462774,35,4,5,0,20234,2,0,54,475
743724631,3350286972,443,26473,TCP,1521118750462777,1492,4,5,0,25934,2,0,246,31996
3331067285,1074109370,64566,80,TCP,1521118750462783,52,4,5,0,3406,2,0,48,36245
596214323,3452100516,6881,22106,UDP,1521118750462792,1430,4,5,0,13179,0,0,55,63416
1053915417,3455716153,443,55048,TCP,1521118750462793,40,4,5,0,18834,2,0,237,45855
596214323,3452100516,6881,22106,UDP,1521118750462796,1430,4,5,0,43810,0,0,55,32785
3310683221,2317271739,53,34056,UDP,1521118750462800,1473,4,5,0,62386,0,0,59,28661
1053193846,2205392970,1003,2831,TCP,1521118750462803,40,4,5,0,43714,2,0,49,50707
1262728167,3570046487,7075,2169,UDP,1521118750462812,204,4,5,0,4587,2,0,58,50217
2209280783,3441489858,443,58195,TCP,1521118750462813,60,4,5,0,0,2,0,56,1819
2571612642,3443994508,443,63519,TCP,1521118750462815,1452,4,5,0,3520,2,0,52,60302
2571612642,3443994508,443,63519,TCP,1521118750462816,1452,4,5,0,3521,2,0,52,60301
2396475794,3452387182,58974,24411,UDP,1521118750462818,58,4,5,0,2547,0,0,122,18721
2146585429,3449290155,58974,24411,UDP,1521118750462824,168,4,5,0,0,2,0,244,61385
795164706,3978971499,443,5804,TCP,1521118750462826,52,4,5,0,24198,2,0,240,34336
738434835,3978971485,443,27314,TCP,1521118750462829,52,4,5,0,62317,2,0,240,38327
2087007429,2270145467,443,36461,TCP,1521118750462831,303,4,5,0,10907,2,0,116,63224
800783747,3347702009,443,46485,TCP,1521118750462838,64,4,5,0,14445,2,0,237,32649
1053193846,2205392970,1003,2831,TCP,1521118750462841,615,4,5,0,43715,2,0,49,50131
1053193846,2205392970,1003,2831,TCP,1521118750462841,40,4,5,0,43716,2,0,49,50705
1920262614,3349763613,8000,52687,TCP,1521118750462860,1093,4,5,0,48922,2,0,57,3207
1054369973,846840993,443,26855,TCP,1521118750462861,52,4,5,0,37437,2,0,46,7135
1190350650,3390574858,80,57557,TCP,1521118750462862,306,4,5,0,55480,2,0,53,64189
3585067731,3484897676,443,55131,TCP,1521118750462870,363,4,5,0,57951,2,0,54,40806
738880355,3571853918,443,51074,TCP,1521118750462870,549,4,5,0,6503,2,0,238,55993
2571612642,3443994508,443,63519,TCP,1521118750462871,1452,4,5,0,3522,2,0,52,60300
2571612642,3443994508,443,63519,TCP,1521118750462872,1452,4,5,0,3523,2,0,52,60299
2116530499,3890314025,443,63519,TCP,1521118750462873,120,4,5,8,34348,0,0,55,27306
2510184658,3349796410,443,29605,TCP,1521118750462878,1460,4,5,0,6793,2,0,54,36966
3294383230,1962334026,443,41130,TCP,1521118750462880,52,4,5,0,17257,2,0,58,41023
1054100237,3450218702,443,45456,TCP,1521118750462882,52,4,5,0,9946,2,0,238,58771
4031978061,3335621977,587,34830,TCP,1521118750462887,60,4,5,0,1558,2,0,119,40666
2147398133,2270145428,53,13440,UDP,1521118750462893,96,4,5,0,18802,2,0,60,36931
738387842,3349741957,443,58206,TCP,1521118750462895,1480,4,5,0,20773,2,0,240,22359
843787052,3223298555,8080,26345,TCP,1521118750462896,68,4,5,0,38315,2,0,59,60022
738387842,3349741957,443,58206,TCP,1521118750462897,1480,4,5,0,20774,2,0,240,22358
1226365253,3978971498,443,28454,TCP,1521118750462898,52,4,5,0,1572,2,0,240,11181
2005490896,1962334023,443,47026,TCP,1521118750462898,60,4,5,0,0,2,0,59,7973
3306889459,3453655318,443,60109,TCP,1521118750462904,898,4,5,0,64693,2,0,61,61632
1904779786,3608918986,12515,26454,UDP,1521118750462906,1466,4,5,0,24987,0,0,117,14367
843787052,3223298555,8080,26353,TCP,1521118750462907,204,4,5,0,15950,2,0,59,16716
796554782,2321225282,443,35796,TCP,1521118750462909,52,4,5,0,37502,2,0,46,29712
2087007443,2270145447,443,32354,TCP,1521118750462912,303,4,5,0,32683,2,0,118,40942
738387842,3349741957,443,58206,TCP,1521118750462914,1256,4,5,0,20775,2,0,240,22581
2146585429,3449290155,443,58206,TCP,1521118750462918,168,4,5,0,0,2,0,244,61385
3741785781,3978971499,443,40440,TCP,1521118750462920,466,4,5,0,3772,2,0,248,15895
2171824538,843176081,53047,445,TCP,1521118750462924,40,4,5,0,9197,2,0,111,61954
1792512152,3451333386,465,55755,TCP,1521118750462931,40,4,5,0,0,2,0,53,20895
1791216486,3391002542,443,12876,TCP,1521118750462932,1500,4,5,0,13543,2,0,55,28990
1262595578,2338150363,13311,10086,UDP,1521118750462933,48,4,5,0,24514,0,0,120,1671
3776263888,3348655255,51448,61502,UDP,1521118750462933,1223,4,5,0,16103,0,0,117,46633
1262410238,4095118667,80,2421,TCP,1521118750462943,52,4,5,0,33533,2,0,55,6696
269242575,3978971484,80,19486,TCP,1521118750462956,52,4,5,0,24644,2,0,58,18718
1791216486,3391002542,443,12876,TCP,1521118750462958,1500,4,5,0,13544,2,0,55,28989
3754987350,3335625669,80,34961,TCP,1521118750462959,52,4,5,0,11001,2,0,54,18445
2296595644,3232148197,49949,22,TCP,1521118750462962,104,4,5,0,63981,2,0,51,5239
742294628,3445812877,443,1160,TCP,1521118750462963,1364,4,5,0,63772,2,0,237,8948
796386185,4109946223,443,34437,TCP,1521118750462964,40,4,5,0,64258,2,0,237,48483
1962370036,1962334114,51353,1485,UDP,1521118750462965,480,4,5,24,52791,2,0,58,19257
795154889,3978971498,443,35314,TCP,1521118750462968,52,4,5,0,29351,2,0,241,38745
752768019,3571889597,443,4018,TCP,1521118750462969,40,4,5,0,47153,2,0,239,51208
795691610,3978971490,443,44186,TCP,1521118750462969,1500,4,5,0,6156,2,0,240,48315
742294628,3445812877,443,1160,TCP,1521118750462971,1364,4,5,0,63773,2,0,237,8947
742294628,3445812877,443,1160,TCP,1521118750462974,408,4,5,0,63774,2,0,237,9902
1655738623,3618736879,64760,1028,UDP,1521118750462974,48,4,5,0,8435,0,0,116,53113
1886202460,2320218392,6882,46891,TCP,1521118750462976,40,4,5,0,32034,2,0,54,59776
1355805808,3352065923,51413,40811,TCP,1521118750462979,40,4,5,0,51294,2,0,52,63969
795691610,3978971490,443,44186,TCP,1521118750462979,1500,4,5,0,6157,2,0,240,48314
2544887933,1074109385,80,51055,TCP,1521118750462982,161,4,5,0,57907,2,0,240,19495
3672239314,1962334109,60584,9043,UDP,1521118750462987,621,4,5,0,8330,2,0,61,1710
517385572,4093843478,80,50531,TCP,1521118750462988,1450,4,5,2,57210,2,0,59,33405
3672201788,1962334023,443,40308,TCP,1521118750462989,1123,4,5,0,62043,2,0,61,50653
517385572,4093843478,80,50531,TCP,1521118750462990,1450,4,5,2,57211,2,0,59,33404
2146585429,3449290155,80,50531,TCP,1521118750462992,168,4,5,0,0,2,0,244,61385
3502185778,3978971497,443,50230,TCP,1521118750462992,103,4,5,0,64149,2,0,231,29813
2510184658,3349796410,443,29605,TCP,1521118750462995,1460,4,5,0,6794,2,0,54,36965
3756983470,3335624920,443,51663,TCP,1521118750463009,40,4,5,0,29014,2,0,56,36146
1264559323,3390943460,10008,3659,UDP,1521118750463009,304,4,5,0,57772,2,0,58,62163
266795606,3447595075,51681,14074,TCP,1521118750463009,64,4,5,0,37616,2,0,48,49097
742294628,3445812877,443,1160,TCP,1521118750463010,407,4,5,0,63775,2,0,237,9902
3585093850,3452633896,5222,26326,TCP,1521118750463013,52,4,5,0,37308,2,0,54,56201
3585080800,3451530790,443,50856,TCP,1521118750463016,52,4,5,0,15907,2,0,54,14128
3527255911,4030665106,443,37352,UDP,1521118750463019,1378,4,5,0,0,2,0,58,49172
795691610,3978971490,443,44186,TCP,1521118750463025,1500,4,5,0,6158,2,0,240,48313
738199492,3978971484,443,61196,TCP,1521118750463033,52,4,5,0,51289,2,0,241,22303
1875364670,3222710064,8766,51209,UDP,1521118750463033,63,4,5,0,41576,2,0,53,249
1927536756,3618743570,27931,26339,TCP,1521118750463033,52,4,5,0,15690,2,0,115,64093
1350970328,1962333960,27931,26339,TCP,1521118750463036,68,4,5,8,41334,0,0,46,8926
1703183888,4104016765,22369,27962,UDP,1521118750463040,1453,4,5,0,4458,0,0,118,64037
2209280776,3336346690,443,65432,TCP,1521118750463041,40,4,5,0,1746,2,0,55,25384
1567935351,3232148695,56563,14446,UDP,1521118750463042,1396,4,5,0,27407,0,0,116,16384
2211447509,3569582285,3074,3463,UDP,1521118750463044,108,4,5,0,0,0,0,51,43851
1412841542,3349794490,50038,60273,UDP,1521118750463046,88,4,5,0,22240,0,0,111,51668
1399667670,3324088337,35321,443,TCP,1521118750463047,52,4,5,0,35407,2,0,47,56318
3830398786,4093843918,424,49168,TCP,1521118750463049,80,4,5,0,31280,2,0,57,38420
2116530499,3890314025,424,49168,TCP,1521118750463049,120,4,5,8,34351,0,0,55,27303
3306889459,3453655318,443,60109,TCP,1521118750463061,1474,4,5,0,64694,2,0,61,61055
3306889459,3453655318,443,60109,TCP,1521118750463062,1474,4,5,0,64695,2,0,61,61054
3272940864,3223150537,15360,58695,UDP,1521118750463063,48,4,5,16,31258,0,0,118,51798
3306889459,3453655318,443,60109,TCP,1521118750463064,1474,4,5,0,64696,2,0,61,61053
3306889459,3453655318,443,60109,TCP,1521118750463065,1474,4,5,0,64697,2,0,61,61052
3527241872,3618741206,443,60529,UDP,1521118750463067,1378,4,5,0,0,2,0,59,33845
2209280776,3336346690,443,65432,TCP,1521118750463068,40,4,5,0,1747,2,0,55,25383
254518122,842568274,80,1856,TCP,1521118750463070,44,4,5,0,0,2,0,50,53676
2258940776,3978971484,2515,12964,TCP,1521118750463073,52,4,5,0,58538,2,0,58,60293
3306889459,3453655318,443,60109,TCP,1521118750463076,1474,4,5,0,64698,2,0,61,61051
3306889459,3453655318,443,60109,TCP,1521118750463078,1474,4,5,0,64699,2,0,61,61050
2146585429,3449290155,443,60109,TCP,1521118750463079,168,4,5,0,0,2,0,244,61385
2544887933,1074109385,80,51055,TCP,1521118750463083,1500,4,5,0,57908,2,0,240,18155
718026561,3453656485,12280,3445,UDP,1521118750463084,77,4,5,8,22307,2,0,53,8424
282578713,3569571033,443,46242,TCP,1521118750463095,83,4,5,0,65081,2,0,239,33757
2544887933,1074109385,80,51055,TCP,1521118750463096,1500,4,5,0,57909,2,0,240,18154
2278689123,3443990908,7042,52951,TCP,1521118750463098,713,4,5,0,64545,2,0,58,49684
742294628,3445812877,443,1160,TCP,1521118750463099,150,4,5,0,63776,2,0,237,10158
2048669023,2270145487,443,16618,TCP,1521118750463100,86,4,5,0,25185,2,0,247,16038
2258940512,3978971491,443,64620,TCP,1521118750463101,52,4,5,0,9926,2,0,60,43115
1962370036,1962334114,51353,1485,UDP,1521118750463102,329,4,5,24,52792,2,0,58,19407
739884718,3569566770,80,57628,TCP,1521118750463110,60,4,5,0,0,2,0,49,17919
2510184658,3349796410,443,29605,TCP,1521118750463112,1460,4,5,0,6795,2,0,54,36964
4251322546,4095130908,123,123,UDP,1521118750463119,76,4,5,0,0,2,0,53,36437
3306889459,3453655318,443,60109,TCP,1521118750463121,1474,4,5,0,64700,2,0,61,61049
3306889459,3453655318,443,60109,TCP,1521118750463122,1474,4,5,0,64701,2,0,61,61048
3306889459,3453655318,443,60109,TCP,1521118750463125,1474,4,5,0,64702,2,0,61,61047
2544887933,1074109385,80,51055,TCP,1521118750463137,975,4,5,0,57910,2,0,240,18678
3399787250,1962333995,42040,80,TCP,1521118750463138,52,4,5,0,27706,2,0,50,8913
4127149705,3348720744,26991,63320,TCP,1521118750463139,1452,4,5,0,8236,2,0,115,27029
4231985408,0,26991,63320,TCP,1521118750463140,0,6,0,128,181,0,4407,223,61391
3992027753,3473704439,443,27301,TCP,1521118750463144,1268,4,5,0,33530,2,0,88,54698
1054166311,3452139989,443,2245,TCP,1521118750463147,52,4,5,0,24241,2,0,46,6782
3584894713,3229900314,5222,60561,TCP,1521118750463153,1492,4,5,0,34765,2,0,54,39953
1067741642,3452386553,443,57298,TCP,1521118750463156,80,4,5,0,22634,2,0,237,30990
1876989196,3399953926,443,37500,TCP,1521118750463157,1452,4,5,0,51842,2,0,57,29743
1876989196,3399953926,443,37500,TCP,1521118750463159,1452,4,5,0,51843,2,0,57,29742
2269646176,3353386028,50171,63973,UDP,1521118750463160,76,4,5,0,52472,2,0,58,31475
2279000368,3455008409,443,52248,TCP,1521118750463160,1404,4,5,0,27924,2,0,59,28632
2279000368,3455008409,443,52248,TCP,1521118750463162,1404,4,5,0,27925,2,0,59,28631
2544887933,1074109385,80,51055,TCP,1521118750463163,1500,4,5,0,57911,2,0,240,18152
3584894713,3229900314,5222,60561,TCP,1521118750463164,1143,4,5,0,34766,2,0,54,40301
1226518379,3978971499,443,5036,TCP,1521118750463167,52,4,5,0,50468,2,0,241,5507
1355414065,3391028792,27465,59173,UDP,1521118750463168,48,4,5,0,3467,0,0,117,9440
1670205591,1962334184,45474,1485,UDP,1521118750463171,311,4,5,24,44856,2,0,57,36962
3756983464,3352051770,443,49338,TCP,1521118750463174,1400,4,5,0,64460,2,0,56,21781
3756983464,3352051770,443,49338,TCP,1521118750463176,1400,4,5,0,64461,2,0,56,21780
2544887933,1074109385,80,51055,TCP,1521118750463178,1500,4,5,0,57912,2,0,240,18151
751507807,3452139850,13021,39203,TCP,1521118750463179,84,4,5,0,35051,2,0,49,13185
2544887933,1074109385,80,51055,TCP,1521118750463186,1241,4,5,0,57913,2,0,240,18409
3741785781,3978971496,443,45670,TCP,1521118750463192,52,4,5,0,49922,2,0,248,35697
232381487,3352309787,5514,39811,UDP,1521118750463194,121,4,5,8,22550,2,0,46,4706
2544887933,1074109385,80,51055,TCP,1521118750463198,1500,4,5,0,57914,2,0,240,18149
1649310264,3680252856,34796,7147,UDP,1521118750463204,1466,4,5,0,30610,0,0,118,56325
1848632434,3445759478,35983,26736,UDP,1521118750463205,1453,4,5,0,24907,0,0,117,41210
3585067634,4098091960,443,5679,TCP,1521118750463212,52,4,5,0,25788,2,0,54,24553
2544887933,1074109385,80,51055,TCP,1521118750463215,1500,4,5,0,57915,2,0,240,18148
2116530499,3890314025,80,51055,TCP,1521118750463218,120,4,5,8,34354,0,0,55,27300
2544887933,1074109385,80,51055,TCP,1521118750463219,1235,4,5,0,57916,2,0,240,18412
1848632434,3445759478,35983,26736,UDP,1521118750463220,1453,4,5,0,24908,0,0,117,41209
2146585429,3449290155,35983,26736,UDP,1521118750463221,168,4,5,0,0,2,0,244,61385
3585853417,4109899919,5222,50076,TCP,1521118750463221,130,4,5,0,49859,2,0,54,54917
743723027,3608398621,443,55893,TCP,1521118750463223,1500,4,5,0,30415,2,0,246,59827
743723027,3608398621,443,55893,TCP,1521118750463226,637,4,5,0,30416,2,0,246,60689
2510184658,3349796410,443,29605,TCP,1521118750463233,1460,4,5,0,6796,2,0,54,36963
2258940777,3978971498,2515,10158,TCP,1521118750463234,52,4,5,0,61107,2,0,58,57709
742294628,3445812877,443,1160,TCP,1521118750463237,89,4,5,0,63777,2,0,237,10218
1221287377,1235565366,13208,445,TCP,1521118750463237,177,4,5,8,25508,2,0,115,30755
3457054028,3399975172,41318,34914,UDP,1521118750463241,48,4,5,0,20278,0,0,51,43392
3457054028,3399975172,41318,34914,UDP,1521118750463243,48,4,5,0,20279,0,0,51,43391
739577811,3484897725,443,56740,TCP,1521118750463248,103,4,5,0,4466,2,0,237,7874
2258940512,3978971491,443,64620,TCP,1521118750463250,272,4,5,0,9927,2,0,60,42894
1124008501,3349792049,14587,28344,UDP,1521118750463251,1466,4,5,0,23887,0,0,116,4565
3585093679,2341451651,5222,37378,TCP,1521118750463254,75,4,5,0,54620,2,0,54,9822
3756983470,3335624920,443,51663,TCP,1521118750463258,40,4,5,0,29015,2,0,56,36145
1067810782,3453696233,8108,12844,UDP,1521118750463259,413,4,5,0,35653,0,0,237,31426
2502583597,3455648731,9212,19568,UDP,1521118750463269,52,4,5,0,32761,0,0,248,30355
796758886,3455014868,443,2351,TCP,1521118750463271,1492,4,5,0,47381,2,0,46,42343
796758886,3455014868,443,2351,TCP,1521118750463272,1492,4,5,0,47382,2,0,46,42342
1756754899,3223150537,57208,27875,UDP,1521118750463275,48,4,5,0,16197,0,0,121,34312
1756754899,3223150537,57208,27875,UDP,1521118750463275,48,4,5,0,16198,0,0,121,34311
504317775,3472993356,443,59492,TCP,1521118750463279,1450,4,5,0,45332,2,0,91,34957
504317775,3472993356,443,59492,TCP,1521118750463281,1450,4,5,0,45333,2,0,91,34956
504317775,3472993356,443,59492,TCP,1521118750463282,1450,4,5,0,45334,2,0,91,34955
3995724889,3443690118,443,34559,TCP,1521118750463284,1500,4,5,0,65176,2,0,59,2359
504317775,3472993356,443,59492,TCP,1521118750463285,1450,4,5,0,45335,2,0,91,34954
2313830813,3978971486,43016,443,TCP,1521118750463286,551,4,5,0,25195,2,0,50,57941
791034041,3472992948,443,40831,TCP,1521118750463287,52,4,5,0,4082,2,0,237,39996
3885270164,3349746706,443,40750,TCP,1521118750463287,40,4,5,0,25043,2,0,54,39704
3592335979,3391036610,42278,49475,UDP,1521118750463296,96,4,5,0,31204,2,0,50,24381
3741785781,3978971486,443,47694,TCP,1521118750463298,464,4,5,0,54251,2,0,248,30966
3399787250,1962333995,42040,80,TCP,1521118750463300,52,4,5,0,27707,2,0,50,8912
718025950,2205393132,7008,35596,UDP,1521118750463301,102,4,5,9,46089,2,0,54,3179
2258940512,3978971491,443,64620,TCP,1521118750463304,83,4,5,0,9928,2,0,60,43082
2258940512,3978971491,443,64620,TCP,1521118750463307,52,4,5,0,9929,2,0,60,43112
2146585429,3449290155,443,64620,TCP,1521118750463313,168,4,5,0,0,2,0,244,61385
2087007442,2270145412,443,34646,TCP,1521118750463324,303,4,5,8,17178,2,0,116,56987
2502583597,4109952418,9212,9309,UDP,1521118750463327,52,4,5,0,17540,0,0,248,43329
2258940776,3978971484,2515,12964,TCP,1521118750463327,52,4,5,0,58539,2,0,58,60292
792610207,3352313633,443,52573,TCP,1521118750463343,1452,4,5,0,54674,2,0,246,11754
792610207,3352313633,443,52573,TCP,1521118750463346,784,4,5,0,54675,2,0,246,12421
1234923770,3568020234,443,17139,TCP,1521118750463351,128,4,5,0,54921,2,0,57,12451
2087007436,2270145485,443,14014,TCP,1521118750463353,303,4,5,0,16688,2,0,118,56906
596214323,3452100516,6881,22106,UDP,1521118750463359,1430,4,5,0,47307,0,0,55,29288
718026159,4041153797,6008,31709,UDP,1521118750463361,52,4,5,9,25622,2,0,54,29242
3992031758,3337740662,443,51466,TCP,1521118750463363,74,4,5,0,41817,2,0,88,22252
1055920624,1962334023,443,34928,TCP,1521118750463365,52,4,5,0,55136,2,0,232,7749
596214323,3452100516,6881,22106,UDP,1521118750463366,1430,4,5,0,7819,0,0,55,3241
799062033,3978971496,443,17328,TCP,1521118750463367,52,4,5,0,40809,2,0,240,52501
3672233621,3453188631,443,17328,TCP,1521118750463371,998,4,5,0,43997,2,0,59,38615
718027690,2324812107,6008,1204,UDP,1521118750463372,51,4,5,9,3047,2,0,54,30327
1054927735,3484897694,443,52444,TCP,1521118750463381,91,4,5,0,44086,2,0,237,38328
2487917456,4101968981,4379,61971,UDP,1521118750463381,194,4,5,0,27237,2,0,120,24342
1054369973,846840993,443,26855,TCP,1521118750463382,52,4,5,0,37438,2,0,46,7134
2116530499,3890314025,443,26855,TCP,1521118750463385,120,4,5,8,34359,0,0,55,27295
1962358044,4217677069,80,49418,TCP,1521118750463391,1492,4,5,0,57156,2,0,60,3930
738475953,1074109393,443,57053,TCP,1521118750463393,1065,4,5,0,23738,2,0,49,41353
1117152289,3349796571,443,57253,TCP,1521118750463394,1500,4,5,0,32403,2,0,58,30540
3307968867,3978971486,80,26336,TCP,1521118750463403,60,4,5,0,0,2,0,60,43428
3223949995,2332752498,50527,443,TCP,1521118750463405,40,4,5,0,8564,2,0,115,3594
1962358044,4217677069,80,49418,TCP,1521118750463406,1492,4,5,0,57157,2,0,60,3929
718185890,3607612824,45308,23,TCP,1521118750463408,52,4,5,0,34224,2,0,48,20483
1117152289,3349796571,443,57253,TCP,1521118750463409,1500,4,5,0,32404,2,0,58,30539
1736051658,3454817541,23004,36908,UDP,1521118750463410,48,4,5,0,30651,0,0,117,14284
3776263888,3348655255,51448,61502,UDP,1521118750463414,1223,4,5,0,16104,0,0,117,46632
1412841542,3349794490,50038,60273,UDP,1521118750463419,88,4,5,0,22241,0,0,111,51667
791075099,3448447974,9339,37899,TCP,1521118750463425,64,4,5,0,57444,2,0,237,45983
2566980002,3571996897,50893,22,TCP,1521118750463427,116,4,5,0,42363,2,0,53,55195
2146585429,3449290155,50893,22,TCP,1521118750463431,168,4,5,0,0,2,0,244,61385
1867216834,3337636618,4662,1614,TCP,1521118750463432,1480,4,5,0,25405,2,0,116,42218
2190878097,3890314056,53,49118,UDP,1521118750463434,111,4,5,0,27288,0,0,57,2965
1262595578,2338150363,13311,10086,UDP,1521118750463434,48,4,5,0,24515,0,0,120,1670
45100300,3455647813,443,52610,TCP,1521118750463444,52,4,5,0,12281,2,0,55,5585
3885270164,3349746706,443,40750,TCP,1521118750463445,40,4,5,0,25044,2,0,54,39703
2335865695,283449162,33210,80,TCP,1521118750463445,52,4,5,0,34898,2,0,55,36009
738475953,1074109393,443,57053,TCP,1521118750463448,1081,4,5,0,23739,2,0,49,41336
3523515606,3617732911,64248,443,TCP,1521118750463449,40,4,5,0,4077,2,0,122,31030
2544887933,1074109385,80,51055,TCP,1521118750463452,1500,4,5,0,57917,2,0,240,18146
3741785781,3978971496,443,23534,TCP,1521118750463460,52,4,5,0,34328,2,0,248,51291
2544887933,1074109385,80,51055,TCP,1521118750463464,1500,4,5,0,57918,2,0,240,18145
743848427,3338138089,443,36668,TCP,1521118750463470,1480,4,5,0,13030,2,0,240,13095
1692329291,3447595505,51900,26588,TCP,1521118750463471,40,4,5,0,25425,2,0,53,43237
2544887933,1074109385,80,51055,TCP,1521118750463475,1500,4,5,0,57919,2,0,240,18144
743848427,3338138089,443,36668,TCP,1521118750463477,1480,4,5,0,13031,2,0,240,13094
3527239300,4030665106,443,58518,TCP,1521118750463478,1440,4,5,0,41478,0,0,58,40638
988491314,1235558933,62442,445,TCP,1521118750463479,40,4,5,0,19983,2,0,116,58345
2544887933,1074109385,80,51055,TCP,1521118750463487,1500,4,5,0,57920,2,0,240,18143
3463803422,2324913048,53042,58855,UDP,1521118750463489,116,4,5,0,2566,0,0,115,5812
739916914,3455008281,443,26873,TCP,1521118750463489,52,4,5,0,0,2,0,240,5679
3310683221,2317271739,53,34056,UDP,1521118750463492,1473,4,5,0,62387,0,0,59,28660
1544613424,3347702637,45739,31872,UDP,1521118750463493,1451,4,5,0,15472,0,0,117,3738
739470858,3338137737,443,42785,TCP,1521118750463498,52,4,5,0,59619,2,0,235,21825
1067741642,3452386553,443,57298,TCP,1521118750463498,80,4,5,0,22635,2,0,237,30989
2544887933,1074109385,80,51055,TCP,1521118750463499,1500,4,5,0,57921,2,0,240,18142
504319534,2324810533,80,51055,TCP,1521118750463500,60,4,5,0,51326,2,0,52,48206
738475953,1074109393,443,57053,TCP,1521118750463500,105,4,5,0,23740,2,0,49,42311
743848427,3338138089,443,36668,TCP,1521118750463502,1292,4,5,0,13032,2,0,240,13281
46196614,3338136458,19184,61928,TCP,1521118750463504,1500,4,5,0,20063,2,0,122,4084
2544887933,1074109385,80,51055,TCP,1521118750463505,989,4,5,0,57922,2,0,240,18652
1756754899,3223150537,57208,27875,UDP,1521118750463506,48,4,5,0,16199,0,0,121,34310
3584891828,3223179603,5222,53557,TCP,1521118750463506,52,4,5,0,28294,2,0,54,21355
3885270164,3349746706,443,40750,TCP,1521118750463508,40,4,5,0,25045,2,0,54,39702
2492059344,3571979897,443,18693,TCP,1521118750463515,40,4,5,0,33660,0,0,244,62615
2258940776,3978971484,2515,12964,TCP,1521118750463515,52,4,5,0,58540,2,0,58,60291
138990064,3353313042,443,49818,TCP,1521118750463522,40,4,5,0,60761,0,0,251,45387
1884405105,3338140904,123,40508,UDP,1521118750463526,76,4,5,24,2517,2,0,57,17937
2544887933,1074109385,80,51055,TCP,1521118750463531,1500,4,5,0,57923,2,0,240,18140
3585866602,1962334044,80,60958,TCP,1521118750463534,52,4,5,0,10821,2,0,54,64773
133032595,3445813100,51987,1485,UDP,1521118750463535,1391,4,5,24,11179,2,0,56,25195
2544887933,1074109385,80,51055,TCP,1521118750463542,1500,4,5,0,57924,2,0,240,18139
385242930,3455008389,9005,1581,TCP,1521118750463544,52,4,5,0,17072,2,0,240,52598
3527255913,3618740937,443,26744,UDP,1521118750463552,1378,4,5,0,0,2,0,58,20329
2116530499,3890314025,443,26744,UDP,1521118750463562,120,4,5,8,34362,0,0,55,27292
2146585429,3449290155,443,26744,UDP,1521118750463573,168,4,5,0,0,2,0,244,61385
2544887933,1074109385,80,51055,TCP,1521118750463587,1500,4,5,0,57925,2,0,240,18138
2544887933,1074109385,80,51055,TCP,1521118750463597,1500,4,5,0,57926,2,0,240,18137
2087007443,2270145426,443,56486,TCP,1521118750463598,303,4,5,0,9437,2,0,116,64721
2544887933,1074109385,80,51055,TCP,1521118750463610,1500,4,5,0,57927,2,0,240,18136
3291159137,3890314057,53,43775,UDP,1521118750463612,111,4,5,0,32713,0,0,57,49149
2544887933,1074109385,80,51055,TCP,1521118750463612,1007,4,5,0,57928,2,0,240,18628
3584921307,2270145487,443,46097,TCP,1521118750463616,1017,4,5,0,1687,2,0,118,25280
1542050391,1235564236,15273,445,TCP,1521118750463628,40,4,5,0,25907,2,0,114,62698
2353100481,1074109416,443,54903,TCP,1521118750463628,52,4,5,0,17922,2,0,58,7122
2087007437,2270145422,443,32810,TCP,1521118750463628,303,4,5,8,11928,2,0,116,62232
2544887933,1074109385,80,51055,TCP,1521118750463629,1500,4,5,0,57929,2,0,240,18134
2378688203,3335632067,80,49656,TCP,1521118750463631,1500,4,5,0,64654,2,0,57,20325
2137327677,3561001266,61702,63412,UDP,1521118750463638,1160,4,5,0,28295,2,0,123,40904
3756983470,3335624920,443,51663,TCP,1521118750463640,40,4,5,0,29016,2,0,56,36144
133032595,3445813100,51987,1485,UDP,1521118750463644,1391,4,5,24,11180,2,0,56,25194
1636127326,3890314056,53,60234,UDP,1521118750463646,113,4,5,0,14505,0,0,58,12486
2544887933,1074109385,80,51055,TCP,1521118750463646,1500,4,5,0,57930,2,0,240,18133
788691436,3445813106,45150,64664,UDP,1521118750463648,145,4,5,0,38251,2,0,240,36652
2544887933,1074109385,80,51055,TCP,1521118750463653,1209,4,5,0,57931,2,0,240,18423
2137327677,3561001266,61702,63412,UDP,1521118750463654,1464,4,5,0,28296,2,0,123,40599
1542050391,1235564236,15273,445,TCP,1521118750463656,177,4,5,0,25908,2,0,114,62560
1442251532,4109904406,80,63862,TCP,1521118750463660,1480,4,5,0,0,2,0,56,50462
514021832,3450262490,6882,33293,UDP,1521118750463661,132,4,5,0,1379,2,0,56,8986
3314518690,3444017768,443,50773,TCP,1521118750463662,1452,4,5,0,40122,2,0,55,63919
2502583597,3449035378,9212,9309,UDP,1521118750463663,52,4,5,0,18819,0,0,248,38615
569371935,3608393938,443,55221,TCP,1521118750463663,60,4,5,0,0,2,0,119,25799
3314518690,3444017768,443,50773,TCP,1521118750463666,1452,4,5,0,40123,2,0,55,63918
3307379311,3447595366,443,9371,TCP,1521118750463667,1400,4,5,0,14933,2,0,55,46516
3314518690,3444017768,443,50773,TCP,1521118750463668,1018,4,5,0,40124,2,0,55,64351
1953924673,3257542089,443,31581,TCP,1521118750463670,40,4,5,0,14724,2,0,55,10145
3307379311,3447595366,443,9371,TCP,1521118750463670,1400,4,5,0,14934,2,0,55,46515
2544887933,1074109385,80,51055,TCP,1521118750463671,1500,4,5,0,57932,2,0,240,18131
3584921307,2270145487,443,46097,TCP,1521118750463672,649,4,5,0,1688,2,0,118,25647
3307379311,3447595366,443,9371,TCP,1521118750463673,1400,4,5,0,14935,2,0,55,46514
3307379311,3447595366,443,9371,TCP,1521118750463674,1400,4,5,0,14936,2,0,55,46513
565684003,3455722973,443,59391,TCP,1521118750463675,40,4,5,0,24333,2,0,247,26640
281433623,1074109332,80,61498,TCP,1521118750463679,224,4,5,0,51373,2,0,47,16372
2544887933,1074109385,80,51055,TCP,1521118750463682,1500,4,5,0,57933,2,0,240,18130
2146585429,3449290155,80,51055,TCP,1521118750463684,168,4,5,0,0,2,0,244,61385
2378688203,3335632067,80,49656,TCP,1521118750463686,1500,4,5,0,64655,2,0,57,20324
1928490250,3451520599,443,49412,TCP,1521118750463687,40,4,5,0,920,2,0,55,35882
2544887933,1074109385,80,51055,TCP,1521118750463688,1250,4,5,0,57934,2,0,240,18379
3556624622,4095553915,56991,38338,UDP,1521118750463690,102,4,5,0,29357,2,0,122,52052
3584921307,2270145487,443,46097,TCP,1521118750463698,297,4,5,0,1689,2,0,118,25998
752778489,3338519290,443,42832,TCP,1521118750463701,52,4,5,0,55704,2,0,233,33883
3331067932,1962334175,62574,80,TCP,1521118750463702,60,4,5,0,17375,2,0,112,41822
3756983470,3335624920,443,51663,TCP,1521118750463703,82,4,5,0,29017,2,0,56,36101
2544887933,1074109385,80,51055,TCP,1521118750463706,1500,4,5,0,57935,2,0,240,18128
3995687527,2325249610,8081,30058,TCP,1521118750463707,1400,4,5,0,16831,2,0,59,42829
3584921307,2270145487,443,46097,TCP,1521118750463708,153,4,5,0,1690,2,0,118,26141
3995687527,2325249610,8081,30058,TCP,1521118750463708,1400,4,5,0,16832,2,0,59,42828
3992031758,3337740662,443,51466,TCP,1521118750463709,111,4,5,0,41818,2,0,88,22214
741554666,3571853917,80,1679,TCP,1521118750463710,1480,4,5,0,26202,2,0,238,47988
741554666,3571853917,80,1679,TCP,1521118750463712,1480,4,5,0,26203,2,0,238,47987
2258940776,3978971484,2515,12964,TCP,1521118750463714,52,4,5,0,58541,2,0,58,60290
2544887933,1074109385,80,51055,TCP,1521118750463716,1500,4,5,0,57936,2,0,240,18127
3461966217,3347702637,16540,31872,UDP,1521118750463719,1454,4,5,0,13801,0,0,103,13692
1349021067,4217677197,14189,39048,UDP,1521118750463721,54,4,5,0,1187,0,0,115,58414
3461966217,3347702637,16540,31872,UDP,1521118750463727,1454,4,5,0,13802,0,0,103,13691
3461966217,3347702637,16540,31872,UDP,1521118750463731,1454,4,5,0,13803,0,0,103,13690
269242603,3978971491,443,2842,TCP,1521118750463732,52,4,5,0,38783,2,0,58,4544
2492059344,3571979897,443,18696,TCP,1521118750463733,40,4,5,0,7852,0,0,243,23144
974656519,3451407709,80,55992,TCP,1521118750463734,1400,4,5,0,41789,2,0,58,12046
3502179760,855485093,443,52813,TCP,1521118750463735,44,4,5,0,0,2,0,239,55225
2544887933,1074109385,80,51055,TCP,1521118750463735,1500,4,5,0,57937,2,0,240,18126
739851840,3978971484,443,32620,TCP,1521118750463736,1500,4,5,0,28613,2,0,240,29814
2116530499,3890314025,443,32620,TCP,1521118750463738,120,4,5,8,34366,0,0,55,27288
2087007432,2270145422,443,2664,TCP,1521118750463738,303,4,5,0,323,2,0,118,7803
739851840,3978971484,443,32620,TCP,1521118750463740,1500,4,5,0,28614,2,0,240,29813
1756754899,3223150537,57208,27875,UDP,1521118750463742,48,4,5,0,16200,0,0,121,34309
3295892421,1962334028,443,47824,TCP,1521118750463745,52,4,5,0,22935,2,0,58,33457
2094177023,3451143956,443,55309,TCP,1521118750463749,1480,4,5,0,27720,2,0,58,41549
1466331290,3442967312,6889,33832,UDP,1521118750463751,129,4,5,0,36653,2,0,46,42230
2094177023,3451143956,443,55309,TCP,1521118750463754,1272,4,5,0,27721,2,0,58,41756
739851840,3978971484,443,32620,TCP,1521118750463760,1500,4,5,0,28615,2,0,240,29812
739851840,3978971484,443,32620,TCP,1521118750463761,1500,4,5,0,28616,2,0,240,29811
2180962981,3617813330,10025,1897,TCP,1521118750463762,167,4,5,0,34303,2,0,55,5560
516001692,4094966490,39925,1715,TCP,1521118750463763,76,4,5,0,53844,2,0,56,37643
3883427597,2270145408,443,20134,TCP,1521118750463769,1500,4,5,0,42760,2,0,56,5310
3883427597,2270145408,443,20134,TCP,1521118750463770,81,4,5,0,42761,2,0,56,6728
3883427597,2270145408,443,20134,TCP,1521118750463770,374,4,5,0,42762,2,0,56,6434
3883427597,2270145408,443,20134,TCP,1521118750463777,850,4,5,0,42763,2,0,56,5957
3883427597,2270145408,443,20134,TCP,1521118750463778,184,4,5,0,42764,2,0,56,6622
3883427597,2270145408,443,20134,TCP,1521118750463779,226,4,5,0,42765,2,0,56,6579
3883427597,2270145408,443,20134,TCP,1521118750463779,138,4,5,0,42766,2,0,56,6666
3883427597,2270145408,443,20134,TCP,1521118750463779,209,4,5,0,42767,2,0,56,6594
3527246821,3618740955,443,26916,UDP,1521118750463781,1378,4,5,0,0,2,0,58,29403
2005801108,3450102589,443,45200,UDP,1521118750463782,1378,4,5,8,0,2,0,58,31359
3527246821,3618740955,443,26916,UDP,1521118750463783,1378,4,5,0,0,2,0,58,29403
3527246821,3618740955,443,26916,UDP,1521118750463784,1378,4,5,0,0,2,0,58,29403
739851840,3978971484,443,32620,TCP,1521118750463786,1500,4,5,0,28617,2,0,240,29810
739851840,3978971484,443,32620,TCP,1521118750463787,1500,4,5,0,28618,2,0,240,29809
3306168861,3233187993,443,56240,TCP,1521118750463793,60,4,5,0,22874,2,0,246,64227
2087007427,2270145422,443,39455,TCP,1521118750463796,491,4,5,0,9745,2,0,116,64245
2544887933,1074109385,80,51055,TCP,1521118750463798,1500,4,5,0,57938,2,0,240,18125
3741785781,3978971491,443,19792,TCP,1521118750463799,52,4,5,0,1400,2,0,248,18689
2180962981,3617813330,10025,1897,TCP,1521118750463801,751,4,5,0,34304,2,0,55,4975
2544887933,1074109385,80,51055,TCP,1521118750463804,1500,4,5,0,57939,2,0,240,18124
2544887933,1074109385,80,51055,TCP,1521118750463805,966,4,5,0,57940,2,0,240,18657
1286694890,3453510975,443,52743,TCP,1521118750463806,52,4,5,0,41760,2,0,56,47088
1636127326,3890314076,53,33857,UDP,1521118750463807,150,4,5,0,14586,0,0,58,12348
2544887933,1074109385,80,51055,TCP,1521118750463815,1500,4,5,0,57941,2,0,240,18122
1187602680,3455004813,445,59691,TCP,1521118750463816,52,4,5,0,16361,2,0,247,40348
739851840,3978971484,443,32620,TCP,1521118750463823,1500,4,5,0,28619,2,0,240,29808
739851840,3978971484,443,32620,TCP,1521118750463825,1500,4,5,0,28620,2,0,240,29807
1484457674,3455830664,7871,53281,TCP,1521118750463826,40,4,5,0,20940,2,0,49,59
2544887933,1074109385,80,51055,TCP,1521118750463828,1500,4,5,0,57942,2,0,240,18121
1649310264,3680252856,34796,7147,UDP,1521118750463829,1466,4,5,0,30612,0,0,118,56323
2544887933,1074109385,80,51055,TCP,1521118750463835,1250,4,5,0,57943,2,0,240,18370
2353176846,1074109384,443,36879,TCP,1521118750463837,52,4,5,0,61964,2,0,60,17305
795164706,3978971494,443,52698,TCP,1521118750463840,497,4,5,0,27453,2,0,240,30641
3672188146,1962334037,443,39503,TCP,1521118750463841,52,4,5,0,62724,2,0,58,65439
2390870740,3571692396,443,4337,TCP,1521118750463842,1492,4,5,0,1900,2,0,57,21266
2390870740,3571692396,443,4337,TCP,1521118750463843,1492,4,5,0,1901,2,0,57,21265
269242594,3978971484,52122,443,TCP,1521118750463844,52,4,5,0,24340,2,0,58,19003
739851840,3978971484,443,32620,TCP,1521118750463848,1500,4,5,0,28621,2,0,240,29806
739851840,3978971484,443,32620,TCP,1521118750463849,140,4,5,0,28622,2,0,240,31165
2544887933,1074109385,80,51055,TCP,1521118750463849,1500,4,5,0,57944,2,0,240,18119
2544887933,1074109385,80,51055,TCP,1521118750463865,1500,4,5,0,57945,2,0,240,18118
3883427597,2270145408,443,20134,TCP,1521118750463867,1500,4,5,0,42768,2,0,56,5302
2544887933,1074109385,80,51055,TCP,1521118750463871,1257,4,5,0,57946,2,0,240,18360
3883427597,2270145408,443,20134,TCP,1521118750463875,914,4,5,0,42769,2,0,56,5887
3883427597,2270145408,443,20134,TCP,1521118750463876,146,4,5,0,42770,2,0,56,6654
3523993383,3391069600,51105,14142,UDP,1521118750463880,1451,4,5,0,26859,0,0,57,64099
3756983470,3335624920,443,51663,TCP,1521118750463881,40,4,5,0,29018,2,0,56,36142
3883427597,2270145408,443,20134,TCP,1521118750463882,584,4,5,0,42771,2,0,56,6215
2544887933,1074109385,80,51055,TCP,1521118750463882,1500,4,5,0,57947,2,0,240,18116
790804511,3978971491,443,41408,TCP,1521118750463884,1500,4,5,0,58794,2,0,241,32929
790804511,3978971491,443,41408,TCP,1521118750463885,1500,4,5,0,58795,2,0,241,32928
1691408849,3890314077,53,48247,UDP,1521118750463888,106,4,5,0,49465,0,0,58,7529
3294507902,3233198921,53,48247,UDP,1521118750463896,68,4,5,0,36873,2,0,58,17619
2544887933,1074109385,80,51055,TCP,1521118750463900,1500,4,5,0,57948,2,0,240,18115
2190877025,1962334056,44012,443,TCP,1521118750463902,1500,4,5,0,29214,2,0,57,55719
3992031758,3337740662,443,51466,TCP,1521118750463903,1450,4,5,0,41819,2,0,88,20874
738510641,3978971499,443,44960,TCP,1521118750463907,52,4,5,0,55801,2,0,241,34302
2116530499,3890314025,443,44960,TCP,1521118750463908,120,4,5,8,34369,0,0,55,27285
741578509,3350329585,443,27193,TCP,1521118750463908,52,4,5,0,62457,2,0,237,5606
2190877025,1962334056,44012,443,TCP,1521118750463911,1500,4,5,0,29215,2,0,57,55718
2544887933,1074109385,80,51055,TCP,1521118750463912,1291,4,5,0,57949,2,0,240,18323
2258940776,3978971484,2515,12964,TCP,1521118750463913,52,4,5,0,58542,2,0,58,60289
2190877025,1962334056,44012,443,TCP,1521118750463914,618,4,5,0,29216,2,0,57,56599
3992031758,3337740662,443,51466,TCP,1521118750463915,1450,4,5,0,41820,2,0,88,20873
3992031758,3337740662,443,51466,TCP,1521118750463916,1450,4,5,0,41821,2,0,88,20872
3992031758,3337740662,443,51466,TCP,1521118750463917,1450,4,5,0,41822,2,0,88,20871
3992031758,3337740662,443,51466,TCP,1521118750463919,1450,4,5,0,41823,2,0,88,20870
3978976897,3978971495,80,57706,TCP,1521118750463920,52,4,5,0,20151,2,0,58,28623
800783747,3347702009,443,46485,TCP,1521118750463921,64,4,5,0,14446,2,0,237,32648
790804511,3978971491,443,41408,TCP,1521118750463922,1500,4,5,0,58796,2,0,241,32927
3992031758,3337740662,443,51466,TCP,1521118750463923,1450,4,5,0,41824,2,0,88,20869
2544887933,1074109385,80,51055,TCP,1521118750463925,1500,4,5,0,57950,2,0,240,18113
1067741642,3452386553,443,57298,TCP,1521118750463927,80,4,5,0,22636,2,0,237,30988
3992031758,3337740662,443,51466,TCP,1521118750463928,1122,4,5,0,41825,2,0,88,21196
739545353,3338558361,443,52033,TCP,1521118750463928,52,4,5,0,14410,2,0,237,30148
718026144,846849341,6008,61782,UDP,1521118750463929,104,4,5,9,34246,2,0,55,17811
1190350560,3617673070,80,3658,TCP,1521118750463931,40,4,5,0,9784,2,0,53,25269
133032595,3445813100,51987,1485,UDP,1521118750463932,1391,4,5,24,11181,2,0,56,25193
790804511,3978971491,443,41408,TCP,1521118750463934,1500,4,5,0,58797,2,0,241,32926
2544887933,1074109385,80,51055,TCP,1521118750463935,1500,4,5,0,57951,2,0,240,18112
968415528,3451398516,161,34793,TCP,1521118750463936,40,4,5,4,10685,2,0,49,5634
738773555,4094966719,443,36074,TCP,1521118750463940,1480,4,5,8,24336,2,0,237,776
3992031758,3337740662,443,51466,TCP,1521118750463941,1450,4,5,0,41826,2,0,88,20867
3992031758,3337740662,443,51466,TCP,1521118750463942,1450,4,5,0,41827,2,0,88,20866
1671696050,3255897330,19853,16454,UDP,1521118750463943,1466,4,5,0,29527,0,0,119,35202
3992031758,3337740662,443,51466,TCP,1521118750463945,1450,4,5,0,41828,2,0,88,20865
3992031758,3337740662,443,51466,TCP,1521118750463946,1450,4,5,0,41829,2,0,88,20864
2544887933,1074109385,80,51055,TCP,1521118750463948,1361,4,5,0,57952,2,0,240,18250
2544887933,1074109385,80,51055,TCP,1521118750463949,191,4,5,0,57953,2,0,240,19419
1739435852,3334585552,80,43218,TCP,1521118750463949,1480,4,5,0,20577,2,0,57,20803
2117031429,3353312573,8200,65438,UDP,1521118750463950,68,4,5,0,35200,2,0,55,41175
133032595,3445813100,51987,1485,UDP,1521118750463950,1391,4,5,24,11182,2,0,56,25192
3992031758,3337740662,443,51466,TCP,1521118750463951,1450,4,5,0,41830,2,0,88,20863
3992031758,3337740662,443,51466,TCP,1521118750463953,1425,4,5,0,41831,2,0,88,20887
738773555,4094966719,443,36074,TCP,1521118750463956,241,4,5,8,24337,2,0,237,2014
2180962981,3617813330,10025,1897,TCP,1521118750463960,751,4,5,0,34305,2,0,55,4974
2180962981,3617813330,10025,1897,TCP,1521118750463961,101,4,5,0,34306,2,0,55,5623
2544887933,1074109385,80,51055,TCP,1521118750463966,1500,4,5,0,57954,2,0,240,18109
1756754899,3223150537,57208,27875,UDP,1521118750463969,48,4,5,0,16201,0,0,121,34308
1756754899,3223150537,57208,27875,UDP,1521118750463969,48,4,5,0,16202,0,0,121,34307
1756754899,3223150537,57208,27875,UDP,1521118750463969,48,4,5,0,16203,0,0,121,34306
1264309517,3978971490,443,13308,TCP,1521118750463970,52,4,5,0,52211,2,0,61,6875
3428876054,3450300421,443,56158,TCP,1521118750463970,48,4,5,8,6876,2,0,236,62143
1756754899,3223150537,57208,27875,UDP,1521118750463972,48,4,5,0,16204,0,0,121,34305
708252018,3571692339,46218,63930,UDP,1521118750463972,54,4,5,0,27908,0,0,112,6643
1886202460,2320218392,6882,46891,TCP,1521118750463974,40,4,5,0,32035,2,0,54,59775
3291938383,3334523698,5001,1024,UDP,1521118750463977,105,4,5,0,0,2,0,49,62730
3885270164,3349746706,443,40750,TCP,1521118750463977,40,4,5,0,25046,2,0,54,39701
45100300,3455647813,443,52610,TCP,1521118750463977,52,4,5,0,12282,2,0,55,5584
790804511,3978971491,443,41408,TCP,1521118750463979,1500,4,5,0,58798,2,0,241,32925
791010995,2340553980,32099,24153,UDP,1521118750463984,32,4,5,0,57802,2,0,46,52395
3584894717,4093749753,443,43213,TCP,1521118750463990,89,4,5,0,8233,2,0,54,35280
790804511,3978971491,443,41408,TCP,1521118750463991,1500,4,5,0,58799,2,0,241,32924
2353100481,1074109416,443,54909,TCP,1521118750463993,665,4,5,0,64049,2,0,58,25917
46975339,3390930119,12342,30114,UDP,1521118750464000,48,4,5,0,6481,0,0,116,6736
1782009474,3472952792,59120,1024,UDP,1521118750464002,525,4,5,0,27756,0,0,119,16353
3978976897,3978971495,80,57706,TCP,1521118750464012,243,4,5,0,20152,2,0,58,28431
752805630,3338521541,443,43764,TCP,1521118750464014,52,4,5,0,18018,0,0,47,40642
824960933,1235573480,53156,445,TCP,1521118750464021,40,4,5,0,7115,2,0,116,11687
1116470035,3453172113,443,3195,TCP,1521118750464029,52,4,5,0,0,2,0,48,1473
790804511,3978971491,443,41408,TCP,1521118750464037,1500,4,5,0,58800,2,0,241,32923
790804511,3978971491,443,41408,TCP,1521118750464043,1500,4,5,0,58801,2,0,241,32922
3283944791,3391036472,6881,6881,UDP,1521118750464044,57,4,5,0,14436,0,0,113,25060
738648670,3978971493,443,2868,TCP,1521118750464048,52,4,5,0,64759,2,0,240,18647
2316590259,3337046334,16643,23,TCP,1521118750464051,40,4,5,0,8793,0,0,96,16778
2038602388,4093898799,17093,2934,TCP,1521118750464053,1136,4,5,0,24530,2,0,116,43627
3978976897,3978971495,80,57706,TCP,1521118750464056,52,4,5,0,20153,2,0,58,28621
799393792,3445759399,9443,60920,TCP,1521118750464060,265,4,5,0,43980,2,0,241,64114
1484457674,3455830664,7871,53281,TCP,1521118750464060,109,4,5,0,20941,2,0,49,65524
824960933,1235573480,53156,445,TCP,1521118750464062,128,4,5,0,7116,2,0,116,11598
2279000371,3390574635,443,45470,TCP,1521118750464066,1140,4,5,0,60617,2,0,59,9069
2279000371,3390574635,443,45470,TCP,1521118750464067,1140,4,5,0,60618,2,0,59,9068
3525189084,3257626599,80,45119,TCP,1521118750464076,40,4,5,0,60828,2,0,52,14118
974355237,3451407628,58022,27032,TCP,1521118750464080,52,4,5,0,22338,2,0,119,56452
2279000371,3390574635,443,45470,TCP,1521118750464082,1140,4,5,0,60619,2,0,59,9067
2279000371,3390574635,443,45470,TCP,1521118750464083,1140,4,5,0,60620,2,0,59,9066
2642575518,3390572368,443,30331,TCP,1521118750464084,40,4,5,4,12285,2,0,48,11078
2116530499,3890314025,443,30331,TCP,1521118750464084,120,4,5,8,34371,0,0,55,27283
517385349,3353385953,443,44445,TCP,1521118750464085,1500,4,5,0,31898,2,0,59,36452
2359938973,1962334037,443,37922,TCP,1521118750464087,52,4,5,0,61353,2,0,58,43143
3527255851,3618740937,443,49752,TCP,1521118750464087,1472,4,5,0,39091,0,0,58,63136
1286694856,3571692297,5222,40664,TCP,1521118750464089,52,4,5,0,59004,2,0,56,8161
2353100499,1074109393,443,41498,TCP,1521118750464089,52,4,5,0,44198,2,0,58,46386
517385349,3353385953,443,44445,TCP,1521118750464089,1500,4,5,0,31899,2,0,59,36451
1920262614,3349763613,8000,52687,TCP,1521118750464096,1093,4,5,0,48923,2,0,57,3206
2279000371,3390574635,443,45470,TCP,1521118750464097,1140,4,5,0,60621,2,0,59,9065
1190350560,3617673070,80,3648,TCP,1521118750464098,40,4,5,0,0,2,0,53,35053
2122222131,3568003699,32045,9000,TCP,1521118750464098,40,4,5,0,49824,0,0,245,47966
843783394,3390939840,8101,49982,TCP,1521118750464098,1293,4,5,0,4267,2,0,59,28213
2279000371,3390574635,443,45470,TCP,1521118750464099,1140,4,5,0,60622,2,0,59,9064
3378614742,4038562624,22,64868,TCP,1521118750464100,44,4,5,0,0,2,0,50,27036
1053510898,3617813330,12000,3410,TCP,1521118750464112,140,4,5,0,33034,2,0,49,61870
3318356320,3390855101,443,49942,TCP,1521118750464115,1420,4,5,0,63726,2,0,59,16505
269242594,3978971484,52122,443,TCP,1521118750464116,551,4,5,0,24341,2,0,58,18503
3318356320,3390855101,443,49942,TCP,1521118750464118,1420,4,5,0,63727,2,0,59,16504
796386185,4109946223,443,34437,TCP,1521118750464120,1300,4,5,0,64259,2,0,237,47222
1743798491,2270145487,443,53677,TCP,1521118750464124,52,4,5,0,1146,2,0,116,9824
1264309517,3978971490,443,13308,TCP,1521118750464128,272,4,5,32,52212,2,0,61,6622
2279000371,3390574635,443,45470,TCP,1521118750464131,1140,4,5,0,60623,2,0,59,9063
2279000371,3390574635,443,45470,TCP,1521118750464132,1140,4,5,0,60624,2,0,59,9062
2279000371,3390574635,443,45470,TCP,1521118750464134,1140,4,5,0,60625,2,0,59,9061
2279000371,3390574635,443,45470,TCP,1521118750464135,1140,4,5,0,60626,2,0,59,9060
2258593083,3242263628,5604,55080,UDP,1521118750464137,200,4,5,0,40757,0,0,57,12424
132833602,3890314079,53,10423,UDP,1521118750464139,111,4,5,0,43086,0,0,58,35778
4044016126,3617732911,57256,442,TCP,1521118750464140,40,4,5,0,29325,2,0,120,50279
3992030487,2324810533,57256,442,TCP,1521118750464143,60,4,5,0,45844,2,0,53,49644
2623944267,3259942474,41670,60346,UDP,1521118750464144,1449,4,5,0,23059,0,0,118,35302
1542050273,3391039928,28885,31072,UDP,1521118750464145,48,4,5,0,32649,0,0,54,58257
1639511160,1235571054,58498,445,TCP,1521118750464145,40,4,5,0,21478,2,0,117,49317
741578509,3350329585,443,27193,TCP,1521118750464145,52,4,5,0,62458,2,0,237,5605
1056092456,2338352133,443,51312,TCP,1521118750464146,570,4,5,0,58311,2,0,240,48501
1264309517,3978971490,443,13308,TCP,1521118750464149,83,4,5,32,52213,2,0,61,6810
1404415998,1235573645,50491,445,TCP,1521118750464150,40,4,5,0,1635,2,0,114,22919
2087007434,2270145485,443,33385,TCP,1521118750464154,303,4,5,0,21408,2,0,116,52700
1264309517,3978971490,443,13308,TCP,1521118750464156,52,4,5,32,52214,2,0,61,6840
2083675538,3450122675,443,49159,TCP,1521118750464157,74,4,5,0,3192,2,0,120,40217
2576519134,3890314074,53,44605,UDP,1521118750464157,115,4,5,8,0,2,0,55,46789
968415531,2324814113,161,58417,TCP,1521118750464159,40,4,5,4,50696,2,0,49,3373
1404415998,1235573645,50491,445,TCP,1521118750464163,40,4,5,0,1636,2,0,114,22918
2602980973,3607620889,80,26466,TCP,1521118750464165,52,4,5,0,0,2,0,58,35599
3251301022,2059628448,30660,443,TCP,1521118750464166,52,4,5,0,15673,2,0,46,30910
3299954241,3338140873,443,43790,TCP,1521118750464171,103,4,5,0,13509,2,0,236,33559
3843259832,3391036931,5791,54100,UDP,1521118750464172,48,4,5,0,6703,0,0,113,58527
3585067735,4095674539,443,3169,TCP,1521118750464173,52,4,5,0,15090,2,0,54,27776
3310683221,2317271739,53,34056,UDP,1521118750464176,1473,4,5,0,62388,0,0,59,28659
2279000371,3390574635,443,45470,TCP,1521118750464177,1140,4,5,0,60627,2,0,59,9059
2279000371,3390574635,443,45470,TCP,1521118750464178,1140,4,5,0,60628,2,0,59,9058
2279000371,3390574635,443,45470,TCP,1521118750464182,1140,4,5,0,60629,2,0,59,9057
2279000371,3390574635,443,45470,TCP,1521118750464184,1140,4,5,0,60630,2,0,59,9056
282018607,4098085650,443,59552,TCP,1521118750464185,1492,4,5,0,6860,2,0,59,1028
282018607,4098085650,443,59552,TCP,1521118750464186,1492,4,5,0,6861,2,0,59,1027
842254564,3618636312,5056,2103,UDP,1521118750464188,810,4,5,0,28927,2,0,121,47331
596214323,3452100516,6881,22106,UDP,1521118750464191,1430,4,5,0,56211,0,0,55,20384
596214323,3452100516,6881,22106,UDP,1521118750464192,1430,4,5,0,64541,0,0,55,12054
596214323,3452100516,6881,22106,UDP,1521118750464194,1430,4,5,0,50469,0,0,55,26126
133032595,3445813100,51987,1485,UDP,1521118750464203,1391,4,5,24,11183,2,0,56,25191
133032595,3445813100,51987,1485,UDP,1521118750464207,1386,4,5,24,11184,2,0,56,25195
1739434411,3334585552,80,54854,TCP,1521118750464208,1480,4,5,0,30950,2,0,55,12383
1739434411,3334585552,80,54854,TCP,1521118750464209,1480,4,5,0,30951,2,0,55,12382
596214323,3452100516,6881,22106,UDP,1521118750464212,1430,4,5,0,27093,0,0,55,49502
3566147762,1962334194,37491,9043,UDP,1521118750464216,116,4,5,0,49313,2,0,58,17837
1639511160,1235571054,58498,445,TCP,1521118750464217,40,4,5,0,21479,2,0,117,49316
2087007436,2270145485,443,16525,TCP,1521118750464221,303,4,5,0,16502,2,0,118,57092
738387842,3349741957,443,58206,TCP,1521118750464223,1480,4,5,0,20776,2,0,240,22356
2087007438,2270145478,443,53373,TCP,1521118750464225,303,4,5,8,18109,2,0,116,55994
791772626,3445810065,9339,40732,UDP,1521118750464225,73,4,5,0,15102,2,0,47,45742
2279000371,3390574635,443,45470,TCP,1521118750464226,1140,4,5,0,60631,2,0,59,9055
2279000371,3390574635,443,45470,TCP,1521118750464227,1140,4,5,0,60632,2,0,59,9054
2279000371,3390574635,443,45470,TCP,1521118750464228,1140,4,5,0,60633,2,0,59,9053
2279000371,3390574635,443,45470,TCP,1521118750464230,1140,4,5,0,60634,2,0,59,9052
4022665394,3350328821,443,26597,TCP,1521118750464231,1400,4,5,4,59468,2,0,54,43280
1053830150,3484882231,443,17836,TCP,1521118750464233,52,4,5,0,45537,2,0,237,35869
4106714314,3350330209,1253,52209,TCP,1521118750464234,1428,4,5,0,4742,2,0,58,62520
4106714314,3350330209,1253,52209,TCP,1521118750464235,1428,4,5,0,4743,2,0,58,62519
738387842,3349741957,443,58206,TCP,1521118750464237,1033,4,5,0,20777,2,0,240,22802
790804511,3978971491,443,41408,TCP,1521118750464238,1500,4,5,0,58802,2,0,241,32921
790804511,3978971491,443,41408,TCP,1521118750464239,1500,4,5,0,58803,2,0,241,32920
739899945,3978971486,443,33280,TCP,1521118750464241,52,4,5,0,33137,2,0,241,43910
3801788594,4211110795,80,14156,TCP,1521118750464252,1280,4,5,0,27011,2,0,55,54171
3801788594,4211110795,80,14156,TCP,1521118750464254,1280,4,5,0,27012,2,0,55,54170
738630440,3978971493,443,19080,TCP,1521118750464255,52,4,5,0,16213,2,0,241,19632
790804511,3978971491,443,41408,TCP,1521118750464257,1500,4,5,0,58804,2,0,241,32919
1801812753,3233163939,587,37350,TCP,1521118750464258,77,4,5,0,55941,2,0,54,38997
2116530499,3890314025,587,37350,TCP,1521118750464258,120,4,5,8,34375,0,0,55,27279
790804511,3978971491,443,41408,TCP,1521118750464259,1500,4,5,0,58805,2,0,241,32918
2544887933,1074109385,80,51055,TCP,1521118750464260,1500,4,5,0,57955,2,0,240,18108
504319536,2324810533,80,51055,TCP,1521118750464261,60,4,5,0,24166,2,0,52,9829
3756983470,3335624920,443,51663,TCP,1521118750464262,40,4,5,0,29019,2,0,56,36141
2359936944,1074109431,443,52037,TCP,1521118750464268,52,4,5,0,58667,2,0,58,11074
791712955,3353384050,443,53475,TCP,1521118750464269,172,4,5,0,63852,2,0,237,29600
1449817048,284070315,443,53475,TCP,1521118750464270,84,4,5,8,5217,2,0,54,50020
3801788594,4211110795,80,14156,TCP,1521118750464277,1280,4,5,0,27013,2,0,55,54169
3801788594,4211110795,80,14156,TCP,1521118750464279,1280,4,5,0,27014,2,0,55,54168
1088695673,3259948227,51118,80,TCP,1521118750464280,40,4,5,0,28634,2,0,120,34182
1190350550,4038526351,51118,80,TCP,1521118750464282,84,4,5,0,26385,0,0,55,37000
3801788594,4211110795,80,14156,TCP,1521118750464284,1280,4,5,0,27015,2,0,55,54167
3585292034,3450222601,443,46126,TCP,1521118750464285,52,4,5,0,27749,2,0,54,50681
3801788594,4211110795,80,14156,TCP,1521118750464285,1280,4,5,0,27016,2,0,55,54166
232291615,2325272133,443,58133,TCP,1521118750464288,40,4,5,8,43473,2,0,237,63520
1841531130,3472950124,52474,40178,UDP,1521118750464289,1308,4,5,0,15423,0,0,115,15719
3331096248,1962334175,50338,80,TCP,1521118750464290,40,4,5,0,14633,2,0,111,16524
790804511,3978971491,443,41408,TCP,1521118750464292,1500,4,5,0,58806,2,0,241,32917
790804511,3978971491,443,41408,TCP,1521118750464293,1500,4,5,0,58807,2,0,241,32916
2279000371,3390574635,443,45470,TCP,1521118750464295,1140,4,5,0,60635,2,0,59,9051
2279000371,3390574635,443,45470,TCP,1521118750464296,1140,4,5,0,60636,2,0,59,9050
2347551516,1962334155,15775,1935,TCP,1521118750464297,40,4,5,0,18754,2,0,107,8899
1645394518,3455008409,20496,1024,UDP,1521118750464299,1453,4,5,0,20180,0,0,114,52090
975585119,3569582285,38567,19457,UDP,1521118750464301,143,4,5,0,9004,0,0,115,21788
2279000371,3390574635,443,45470,TCP,1521118750464302,1140,4,5,0,60637,2,0,59,9049
2279000371,3390574635,443,45470,TCP,1521118750464304,1140,4,5,0,60638,2,0,59,9048
2198041731,3223149794,443,2148,TCP,1521118750464312,1436,4,5,0,61753,2,0,56,14236
1898886974,3353372333,53368,36725,UDP,1521118750464319,48,4,5,0,2601,0,0,116,58777
1250980814,3334526798,13968,23093,UDP,1521118750464319,48,4,5,20,30844,0,0,118,28607
2198041731,3223149794,443,2148,TCP,1521118750464320,1436,4,5,0,61754,2,0,56,14235
708252018,3571692339,46218,63930,UDP,1521118750464323,54,4,5,0,27917,0,0,112,6634
3766937918,3334585693,443,49526,TCP,1521118750464323,1400,4,5,40,13124,2,0,61,46895
45100300,3455647813,443,52610,TCP,1521118750464325,40,4,5,0,12283,2,0,55,5595
3766937918,3334585693,443,49526,TCP,1521118750464326,1400,4,5,40,13125,2,0,61,46894
1898886974,3353372333,53368,36725,UDP,1521118750464327,48,4,5,0,2602,0,0,116,58776
2279000371,3390574635,443,45470,TCP,1521118750464333,1140,4,5,0,60639,2,0,59,9047
3306247024,3707045516,80,56739,TCP,1521118750464334,1480,4,5,0,44255,2,0,49,39757
2279000371,3390574635,443,45470,TCP,1521118750464337,1140,4,5,0,60640,2,0,59,9046
2279000371,3390574635,443,45470,TCP,1521118750464338,1140,4,5,0,60641,2,0,59,9045
2279000371,3390574635,443,45470,TCP,1521118750464339,1140,4,5,0,60642,2,0,59,9044
2214929376,283729038,28524,443,TCP,1521118750464346,40,4,5,0,913,2,0,119,60130
3978970903,3978971499,443,36512,TCP,1521118750464349,52,4,5,0,42978,2,0,60,11274
938035604,3978971640,2001,2001,UDP,1521118750464352,131,4,5,0,54368,2,0,59,45673
270428805,2345958242,59798,5432,TCP,1521118750464353,281,4,5,0,4508,2,0,54,45161
1404500794,1235573409,45761,445,TCP,1521118750464353,52,4,5,0,25306,2,0,113,46002
569714670,1962334044,443,35139,TCP,1521118750464357,1449,4,5,0,39860,2,0,57,2661
718026144,3474331842,6008,64644,UDP,1521118750464358,52,4,5,9,27137,2,0,54,37482
1235721153,4225200978,443,43521,TCP,1521118750464359,1500,4,5,0,34123,2,0,58,24894
1235721153,4225200978,443,43521,TCP,1521118750464361,1500,4,5,0,34124,2,0,58,24893
1235721153,4225200978,443,43521,TCP,1521118750464362,1500,4,5,0,34125,2,0,58,24892
3741785783,3453268893,443,60410,TCP,1521118750464363,52,4,5,0,64675,2,0,248,1775
1235721153,4225200978,443,43521,TCP,1521118750464364,1500,4,5,0,34126,2,0,58,24891
2279000371,3390574635,443,45470,TCP,1521118750464365,1140,4,5,0,60643,2,0,59,9043
1235721153,4225200978,443,43521,TCP,1521118750464366,1500,4,5,0,34127,2,0,58,24890
1235721153,4225200978,443,43521,TCP,1521118750464368,1500,4,5,0,34128,2,0,58,24889
3306247024,3707045516,80,56739,TCP,1521118750464369,1480,4,5,0,44256,2,0,49,39756
1235721153,4225200978,443,43521,TCP,1521118750464370,1500,4,5,0,34129,2,0,58,24888
2279000371,3390574635,443,45470,TCP,1521118750464372,1140,4,5,0,60644,2,0,59,9042
1272873842,1074109284,80,61693,TCP,1521118750464373,292,4,5,0,3552,2,0,58,34618
1235721153,4225200978,443,43521,TCP,1521118750464373,1500,4,5,0,34130,2,0,58,24887
1235721153,4225200978,443,43521,TCP,1521118750464374,1500,4,5,0,34131,2,0,58,24886
3584893390,3447677713,443,28491,TCP,1521118750464375,120,4,5,0,4052,2,0,54,3232
2279000371,3390574635,443,45470,TCP,1521118750464375,1140,4,5,0,60645,2,0,59,9041
1235721153,4225200978,443,43521,TCP,1521118750464376,1500,4,5,0,34132,2,0,58,24885
1235721153,4225200978,443,43521,TCP,1521118750464378,1500,4,5,0,34133,2,0,58,24884
1235721153,4225200978,443,43521,TCP,1521118750464380,1500,4,5,0,34134,2,0,58,24883
2279000371,3390574635,443,45470,TCP,1521118750464381,1140,4,5,0,60646,2,0,59,9040
790804511,3978971491,443,41408,TCP,1521118750464382,1500,4,5,0,58808,2,0,241,32915
790804511,3978971491,443,41408,TCP,1521118750464383,1500,4,5,0,58809,2,0,241,32914
3306247024,3707045516,80,56739,TCP,1521118750464384,1480,4,5,0,44257,2,0,49,39755
3488883712,855485143,19163,47010,UDP,1521118750464386,1032,4,5,0,18978,0,0,116,9978
3306247024,3707045516,80,56739,TCP,1521118750464386,1480,4,5,0,44258,2,0,49,39754
1235721153,4225200978,443,43521,TCP,1521118750464388,1500,4,5,0,34135,2,0,58,24882
1235721153,4225200978,443,43521,TCP,1521118750464389,1500,4,5,0,34136,2,0,58,24881
1235721153,4225200978,443,43521,TCP,1521118750464390,1500,4,5,0,34137,2,0,58,24880
1235721153,4225200978,443,43521,TCP,1521118750464392,1500,4,5,0,34138,2,0,58,24879
1235721153,4225200978,443,43521,TCP,1521118750464393,1500,4,5,0,34139,2,0,58,24878
1235721153,4225200978,443,43521,TCP,1521118750464395,1500,4,5,0,34140,2,0,58,24877
1235721153,4225200978,443,43521,TCP,1521118750464396,1500,4,5,0,34141,2,0,58,24876
1067585232,3443691430,443,47437,TCP,1521118750464397,52,4,5,0,39928,2,0,237,18032
3373511823,843170821,26923,445,TCP,1521118750464397,40,4,5,0,23455,2,0,113,14919
569714670,1962334044,443,35139,TCP,1521118750464397,1500,4,5,0,39861,2,0,57,2609
428089272,3335630298,51585,1024,UDP,1521118750464399,48,4,5,0,9545,0,0,110,31116
266795606,3449036198,41195,4120,TCP,1521118750464399,64,4,5,0,53956,2,0,48,33404
1258348224,3446799042,59136,17142,UDP,1521118750464399,60,4,5,24,65531,2,0,52,21672
3995724889,3443690118,443,34559,TCP,1521118750464399,136,4,5,0,65177,2,0,59,3722
569714670,1962334044,443,35139,TCP,1521118750464399,1500,4,5,0,39862,2,0,57,2608
1848632434,3445759478,35983,26736,UDP,1521118750464400,1453,4,5,0,24909,0,0,117,41208
569714670,1962334044,443,35139,TCP,1521118750464402,1500,4,5,0,39863,2,0,57,2607
569714670,1962334044,443,35139,TCP,1521118750464403,1500,4,5,0,39864,2,0,57,2606
209847208,3472952779,443,55416,UDP,1521118750464404,1497,4,5,0,64712,0,0,245,54868
3585067762,3617813330,5222,51782,TCP,1521118750464406,108,4,5,0,59897,2,0,54,28410
2279000361,3390969558,80,58764,TCP,1521118750464406,1500,4,5,0,27675,2,0,59,39948
4080404781,3890314058,53,9577,UDP,1521118750464407,102,4,5,0,34928,2,0,110,9351
569714670,1962334044,443,35139,TCP,1521118750464407,1500,4,5,0,39865,2,0,57,2605
569714670,1962334044,443,35139,TCP,1521118750464409,1500,4,5,0,39866,2,0,57,2604
569714670,1962334044,443,35139,TCP,1521118750464410,1500,4,5,0,39867,2,0,57,2603
569714670,1962334044,443,35139,TCP,1521118750464411,1500,4,5,0,39868,2,0,57,2602
569714670,1962334044,443,35139,TCP,1521118750464413,1500,4,5,0,39869,2,0,57,2601
1162783085,3454820208,37488,63874,UDP,1521118750464414,1466,4,5,0,11456,0,0,118,63066
3672220297,3347600706,443,51622,TCP,1521118750464415,1400,4,5,0,35953,2,0,60,4825
2279000361,3390969558,80,58764,TCP,1521118750464416,1500,4,5,0,27676,2,0,59,39947
2279000361,3390969558,80,58764,TCP,1521118750464418,1500,4,5,0,27677,2,0,59,39946
569714670,1962334044,443,35139,TCP,1521118750464419,1500,4,5,0,39870,2,0,57,2600
1848632434,3445759478,35983,26736,UDP,1521118750464421,1453,4,5,0,24910,0,0,117,41207
569714670,1962334044,443,35139,TCP,1521118750464422,1500,4,5,0,39871,2,0,57,2599
2279000361,3390969558,80,58764,TCP,1521118750464423,1500,4,5,0,27678,2,0,59,39945
2279000371,3390574635,443,45470,TCP,1521118750464424,1140,4,5,0,60647,2,0,59,9039
2279000371,3390574635,443,45470,TCP,1521118750464425,1140,4,5,0,60648,2,0,59,9038
2279000371,3390574635,443,45470,TCP,1521118750464426,1140,4,5,0,60649,2,0,59,9037
569714670,1962334044,443,35139,TCP,1521118750464427,1500,4,5,0,39872,2,0,57,2598
569714670,1962334044,443,35139,TCP,1521118750464429,1500,4,5,0,39873,2,0,57,2597
3672220297,3347600706,443,51622,TCP,1521118750464430,1400,4,5,0,35954,2,0,60,4824
569714670,1962334044,443,35139,TCP,1521118750464431,1500,4,5,0,39874,2,0,57,2596
569714670,1962334044,443,35139,TCP,1521118750464432,1500,4,5,0,39875,2,0,57,2595
2279000361,3390969558,80,58764,TCP,1521118750464434,1500,4,5,0,27679,2,0,59,39944
2279000371,3390574635,443,45470,TCP,1521118750464435,1140,4,5,0,60650,2,0,59,9036
942637450,1074109367,443,45442,TCP,1521118750464436,1500,4,5,8,35380,2,0,246,24425
942637450,1074109367,443,45442,TCP,1521118750464438,97,4,5,8,35381,2,0,246,25827
1848632434,3445759478,35983,26736,UDP,1521118750464438,1453,4,5,0,24911,0,0,117,41206
1355414065,3391028792,27465,59173,UDP,1521118750464439,48,4,5,0,3468,0,0,117,9439
3306247024,3707045516,80,56739,TCP,1521118750464439,1480,4,5,0,44259,2,0,49,39753
2279000361,3390969558,80,58764,TCP,1521118750464440,1500,4,5,0,27680,2,0,59,39943
1088695673,3259948227,51118,80,TCP,1521118750464442,40,4,5,0,28635,2,0,120,34181
2116530499,3890314025,51118,80,TCP,1521118750464442,120,4,5,8,34376,0,0,55,27278
1053932505,1074109418,443,33074,TCP,1521118750464442,52,4,5,0,46843,2,0,238,65325
2277879271,3390990589,993,63259,TCP,1521118750464444,1500,4,5,0,59732,2,0,56,60158
569714670,1962334044,443,35139,TCP,1521118750464450,1500,4,5,0,39876,2,0,57,2594
569714670,1962334044,443,35139,TCP,1521118750464451,198,4,5,0,39877,2,0,57,3895
1190350560,3617673070,80,3658,TCP,1521118750464452,128,4,5,0,9785,2,0,53,25180
2279000361,3390969558,80,58764,TCP,1521118750464454,1500,4,5,0,27681,2,0,59,39942
2279000361,3390969558,80,58764,TCP,1521118750464455,1500,4,5,0,27682,2,0,59,39941
741578509,3350329585,443,27193,TCP,1521118750464456,52,4,5,0,62459,2,0,237,5604
2279000361,3390969558,80,58764,TCP,1521118750464458,1500,4,5,0,27683,2,0,59,39940
2279000361,3390969558,80,58764,TCP,1521118750464462,1500,4,5,0,27684,2,0,59,39939
2279000361,3390969558,80,58764,TCP,1521118750464464,1500,4,5,0,27685,2,0,59,39938
1793783526,3447595073,42747,26863,UDP,1521118750464466,54,4,5,8,30505,0,0,116,32757
1067734021,3232201488,443,51575,TCP,1521118750464469,64,4,5,0,60470,2,0,238,53535
1793783526,3447595073,42747,26863,UDP,1521118750464469,54,4,5,8,30506,0,0,116,32756
790804511,3978971491,443,41408,TCP,1521118750464470,1500,4,5,0,58810,2,0,241,32913
2277879271,3390990589,993,63259,TCP,1521118750464471,1500,4,5,0,59733,2,0,56,60157
708882310,3451397885,61928,65275,TCP,1521118750464472,52,4,5,0,27862,2,0,115,52337
708882310,3451397885,61928,65275,TCP,1521118750464472,52,4,5,0,27863,2,0,115,52336
708882310,3451397885,61928,65275,TCP,1521118750464472,52,4,5,0,27864,2,0,115,52335
708882310,3451397885,61928,65275,TCP,1521118750464473,52,4,5,0,27865,2,0,115,52334
708882310,3451397885,61928,65275,TCP,1521118750464473,52,4,5,0,27866,2,0,115,52333
708882310,3451397885,61928,65275,TCP,1521118750464473,52,4,5,0,27867,2,0,115,52332
2075950835,3445759399,443,50088,TCP,1521118750464473,1065,4,5,0,34021,2,0,58,53808
790804511,3978971491,443,41408,TCP,1521118750464474,1500,4,5,0,58811,2,0,241,32912
2279000371,3390574635,443,45470,TCP,1521118750464476,1140,4,5,0,60651,2,0,59,9035
2279000371,3390574635,443,45470,TCP,1521118750464477,1140,4,5,0,60652,2,0,59,9034
2280867179,3455651803,443,49345,TCP,1521118750464478,200,4,5,0,53938,2,0,51,51530
2279000371,3390574635,443,45470,TCP,1521118750464479,1140,4,5,0,60653,2,0,59,9033
2279000371,3390574635,443,45470,TCP,1521118750464480,1140,4,5,0,60654,2,0,59,9032
569714670,1962334044,443,35139,TCP,1521118750464481,1500,4,5,0,39878,2,0,57,2592
569714670,1962334044,443,35139,TCP,1521118750464482,1500,4,5,0,39879,2,0,57,2591
2280867179,3455651803,443,49345,TCP,1521118750464484,264,4,5,0,53939,2,0,51,51465
2280867179,3455651803,443,49345,TCP,1521118750464484,64,4,5,0,53940,2,0,51,51664
3306247024,3707045516,80,56739,TCP,1521118750464484,1480,4,5,0,44260,2,0,49,39752
569714670,1962334044,443,35139,TCP,1521118750464486,1500,4,5,0,39880,2,0,57,2590
569714670,1962334044,443,35139,TCP,1521118750464488,1500,4,5,0,39881,2,0,57,2589
569714670,1962334044,443,35139,TCP,1521118750464489,1500,4,5,0,39882,2,0,57,2588
2560315119,3233191856,25,60842,TCP,1521118750464491,95,4,5,0,27188,2,0,121,22387
569714670,1962334044,443,35139,TCP,1521118750464491,1500,4,5,0,39883,2,0,57,2587
569714670,1962334044,443,35139,TCP,1521118750464492,1500,4,5,0,39884,2,0,57,2586
3793328462,3350328821,443,26676,TCP,1521118750464493,1400,4,5,4,43368,2,0,53,24068
2277879271,3390990589,993,63259,TCP,1521118750464495,1500,4,5,0,59734,2,0,56,60156
569714670,1962334044,443,35139,TCP,1521118750464497,1500,4,5,0,39885,2,0,57,2585
569714670,1962334044,443,35139,TCP,1521118750464499,1500,4,5,0,39886,2,0,57,2584
819305240,4176509865,443,35139,TCP,1521118750464500,84,4,5,0,52762,2,0,54,13831
3801788594,3348721555,443,61886,TCP,1521118750464500,40,4,5,0,2266,2,0,55,28796
133032595,3445813100,51987,1485,UDP,1521118750464503,1395,4,5,24,11185,2,0,56,25185
2279000361,3390969558,80,58764,TCP,1521118750464504,1500,4,5,0,27686,2,0,59,39937
2279000361,3390969558,80,58764,TCP,1521118750464505,1500,4,5,0,27687,2,0,59,39936
3306247024,3707045516,80,56739,TCP,1521118750464507,1480,4,5,0,44261,2,0,49,39751
2279000361,3390969558,80,58764,TCP,1521118750464508,1500,4,5,0,27688,2,0,59,39935
569714670,1962334044,443,35139,TCP,1521118750464509,1500,4,5,0,39887,2,0,57,2583
795709583,3978971490,443,38560,TCP,1521118750464511,52,4,5,0,12704,2,0,240,25242
569714670,1962334044,443,35139,TCP,1521118750464511,649,4,5,0,39888,2,0,57,3433
791678767,842571055,9339,50943,TCP,1521118750464511,52,4,5,0,59410,2,0,46,22251
2279000371,3390574635,443,45470,TCP,1521118750464511,1140,4,5,0,60655,2,0,59,9031
2279000371,3390574635,443,45470,TCP,1521118750464513,1140,4,5,0,60656,2,0,59,9030
2279000361,3390969558,80,58764,TCP,1521118750464514,1500,4,5,0,27689,2,0,59,39934
2277879271,3390990589,993,63259,TCP,1521118750464516,1500,4,5,0,59735,2,0,56,60155
2279000361,3390969558,80,58764,TCP,1521118750464517,1500,4,5,0,27690,2,0,59,39933
2279000371,3390574635,443,45470,TCP,1521118750464519,1140,4,5,0,60657,2,0,59,9029
1226545103,3978971489,443,32788,TCP,1521118750464520,52,4,5,0,27510,2,0,240,2007
1226565248,3353386085,443,23959,TCP,1521118750464520,703,4,5,0,52673,2,0,50,58517
1950692073,3390572060,443,9025,TCP,1521118750464520,40,4,5,72,0,2,0,55,52261
2279000371,3390574635,443,45470,TCP,1521118750464520,1140,4,5,0,60658,2,0,59,9028
3756983470,3335624920,443,51663,TCP,1521118750464521,40,4,5,0,29020,2,0,56,36140
1349021067,4217677197,14189,39048,UDP,1521118750464521,54,4,5,0,1188,0,0,115,58413
3542516036,3618740955,443,57287,UDP,1521118750464526,1378,4,5,0,0,2,0,58,29843
1190350560,3617673070,80,3658,TCP,1521118750464528,40,4,5,0,9786,2,0,53,25267
790804511,3978971491,443,41408,TCP,1521118750464530,1500,4,5,0,58812,2,0,241,32911
790804511,3978971491,443,41408,TCP,1521118750464532,1500,4,5,0,58813,2,0,241,32910
1280619379,3444017550,8064,54266,TCP,1521118750464534,1480,4,5,0,20704,2,0,58,37810
938035604,3978971640,2001,2001,UDP,1521118750464537,131,4,5,0,54369,2,0,59,45672
791678767,842571055,9339,50943,TCP,1521118750464538,75,4,5,0,59411,2,0,46,22227
133032595,3445813100,51987,1485,UDP,1521118750464551,1395,4,5,24,11186,2,0,56,25184
1054417174,3446717519,443,26452,TCP,1521118750464553,52,4,5,0,59022,2,0,46,31878
3373511823,843170821,26923,445,TCP,1521118750464555,128,4,5,0,23456,2,0,113,14830
751803588,3890314059,53,25900,UDP,1521118750464561,255,4,5,0,11429,2,0,113,44936
3272940864,3223150537,15360,58695,UDP,1521118750464562,48,4,5,16,31259,0,0,118,51797
3527241872,3618741206,443,60529,UDP,1521118750464562,1378,4,5,0,0,2,0,59,33845
3756983470,3335624920,443,51663,TCP,1521118750464563,82,4,5,0,29021,2,0,56,36097
1808209957,3617749374,10000,10000,UDP,1521118750464565,265,4,5,0,31477,0,0,55,13026
2277879271,3390990589,993,63259,TCP,1521118750464565,1500,4,5,0,59736,2,0,56,60154
2377634709,3390995114,443,42713,TCP,1521118750464570,564,4,5,0,59380,2,0,60,44729
2377634709,3390995114,443,42713,TCP,1521118750464570,564,4,5,0,59381,2,0,60,44728
2279000371,3390574635,443,45470,TCP,1521118750464571,1140,4,5,0,60659,2,0,59,9027
2602980972,3337088662,80,39115,TCP,1521118750464573,40,4,5,0,8203,2,0,58,31156
2279000371,3390574635,443,45470,TCP,1521118750464574,1140,4,5,0,60660,2,0,59,9026
2279000371,3390574635,443,45470,TCP,1521118750464578,1140,4,5,0,60661,2,0,59,9025
2279000371,3390574635,443,45470,TCP,1521118750464579,1140,4,5,0,60662,2,0,59,9024
4217867034,1962334025,443,37153,TCP,1521118750464580,52,4,5,0,45582,2,0,59,47859
3770551550,0,443,37153,TCP,1521118750464585,0,6,0,0,372,0,4406,211,59951
2277879271,3390990589,993,63259,TCP,1521118750464587,1500,4,5,0,59737,2,0,56,60153
3608337565,3455660881,33303,50801,UDP,1521118750464588,1466,4,5,0,42871,0,0,114,59072
3306247024,3707045516,80,56739,TCP,1521118750464590,1480,4,5,0,44262,2,0,49,39750
3306247024,3707045516,80,56739,TCP,1521118750464594,1480,4,5,0,44263,2,0,49,39749
843783394,3390939840,8101,49982,TCP,1521118750464597,1500,4,5,0,4268,2,0,59,28005
815637376,3445813245,80,43073,TCP,1521118750464598,60,4,5,0,0,2,0,46,47934
2116530499,3890314025,80,43073,TCP,1521118750464600,120,4,5,8,34380,0,0,55,27274
2569498788,3446787185,19994,58694,TCP,1521118750464602,52,4,5,0,2872,2,0,120,21469
3741785781,3978971496,443,23534,TCP,1521118750464606,465,4,5,0,34393,2,0,248,50813
1434879836,3390631311,4935,3389,TCP,1521118750464606,52,4,5,0,9496,2,0,48,37153
2279000371,3390574635,443,45470,TCP,1521118750464607,1140,4,5,0,60663,2,0,59,9023
2279000371,3390574635,443,45470,TCP,1521118750464608,1140,4,5,0,60664,2,0,59,9022
3254647954,1962334175,50231,80,TCP,1521118750464610,40,4,5,0,27941,2,0,108,38468
3254647954,1962334175,50231,80,TCP,1521118750464610,40,4,5,0,27942,2,0,108,38467
3223949995,2332752498,50527,443,TCP,1521118750464610,40,4,5,0,8565,2,0,115,3593
3556630390,4093898778,54529,2369,UDP,1521118750464611,74,4,5,0,22044,2,0,119,5620
2279000371,3390574635,443,45470,TCP,1521118750464611,1140,4,5,0,60665,2,0,59,9021
2279000371,3390574635,443,45470,TCP,1521118750464614,1140,4,5,0,60666,2,0,59,9020
844417314,3441493429,15225,49155,TCP,1521118750464627,40,4,5,0,56238,2,0,55,39380
3307379311,3447595366,443,9371,TCP,1521118750464630,1400,4,5,0,14937,2,0,55,46512
3527255913,3618740937,443,26744,UDP,1521118750464632,1378,4,5,0,0,2,0,58,20329
3307379311,3447595366,443,9371,TCP,1521118750464633,1400,4,5,0,14938,2,0,55,46511
3307379311,3447595366,443,9371,TCP,1521118750464634,1400,4,5,0,14939,2,0,55,46510
697359755,3455004824,443,34809,TCP,1521118750464636,64,4,5,0,18846,2,0,233,17014
1907294949,3353385960,13764,5100,TCP,1521118750464636,249,4,5,8,28415,0,0,119,64410
1190350586,3349901141,80,49689,TCP,1521118750464636,1480,4,5,0,22534,2,0,53,6972
1190350586,3349901141,80,49689,TCP,1521118750464637,1480,4,5,0,22535,2,0,53,6971
3307379311,3447595366,443,9371,TCP,1521118750464638,1400,4,5,0,14940,2,0,55,46509
4251322546,3452443758,123,123,UDP,1521118750464640,76,4,5,0,0,2,0,53,21842
742172407,3338559042,443,34920,TCP,1521118750464640,52,4,5,0,5993,2,0,237,32230
799056230,1962334036,443,58105,TCP,1521118750464641,663,4,5,0,26256,2,0,240,1151
209847208,3472952779,443,55416,UDP,1521118750464642,1497,4,5,0,39365,0,0,245,14680
3527241946,3618741021,443,41423,UDP,1521118750464643,1378,4,5,0,0,2,0,58,34212
2377634709,3390574614,443,2395,TCP,1521118750464651,1140,4,5,0,36836,2,0,60,28452
2377634709,3390574614,443,2395,TCP,1521118750464652,1140,4,5,0,36837,2,0,60,28451
3741785781,3978971496,443,45670,TCP,1521118750464657,465,4,5,0,50000,2,0,248,35206
1886628874,3452383869,16427,59639,TCP,1521118750464663,1440,4,5,0,11835,2,0,115,46938
741578509,3350329585,443,27193,TCP,1521118750464666,52,4,5,0,62460,2,0,237,5603
1826975775,3230106520,62028,50484,UDP,1521118750464671,1308,4,5,8,20424,0,0,117,53212
2279000371,3390574635,443,45470,TCP,1521118750464672,1140,4,5,0,60667,2,0,59,9019
2279000371,3390574635,443,45470,TCP,1521118750464673,1140,4,5,0,60668,2,0,59,9018
2047907735,3448447565,443,46004,TCP,1521118750464674,1402,4,5,0,11486,2,0,58,3360
2279000371,3390574635,443,45470,TCP,1521118750464675,1140,4,5,0,60669,2,0,59,9017
2047907735,3448447565,443,46004,TCP,1521118750464676,1402,4,5,0,11487,2,0,58,3359
2117357990,3473487636,32005,49176,TCP,1521118750464677,40,4,5,0,43885,2,0,59,48746
2258940777,3978971498,2515,10158,TCP,1521118750464677,52,4,5,0,61108,2,0,58,57708
799624011,3978971493,443,50848,TCP,1521118750464678,1500,4,5,0,23559,2,0,240,30608
799624011,3978971493,443,50848,TCP,1521118750464679,1500,4,5,0,23560,2,0,240,30607
2047907735,3448447565,443,46004,TCP,1521118750464680,1402,4,5,0,11488,2,0,58,3358
2279000371,3390574635,443,45470,TCP,1521118750464682,1140,4,5,0,60670,2,0,59,9016
2279000371,3390574635,443,45470,TCP,1521118750464682,1140,4,5,0,60671,2,0,59,9015
269242579,3978971487,443,32384,TCP,1521118750464684,1480,4,5,0,43923,2,0,58,63539
269242579,3978971487,443,32384,TCP,1521118750464685,355,4,5,0,43924,2,0,58,64663
1469459374,4030689852,16051,80,TCP,1521118750464686,40,4,5,0,16795,2,0,109,58996
2047907735,3448447565,443,46004,TCP,1521118750464686,1402,4,5,0,11489,2,0,58,3357
2047907735,3448447565,443,46004,TCP,1521118750464687,1402,4,5,0,11490,2,0,58,3356
2047907735,3448447565,443,46004,TCP,1521118750464688,1402,4,5,0,11491,2,0,58,3355
2047907735,3448447565,443,46004,TCP,1521118750464693,1402,4,5,0,11492,2,0,58,3354
3741785781,3978971490,443,50274,TCP,1521118750464695,52,4,5,0,47772,2,0,248,37853
2047907735,3448447565,443,46004,TCP,1521118750464695,1402,4,5,0,11493,2,0,58,3353
2049380378,3261529525,3478,50052,TCP,1521118750464703,144,4,5,0,41648,2,0,53,22618
2249791296,3473703260,52211,7179,UDP,1521118750464705,159,4,5,0,7511,2,0,121,63028
742704643,3978971493,443,40180,TCP,1521118750464707,52,4,5,0,14142,2,0,240,10926
2047907735,3448447565,443,46004,TCP,1521118750464708,1402,4,5,0,11494,2,0,58,3352
2047907735,3448447565,443,46004,TCP,1521118750464710,1402,4,5,0,11495,2,0,58,3351
2047907735,3448447565,443,46004,TCP,1521118750464711,1402,4,5,0,11496,2,0,58,3350
2047907735,3448447565,443,46004,TCP,1521118750464713,1402,4,5,0,11497,2,0,58,3349
2047907735,3448447565,443,46004,TCP,1521118750464714,265,4,5,0,11498,2,0,58,4485
269242573,3978971493,80,11518,TCP,1521118750464715,788,4,5,0,13697,2,0,58,28922
2279000371,3390574635,443,45470,TCP,1521118750464716,1140,4,5,0,60672,2,0,59,9014
2279000371,3390574635,443,45470,TCP,1521118750464717,1140,4,5,0,60673,2,0,59,9013
4023763174,1962334025,443,56567,TCP,1521118750464718,52,4,5,0,9828,2,0,245,25187
4023763174,1962334025,443,56567,TCP,1521118750464718,52,4,5,0,9829,2,0,245,25186
2279000371,3390574635,443,45470,TCP,1521118750464720,1140,4,5,0,60674,2,0,59,9012
2279000371,3390574635,443,45470,TCP,1521118750464721,1140,4,5,0,60675,2,0,59,9011
569714670,1962334044,443,35139,TCP,1521118750464722,1500,4,5,0,39889,2,0,57,2581
569714670,1962334044,443,35139,TCP,1521118750464723,1500,4,5,0,39890,2,0,57,2580
799624011,3978971493,443,50848,TCP,1521118750464724,1500,4,5,0,23561,2,0,240,30606
816203433,3261365925,28622,50764,TCP,1521118750464726,76,4,5,0,260,2,0,53,35919
569714670,1962334044,443,35139,TCP,1521118750464726,1500,4,5,0,39891,2,0,57,2579
269242573,3978971493,80,11518,TCP,1521118750464727,165,4,5,0,13698,2,0,58,29544
799624011,3978971493,443,50848,TCP,1521118750464727,1500,4,5,0,23562,2,0,240,30605
742162570,2325249586,443,35983,TCP,1521118750464729,52,4,5,0,23383,2,0,237,31963
569714670,1962334044,443,35139,TCP,1521118750464729,1500,4,5,0,39892,2,0,57,2578
708882310,3451397885,61928,65275,TCP,1521118750464730,52,4,5,0,27868,2,0,115,52331
569714670,1962334044,443,35139,TCP,1521118750464730,1500,4,5,0,39893,2,0,57,2577
569714670,1962334044,443,35139,TCP,1521118750464731,1500,4,5,0,39894,2,0,57,2576
2198075051,3455008426,443,53360,TCP,1521118750464733,1213,4,5,0,31220,2,0,248,32253
739926496,3348702195,443,53219,TCP,1521118750464734,52,4,5,0,61705,2,0,240,8243
1234923768,3451396935,443,53600,TCP,1521118750464734,60,4,5,0,0,2,0,57,38441
2277879271,3390990589,993,63259,TCP,1521118750464734,1500,4,5,0,59738,2,0,56,60152
569714670,1962334044,443,35139,TCP,1521118750464735,1500,4,5,0,39895,2,0,57,2575
133032595,3445813100,51987,1485,UDP,1521118750464736,1395,4,5,24,11187,2,0,56,25183
569714670,1962334044,443,35139,TCP,1521118750464738,1500,4,5,0,39896,2,0,57,2574
569714670,1962334044,443,35139,TCP,1521118750464739,1500,4,5,0,39897,2,0,57,2573
3741785781,3978971494,443,18996,TCP,1521118750464741,52,4,5,0,13256,2,0,248,6830
2381070311,3890314076,53,10311,UDP,1521118750464741,204,4,5,8,0,2,0,55,4616
3461966217,3347702637,16540,31872,UDP,1521118750464741,1454,4,5,0,13804,0,0,103,13689
2047907735,3448447565,443,46004,TCP,1521118750464742,1402,4,5,0,11499,2,0,58,3347
2047907735,3448447565,443,46004,TCP,1521118750464743,1402,4,5,0,11500,2,0,58,3346
614030794,3472950124,61137,14778,UDP,1521118750464745,58,4,5,0,61269,0,0,52,17037
3461966217,3347702637,16540,31872,UDP,1521118750464745,1454,4,5,0,13805,0,0,103,13688
2277879271,3390990589,993,63259,TCP,1521118750464746,1500,4,5,0,59739,2,0,56,60151
2047907735,3448447565,443,46004,TCP,1521118750464747,1402,4,5,0,11501,2,0,58,3345
596214323,3452100516,6881,22106,UDP,1521118750464748,1430,4,5,0,52576,0,0,55,24019
2047907735,3448447565,443,46004,TCP,1521118750464751,1402,4,5,0,11502,2,0,58,3344
2047907735,3448447565,443,46004,TCP,1521118750464752,1402,4,5,0,11503,2,0,58,3343
2279000371,3390574635,443,45470,TCP,1521118750464754,1140,4,5,0,60676,2,0,59,9010
596214323,3452100516,6881,22106,UDP,1521118750464755,1430,4,5,0,62584,0,0,55,14011
3461966217,3347702637,16540,31872,UDP,1521118750464756,1454,4,5,0,13806,0,0,103,13687
2279000371,3390574635,443,45470,TCP,1521118750464757,1140,4,5,0,60677,2,0,59,9009
2279000371,3390574635,443,45470,TCP,1521118750464758,1140,4,5,0,60678,2,0,59,9008
956881420,855585138,35497,44733,UDP,1521118750464759,48,4,5,0,6175,0,0,115,47128
2047907735,3448447565,443,46004,TCP,1521118750464760,1402,4,5,0,11504,2,0,58,3342
2047907735,3448447565,443,46004,TCP,1521118750464761,173,4,5,0,11505,2,0,58,4570
1226551553,3978971493,443,3054,TCP,1521118750464761,52,4,5,0,75,2,0,241,22732
2279000371,3390574635,443,45470,TCP,1521118750464763,1140,4,5,0,60679,2,0,59,9007
800841545,2270145465,443,4857,TCP,1521118750464764,52,4,5,0,42199,2,0,238,42462
3461966217,3347702637,16540,31872,UDP,1521118750464764,1454,4,5,0,13807,0,0,103,13686
3461966217,3347702637,16540,31872,UDP,1521118750464766,1454,4,5,0,13808,0,0,103,13685
569714670,1962334044,443,35139,TCP,1521118750464768,1500,4,5,0,39898,2,0,57,2572
569714670,1962334044,443,35139,TCP,1521118750464769,649,4,5,0,39899,2,0,57,3422
795148401,1962334022,443,57007,TCP,1521118750464771,52,4,5,0,59900,2,0,240,9396
2116530499,3890314025,443,57007,TCP,1521118750464772,120,4,5,8,34381,0,0,55,27273
4173841903,3569702819,80,44618,TCP,1521118750464774,1480,4,5,0,20132,2,0,52,1900
4173841903,3569702819,80,44618,TCP,1521118750464776,1480,4,5,0,20133,2,0,52,1899
2169886401,3390572470,80,44188,TCP,1521118750464778,1140,4,5,0,51600,2,0,58,18702
269242573,3978971493,80,11518,TCP,1521118750464781,54,4,5,0,13699,2,0,58,29654
2609205009,4225200758,3127,21025,UDP,1521118750464781,41,4,5,0,26254,0,0,48,52049
2609205009,4225200758,3127,21025,UDP,1521118750464781,41,4,5,0,26255,0,0,48,52048
2609205009,4225200758,3127,21025,UDP,1521118750464782,41,4,5,0,26253,0,0,48,52050
3992029898,2324810533,3127,21025,UDP,1521118750464785,60,4,5,0,47165,2,0,47,50448
596214323,3452100516,6881,22106,UDP,1521118750464790,1430,4,5,0,8046,0,0,55,3014
269242579,3978971487,443,32384,TCP,1521118750464792,1480,4,5,0,43925,2,0,58,63537
269242579,3978971487,443,32384,TCP,1521118750464794,1393,4,5,0,43926,2,0,58,63623
596214323,3452100516,6881,22106,UDP,1521118750464795,1430,4,5,0,55364,0,0,55,21231
132934996,1962334195,45702,9042,UDP,1521118750464797,112,4,5,0,23651,2,0,56,9200
2256967761,3450240834,443,62385,TCP,1521118750464797,40,4,5,0,44554,0,0,248,43268
3388487850,3233202499,33396,123,UDP,1521118750464797,36,4,5,0,58067,0,0,248,23384
596214323,3452100516,6881,22106,UDP,1521118750464798,1430,4,5,0,45250,0,0,55,31345
2098499934,1074109323,80,49104,TCP,1521118750464800,1500,4,5,0,48504,2,0,60,37280
2155476776,3223149773,443,33859,TCP,1521118750464801,1392,4,5,0,58405,2,0,54,50901
2155476776,3223149773,443,33859,TCP,1521118750464802,1392,4,5,0,58406,2,0,54,50900
799624011,3978971493,443,50848,TCP,1521118750464803,1500,4,5,0,23563,2,0,240,30604
799624011,3978971493,443,50848,TCP,1521118750464806,1500,4,5,0,23564,2,0,240,30603
834940466,3390572145,443,16408,TCP,1521118750464807,52,4,5,0,0,2,0,57,4421
517385572,4093843478,80,50520,TCP,1521118750464810,1450,4,5,2,25566,2,0,59,65049
2098499934,1074109323,80,49104,TCP,1521118750464811,1500,4,5,0,48505,2,0,60,37279
2279000371,3390574635,443,45470,TCP,1521118750464812,1140,4,5,0,60680,2,0,59,9006
2279000371,3390574635,443,45470,TCP,1521118750464813,1140,4,5,0,60681,2,0,59,9005
2609205009,4225200758,3127,21025,UDP,1521118750464814,41,4,5,0,26256,0,0,48,52047
2609205009,4225200758,3127,21025,UDP,1521118750464814,41,4,5,0,26257,0,0,48,52046
834940466,3390572145,443,16408,TCP,1521118750464814,52,4,5,0,0,2,0,57,4421
517385572,4093843478,80,50520,TCP,1521118750464814,1450,4,5,2,25567,2,0,59,65048
283991250,1962334026,443,38667,TCP,1521118750464816,52,4,5,8,59607,2,0,59,40164
517385572,4093843478,80,50520,TCP,1521118750464816,1450,4,5,2,25568,2,0,59,65047
790367182,3978971499,80,10972,TCP,1521118750464817,57,4,5,0,40448,2,0,239,31806
2279000371,3390574635,443,45470,TCP,1521118750464817,1140,4,5,0,60682,2,0,59,9004
517385572,4093843478,80,50520,TCP,1521118750464818,1450,4,5,2,25569,2,0,59,65046
2279000371,3390574635,443,45470,TCP,1521118750464819,1140,4,5,0,60683,2,0,59,9003
2098499934,1074109323,80,49104,TCP,1521118750464820,1500,4,5,0,48506,2,0,60,37278
3310683221,2317271739,53,34056,UDP,1521118750464822,1473,4,5,0,62389,0,0,59,28658
4173841903,3569702819,80,44618,TCP,1521118750464823,1480,4,5,0,20134,2,0,52,1898
942637450,1074109367,443,45442,TCP,1521118750464825,1500,4,5,8,35537,2,0,246,24268
1053265513,3453596722,80,52836,TCP,1521118750464826,1492,4,5,0,41537,2,0,240,37797
1053265513,3453596722,80,52836,TCP,1521118750464828,374,4,5,0,41538,2,0,240,38914
942637450,1074109367,443,45442,TCP,1521118750464828,1500,4,5,8,35538,2,0,246,24267
4173841903,3569702819,80,44618,TCP,1521118750464829,1480,4,5,0,20135,2,0,52,1897
942637450,1074109367,443,45442,TCP,1521118750464830,1500,4,5,8,35539,2,0,246,24266
3502191933,3608384669,443,26325,TCP,1521118750464832,83,4,5,0,61658,2,0,239,10524
942637450,1074109367,443,45442,TCP,1521118750464832,1500,4,5,8,35540,2,0,246,24265
356827428,3453268005,443,50476,TCP,1521118750464833,40,4,5,0,42318,2,0,241,36894
283226576,1962400215,8443,55100,TCP,1521118750464833,52,4,5,0,47324,2,0,58,30311
2258940746,3978971494,2515,23852,TCP,1521118750464833,52,4,5,0,47335,2,0,58,5981
596214323,3452100516,6881,22106,UDP,1521118750464833,1430,4,5,0,43891,0,0,55,32704
2098499934,1074109323,80,49104,TCP,1521118750464835,1500,4,5,0,48507,2,0,60,37277
942637450,1074109367,443,45442,TCP,1521118750464836,1500,4,5,8,35541,2,0,246,24264
942637450,1074109367,443,45442,TCP,1521118750464838,1500,4,5,8,35542,2,0,246,24263
942637450,1074109367,443,45442,TCP,1521118750464839,1500,4,5,8,35543,2,0,246,24262
942637450,1074109367,443,45442,TCP,1521118750464840,1500,4,5,8,35544,2,0,246,24261
913560807,2320218706,34777,23,TCP,1521118750464841,59,4,5,0,16489,2,0,51,46939
942637450,1074109367,443,45442,TCP,1521118750464842,1500,4,5,8,35545,2,0,246,24260
942637450,1074109367,443,45442,TCP,1521118750464843,97,4,5,8,35546,2,0,246,25662
799624011,3978971493,443,50848,TCP,1521118750464843,1500,4,5,0,23565,2,0,240,30602
2005836026,4030665149,443,58171,TCP,1521118750464844,1440,4,5,0,56486,0,0,58,33836
3502191933,3608384669,443,26325,TCP,1521118750464845,52,4,5,0,61659,2,0,239,10554
2248767681,3890314063,53,60345,UDP,1521118750464845,135,4,5,0,32728,0,0,60,40082
799624011,3978971493,443,50848,TCP,1521118750464847,1500,4,5,0,23566,2,0,240,30601
2121738028,3451406761,6881,2329,UDP,1521118750464848,132,4,5,0,24487,0,0,117,10429
517385572,4093843478,80,50520,TCP,1521118750464862,1450,4,5,2,25570,2,0,59,65045
1067797565,3334582285,9001,56922,TCP,1521118750464865,52,4,5,0,22716,2,0,237,12886
2279000371,3390574635,443,45470,TCP,1521118750464865,1140,4,5,0,60684,2,0,59,9002
843783394,3390980481,8101,50959,TCP,1521118750464866,1500,4,5,0,42681,2,0,59,14486
2279000371,3390574635,443,45470,TCP,1521118750464868,1140,4,5,0,60685,2,0,59,9001
2279000371,3390574635,443,45470,TCP,1521118750464869,1140,4,5,0,60686,2,0,59,9000
4277341526,1235567967,63454,445,TCP,1521118750464870,41,4,5,0,10654,2,0,114,17379
517385572,4093843478,80,50520,TCP,1521118750464870,1450,4,5,2,25571,2,0,59,65044
517385572,4093843478,80,50520,TCP,1521118750464871,1450,4,5,2,25572,2,0,59,65043
2279000371,3390574635,443,45470,TCP,1521118750464872,1140,4,5,0,60687,2,0,59,8999
2500881464,3447595365,443,51220,TCP,1521118750464873,76,4,5,0,35611,2,0,54,51556
517385572,4093843478,80,50520,TCP,1521118750464873,1450,4,5,2,25573,2,0,59,65042
1258890961,3390572372,80,16479,TCP,1521118750464874,1140,4,5,0,37433,2,0,59,26116
751906165,2270145487,443,63249,TCP,1521118750464875,554,4,5,0,32931,2,0,237,32197
741578509,3350329585,443,27193,TCP,1521118750464876,52,4,5,0,62461,2,0,237,5602
1258890961,3390572372,80,16479,TCP,1521118750464882,1140,4,5,0,37434,2,0,59,26115
3307968663,3978971496,443,53676,TCP,1521118750464883,52,4,5,32,6738,2,0,59,37116
3672214931,1962334195,62325,9042,UDP,1521118750464883,712,4,5,0,15131,2,0,61,19115
3766937918,3484910926,443,49182,TCP,1521118750464885,1400,4,5,32,37923,2,0,61,34161
3766937918,3484910926,443,49182,TCP,1521118750464886,1400,4,5,32,37924,2,0,61,34160
1262717388,3472905749,119,26497,UDP,1521118750464887,1427,4,5,0,53200,2,0,59,28772
2279000371,3390574635,443,45470,TCP,1521118750464896,1140,4,5,0,60688,2,0,59,8998
2279000371,3390574635,443,45470,TCP,1521118750464897,1140,4,5,0,60689,2,0,59,8997
133032595,3445813100,51987,1485,UDP,1521118750464898,1395,4,5,24,11188,2,0,56,25182
799624011,3978971493,443,50848,TCP,1521118750464906,1500,4,5,0,23567,2,0,240,30600
2279000371,3390574635,443,45470,TCP,1521118750464907,1140,4,5,0,60690,2,0,59,8996
2279000371,3390574635,443,45470,TCP,1521118750464908,1140,4,5,0,60691,2,0,59,8995
799624011,3978971493,443,50848,TCP,1521118750464909,1500,4,5,0,23568,2,0,240,30599
938035632,3978971491,35886,80,TCP,1521118750464920,52,4,5,0,54825,2,0,59,45427
2513602416,3391056306,80,58121,TCP,1521118750464922,1500,4,5,0,29925,2,0,119,14370
2244988905,4103963796,16652,28089,UDP,1521118750464925,54,4,5,0,1886,0,0,115,29038
2513602416,3391056306,80,58121,TCP,1521118750464932,1500,4,5,0,29926,2,0,119,14369
517385572,4093843478,80,50520,TCP,1521118750464935,1450,4,5,2,25574,2,0,59,65041
2116530499,3890314025,80,50520,TCP,1521118750464936,120,4,5,8,34382,0,0,55,27272
517385572,4093843478,80,50520,TCP,1521118750464936,1450,4,5,2,25575,2,0,59,65040
1690641078,3390572167,443,19126,TCP,1521118750464938,637,4,5,0,60751,2,0,55,64528
3672228960,1074109394,443,35830,TCP,1521118750464941,452,4,5,0,51444,2,0,61,63525
2279000361,3390969558,80,58764,TCP,1521118750464941,1500,4,5,0,27691,2,0,59,39932
2513602416,3391056306,80,58121,TCP,1521118750464943,1500,4,5,0,29927,2,0,119,14368
3542516066,4030665149,443,52920,UDP,1521118750464944,1378,4,5,0,0,2,0,58,58629
517385572,4093843478,80,50520,TCP,1521118750464945,1450,4,5,2,25576,2,0,59,65039
517385572,4093843478,80,50520,TCP,1521118750464946,1450,4,5,2,25577,2,0,59,65038
2279000371,3390574635,443,45470,TCP,1521118750464948,1140,4,5,0,60692,2,0,59,8994
2279000371,3390574635,443,45470,TCP,1521118750464949,1140,4,5,0,60693,2,0,59,8993
2279000371,3390574635,443,45470,TCP,1521118750464950,1140,4,5,0,60694,2,0,59,8992
2279000371,3390574635,443,45470,TCP,1521118750464951,1140,4,5,0,60695,2,0,59,8991
2279000361,3390969558,80,58764,TCP,1521118750464952,1500,4,5,0,27692,2,0,59,39931
4173841903,3569702819,80,44618,TCP,1521118750464955,1480,4,5,0,20136,2,0,52,1896
4173841903,3569702819,80,44618,TCP,1521118750464957,1480,4,5,0,20137,2,0,52,1895
133032595,3445813100,51987,1485,UDP,1521118750464962,1395,4,5,24,11189,2,0,56,25181
3672228960,1074109394,443,35830,TCP,1521118750464964,124,4,5,0,51445,2,0,61,63852
738265377,3978971499,443,19700,TCP,1521118750464966,626,4,5,0,56448,2,0,240,16461
2279000361,3390969558,80,58764,TCP,1521118750464967,1500,4,5,0,27693,2,0,59,39930
4080466319,3455005972,443,55007,TCP,1521118750464968,594,4,5,0,26329,2,0,41,63746
1759271814,283551454,54919,50022,TCP,1521118750464969,40,4,5,8,44513,0,0,244,40127
790367182,3978971497,80,46432,TCP,1521118750464970,57,4,5,0,62944,2,0,239,9312
738508114,3978971484,443,39314,TCP,1521118750464972,52,4,5,0,26348,2,0,241,762
2098499934,1074109323,80,49104,TCP,1521118750464973,1500,4,5,0,48508,2,0,60,37276
2098499934,1074109323,80,49104,TCP,1521118750464974,88,4,5,0,48509,2,0,60,38687
2279000361,3390969558,80,58764,TCP,1521118750464976,1500,4,5,0,27694,2,0,59,39929
569714670,1962334044,443,35139,TCP,1521118750464977,1500,4,5,0,39900,2,0,57,2570
569714670,1962334044,443,35139,TCP,1521118750464979,1500,4,5,0,39901,2,0,57,2569
569714670,1962334044,443,35139,TCP,1521118750464983,1500,4,5,0,39902,2,0,57,2568
2340595168,1962333969,52727,443,TCP,1521118750464984,52,4,5,0,0,2,0,51,51801
2279000361,3390969558,80,58764,TCP,1521118750464984,1500,4,5,0,27695,2,0,59,39928
132790060,1962334195,35576,9043,UDP,1521118750464986,192,4,5,0,39916,2,0,58,6209
799624011,3978971493,443,50848,TCP,1521118750464988,1500,4,5,0,23569,2,0,240,30598
2279000361,3390969558,80,58764,TCP,1521118750464990,1500,4,5,0,27696,2,0,59,39927
269242585,3978971491,443,23016,TCP,1521118750464991,52,4,5,0,55483,2,0,58,53397
799624011,3978971493,443,50848,TCP,1521118750464992,1500,4,5,0,23570,2,0,240,30597
2236282584,1235594664,50255,445,TCP,1521118750464993,40,4,5,0,17014,2,0,115,20969
2279000371,3390574635,443,45470,TCP,1521118750464994,1140,4,5,0,60696,2,0,59,8990
3466406066,846899162,443,45944,TCP,1521118750464996,1480,4,5,0,64199,2,0,56,28868
2279000371,3390574635,443,45470,TCP,1521118750464997,1140,4,5,0,60697,2,0,59,8989
517385572,4093843478,80,50520,TCP,1521118750464999,1450,4,5,2,25578,2,0,59,65037
569714670,1962334044,443,35139,TCP,1521118750465000,1500,4,5,0,39903,2,0,57,2567
3466406066,846899162,443,45944,TCP,1521118750465001,1480,4,5,0,64200,2,0,56,28867
517385572,4093843478,80,50520,TCP,1521118750465003,1450,4,5,2,25579,2,0,59,65036
2087007426,2270145478,443,22239,TCP,1521118750465004,303,4,5,0,19169,2,0,116,54954
3466406066,846899162,443,45944,TCP,1521118750465005,829,4,5,0,64201,2,0,56,29517
2005801108,3450102589,443,45200,UDP,1521118750465005,1378,4,5,8,0,2,0,58,31359
2279000361,3390969558,80,58764,TCP,1521118750465006,1500,4,5,0,27697,2,0,59,39926
517385572,4093843478,80,50520,TCP,1521118750465008,1450,4,5,2,25580,2,0,59,65035
569714670,1962334044,443,35139,TCP,1521118750465009,1500,4,5,0,39904,2,0,57,2566
2279000361,3390969558,80,58764,TCP,1521118750465010,1500,4,5,0,27698,2,0,59,39925
569714670,1962334044,443,35139,TCP,1521118750465011,1500,4,5,0,39905,2,0,57,2565
517385572,4093843478,80,50520,TCP,1521118750465013,1450,4,5,2,25581,2,0,59,65034
353412874,4225762974,443,59860,TCP,1521118750465017,52,4,5,0,55435,2,0,52,44959
2279000361,3390969558,80,58764,TCP,1521118750465020,1500,4,5,0,27699,2,0,59,39924
790367182,3978971499,80,30226,TCP,1521118750465021,57,4,5,0,57935,2,0,239,14319
800783747,3347702009,443,46485,TCP,1521118750465032,64,4,5,0,14447,2,0,237,32647
2258940747,3978971495,2515,61168,TCP,1521118750465040,52,4,5,0,43058,2,0,58,10256
751371240,3474449685,443,27912,TCP,1521118750465043,423,4,5,0,27881,2,0,240,14217
2279000361,3390969558,80,58764,TCP,1521118750465049,1500,4,5,0,27700,2,0,59,39923
569714670,1962334044,443,35139,TCP,1521118750465051,969,4,5,0,39906,2,0,57,3095
269242579,3978971488,80,8572,TCP,1521118750465051,52,4,5,0,1607,2,0,58,41747
799624011,3978971493,443,50848,TCP,1521118750465053,1080,4,5,0,23571,2,0,240,31016
4141455631,2059628448,53038,443,TCP,1521118750465054,52,4,5,0,18832,2,0,51,33767
2279000361,3390969558,80,58764,TCP,1521118750465055,1500,4,5,0,27701,2,0,59,39922
2279000361,3390969558,80,58764,TCP,1521118750465056,1500,4,5,0,27702,2,0,59,39921
790642033,3349742279,30000,49313,TCP,1521118750465057,258,4,5,0,10617,2,0,240,10619
2279000361,3390969558,80,58764,TCP,1521118750465060,1500,4,5,0,27703,2,0,59,39920
2279000361,3390969558,80,58764,TCP,1521118750465061,1500,4,5,0,27704,2,0,59,39919
3741785781,3978971490,443,12434,TCP,1521118750465062,52,4,5,0,50010,2,0,248,35615
1653412125,3257584071,443,27480,TCP,1521118750465062,1480,4,5,0,33768,2,0,56,47531
2116530499,3890314025,443,27480,TCP,1521118750465063,152,4,5,8,34383,0,0,55,27239
2258940778,3978971487,2515,2412,TCP,1521118750465064,52,4,5,0,22688,2,0,58,30603
2005170344,3338559050,80,60405,TCP,1521118750465064,60,4,5,0,3827,2,0,247,24403
517385572,4093843478,80,50520,TCP,1521118750465067,1450,4,5,2,25582,2,0,59,65033
2279000371,3242286394,80,51666,TCP,1521118750465070,1476,4,5,0,64664,2,0,59,52757
505254903,1235566783,59711,445,TCP,1521118750465071,40,4,5,8,550,2,0,115,51497
505254903,1235566783,59711,445,TCP,1521118750465071,40,4,5,8,551,2,0,115,51496
517385572,4093843478,80,50520,TCP,1521118750465073,1450,4,5,2,25583,2,0,59,65032
2570437311,3396755357,3478,34029,UDP,1521118750465077,116,4,5,0,5550,0,0,57,58818
1234923768,3447550378,443,54056,TCP,1521118750465083,139,4,5,0,13430,2,0,54,5692
2108442214,3484693593,25,60979,TCP,1521118750465087,194,4,5,0,37435,2,0,250,9690
2108442214,3484693593,25,60979,TCP,1521118750465087,52,4,5,0,37438,2,0,250,9829
1741888656,3390574679,26002,62348,TCP,1521118750465099,144,4,5,2,23771,2,0,122,17592
3335984953,3455737260,24323,26139,UDP,1521118750465101,48,4,5,0,29549,0,0,116,51608
2279000361,3390969558,80,58764,TCP,1521118750465102,1500,4,5,0,27705,2,0,59,39918
4173841903,3569702819,80,44618,TCP,1521118750465103,1480,4,5,0,20138,2,0,52,1894
2279000361,3390969558,80,58764,TCP,1521118750465105,1500,4,5,0,27706,2,0,59,39917
2279000361,3390969558,80,58764,TCP,1521118750465106,1500,4,5,0,27707,2,0,59,39916
2116530499,3890314025,80,58764,TCP,1521118750465107,120,4,5,8,34384,0,0,55,27270
4173841903,3569702819,80,44618,TCP,1521118750465108,1480,4,5,0,20139,2,0,52,1893
2249791296,3473703260,52211,7179,UDP,1521118750465110,44,4,5,0,7512,2,0,121,63142
537723948,3617663516,49324,60557,UDP,1521118750465111,96,4,5,0,16570,0,0,114,57820
741578509,3350329585,443,27193,TCP,1521118750465115,52,4,5,0,62462,2,0,237,5601
1879482191,3350328317,51413,42116,UDP,1521118750465120,48,4,5,0,27268,2,0,56,3380
738835323,3453282070,443,39344,TCP,1521118750465121,111,4,5,8,54624,2,0,237,7088
3527255911,4030665106,443,37352,UDP,1521118750465122,1378,4,5,0,0,2,0,58,49172
269242573,3978971497,443,4432,TCP,1521118750465124,635,4,5,0,64967,2,0,58,43336
2005835792,3618740934,443,26897,UDP,1521118750465143,1378,4,5,0,0,2,0,59,45172
3801788594,3454820213,443,48676,TCP,1521118750465146,1280,4,5,0,15582,2,0,55,16747
3801788594,3454820213,443,48676,TCP,1521118750465147,1280,4,5,0,15583,2,0,55,16746
3766937918,3608304950,443,37722,TCP,1521118750465151,1500,4,5,40,22272,2,0,61,58085
3766937918,3608304950,443,37722,TCP,1521118750465153,1500,4,5,40,22273,2,0,61,58084
3403274093,3233196691,57275,1222,TCP,1521118750465154,40,4,5,0,15972,0,0,248,30426
1636128626,3890314065,53,24892,UDP,1521118750465157,117,4,5,0,28484,0,0,57,62985
2005836005,3618740937,443,27197,UDP,1521118750465163,1378,4,5,0,0,2,0,58,45212
1066800213,3268407821,443,50989,TCP,1521118750465166,40,4,5,0,59008,2,0,49,23175
2258940502,3978971485,443,21126,TCP,1521118750465166,60,4,5,0,0,2,0,60,53049
548104481,3390881530,9998,37426,TCP,1521118750465167,52,4,5,0,25480,2,0,119,36184
2096345672,3455722642,80,47428,TCP,1521118750465174,1300,4,5,0,13110,2,0,58,59109
1462421284,2059628448,4660,443,TCP,1521118750465177,178,4,5,0,14178,2,0,45,3378
3654682125,3349796488,4660,443,TCP,1521118750465180,56,4,5,192,40438,0,0,247,42744
1950692073,3390572060,443,59816,TCP,1521118750465180,40,4,5,72,0,2,0,55,52261
538542359,3390957442,41972,55446,UDP,1521118750465183,48,4,5,0,16124,0,0,117,46064
942637450,1074109367,443,45442,TCP,1521118750465188,1500,4,5,8,35658,2,0,246,24147
942637450,1074109367,443,45442,TCP,1521118750465189,97,4,5,8,35659,2,0,246,25549
743848427,3338138089,443,36668,TCP,1521118750465190,747,4,5,0,13033,2,0,240,13825
2510184632,3337636459,7102,50241,TCP,1521118750465198,836,4,5,8,23486,2,0,53,57147
1886202460,2320218392,6882,46891,TCP,1521118750465212,40,4,5,0,32036,2,0,54,59774
1544610339,3445759478,20434,26559,UDP,1521118750465216,48,4,5,0,6409,0,0,117,808
718026168,3455663864,7008,7855,UDP,1521118750465226,51,4,5,9,61952,2,0,54,58682
718025950,3608928171,7008,62088,UDP,1521118750465229,119,4,5,9,5285,2,0,54,6487
790642033,3349742279,30000,49313,TCP,1521118750465230,78,4,5,0,10618,2,0,240,10798
3527255965,4030665149,443,6270,TCP,1521118750465230,1440,4,5,0,38608,0,0,58,26800
1260612400,3349794490,38789,10987,TCP,1521118750465234,40,4,5,0,12216,2,0,120,34400
1898886974,3353372333,53368,36725,UDP,1521118750465246,48,4,5,0,2603,0,0,116,58775
2075950845,4093844222,443,61074,TCP,1521118750465250,44,4,5,0,0,2,0,58,14097
3403274093,855358754,57275,4770,TCP,1521118750465252,40,4,5,0,41672,0,0,248,36258
1877670658,3446787892,993,49822,TCP,1521118750465257,109,4,5,0,59005,2,0,51,22906
460775548,4030689555,64011,32570,UDP,1521118750465259,347,4,5,0,16174,0,0,117,43038
2340595091,283728570,54308,443,TCP,1521118750465260,1492,4,5,0,32648,2,0,115,58850
2209374351,3451407533,5223,56298,TCP,1521118750465261,52,4,5,0,51720,2,0,56,31254
3741785781,3978971491,443,19792,TCP,1521118750465265,465,4,5,0,1443,2,0,248,18233
792586140,4218161416,443,26880,TCP,1521118750465271,281,4,5,0,15027,2,0,237,14045
1568402209,3391040596,59446,8999,TCP,1521118750465271,40,4,5,0,11778,2,0,114,39869
3502238286,3454861029,443,60542,TCP,1521118750465272,52,4,5,0,43341,2,0,231,25237
2538930534,3890314056,53,15752,UDP,1521118750465286,277,4,5,0,39053,0,0,49,62565
1286694856,3571693341,80,49937,TCP,1521118750465286,129,4,5,0,59213,2,0,56,6831
3741560348,3257541991,8074,28142,TCP,1521118750465290,1440,4,5,0,20828,2,0,56,30538
3741785783,3453268893,443,60410,TCP,1521118750465299,227,4,5,0,64708,2,0,248,1567
2291623535,3390574681,443,2620,TCP,1521118750465300,60,4,5,0,0,2,0,56,31044
2510188297,3349796374,80,4129,TCP,1521118750465307,1480,4,5,0,51354,2,0,54,54317
356828618,3348631480,443,25278,TCP,1521118750465313,40,4,5,0,10075,2,0,241,45077
2570437311,3396755357,3478,34029,UDP,1521118750465315,116,4,5,0,5551,0,0,57,58817
2510188297,3349796374,80,4129,TCP,1521118750465316,1480,4,5,0,51355,2,0,54,54316
2137332786,3484914541,56418,60898,UDP,1521118750465324,913,4,5,0,7950,2,0,123,56977
2493307429,3268407969,33815,20712,TCP,1521118750465328,60,4,5,0,56477,2,0,53,17643
3378910392,3391062777,55059,16869,UDP,1521118750465334,54,4,5,0,9027,0,0,117,63292
2083349706,3349825838,37636,33435,UDP,1521118750465338,40,4,5,0,30396,2,0,4,3641
1655523733,3617785019,3074,1024,UDP,1521118750465342,124,4,5,0,31919,0,0,53,32801
1773388026,843156147,1093,445,TCP,1521118750465352,52,4,5,0,6693,2,0,114,1789
3838474407,2325249293,443,29770,TCP,1521118750465356,52,4,5,0,7612,2,0,57,48880
1902972905,3353385922,6890,55858,TCP,1521118750465358,576,4,5,0,62645,2,0,56,26377
1902972905,3353385922,6890,55858,TCP,1521118750465359,576,4,5,0,62646,2,0,56,26376
938031650,3255953002,53147,58612,UDP,1521118750465361,528,4,5,0,18821,2,0,118,40656
3741785781,3978971494,443,18996,TCP,1521118750465362,466,4,5,0,13288,2,0,248,6384
942637450,1074109367,443,45442,TCP,1521118750465375,1500,4,5,8,35739,2,0,246,24066
942637450,1074109367,443,45442,TCP,1521118750465376,1500,4,5,8,35740,2,0,246,24065
3415595500,3324053286,30711,23,TCP,1521118750465378,40,4,5,0,8398,0,0,54,61752
942637450,1074109367,443,45442,TCP,1521118750465378,1500,4,5,8,35741,2,0,246,24064
942637450,1074109367,443,45442,TCP,1521118750465382,1500,4,5,8,35742,2,0,246,24063
942637450,1074109367,443,45442,TCP,1521118750465383,1500,4,5,8,35743,2,0,246,24062
133032595,3445813100,51987,1485,UDP,1521118750465385,1394,4,5,24,11190,2,0,56,25181
1920262614,3349763613,8000,52687,TCP,1521118750465386,1093,4,5,0,48924,2,0,57,3205
942637450,1074109367,443,45442,TCP,1521118750465387,1500,4,5,8,35744,2,0,246,24061
741578509,3350329585,443,27193,TCP,1521118750465388,52,4,5,0,62463,2,0,237,5600
942637450,1074109367,443,45442,TCP,1521118750465388,1500,4,5,8,35745,2,0,246,24060
942637450,1074109367,443,45442,TCP,1521118750465389,97,4,5,8,35746,2,0,246,25462
3520540551,3396737234,21045,34146,UDP,1521118750465389,1453,4,5,0,15067,0,0,115,8894
3741785781,3978971485,443,44580,TCP,1521118750465391,52,4,5,0,6324,2,0,248,13771
3520540551,3396737234,21045,34146,UDP,1521118750465401,1453,4,5,0,15068,0,0,115,8893
1738850288,3391002922,65030,44822,TCP,1521118750465404,1492,4,5,0,12148,2,0,121,16850
743736485,3350286954,443,3498,TCP,1521118750465421,1492,4,5,0,39208,2,0,245,7142
743736485,3350286954,443,3498,TCP,1521118750465424,1492,4,5,0,39209,2,0,245,7141
789291060,3978971498,443,38314,TCP,1521118750465425,529,4,5,0,6292,2,0,240,27262
1615216412,3390993593,63869,64241,UDP,1521118750465429,1308,4,5,0,3969,0,0,118,21014
752545696,3390574914,80,24534,TCP,1521118750465434,64,4,5,0,18595,2,0,237,19775
133969977,3455650445,32733,20035,UDP,1521118750465438,1466,4,5,0,7387,0,0,117,2717
1056157822,3608385021,80,2486,TCP,1521118750465439,52,4,5,0,42767,2,0,240,34609
1226507878,3978971487,443,31996,TCP,1521118750465447,52,4,5,0,45581,2,0,240,21163
3525080473,3242265810,80,64049,TCP,1521118750465447,52,4,5,0,49564,2,0,52,28510
2087007439,2270145412,443,59486,TCP,1521118750465457,303,4,5,0,6632,2,0,118,1497
752780092,3453619662,443,50040,TCP,1521118750465457,40,4,5,0,41342,2,0,239,24206
2087007432,2270145422,443,33332,TCP,1521118750465473,303,4,5,0,285,2,0,116,8353
3331092295,1962334015,57167,80,TCP,1521118750465479,40,4,5,0,31990,2,0,112,3024
3310683221,2317271739,53,34056,UDP,1521118750465487,1473,4,5,0,62390,0,0,59,28657
2303811949,843174960,51087,445,TCP,1521118750465490,40,4,5,0,25327,2,0,110,47280
2279000361,3390969558,80,58764,TCP,1521118750465495,1500,4,5,0,27708,2,0,59,39915
795709583,3978971490,443,38560,TCP,1521118750465501,52,4,5,0,12705,2,0,240,25241
2279000361,3390969558,80,58764,TCP,1521118750465502,1500,4,5,0,27709,2,0,59,39914
3306120868,3348718722,80,57422,TCP,1521118750465505,1452,4,5,0,35911,2,0,53,23605
817189061,3617828642,443,48613,TCP,1521118750465507,40,4,5,0,34087,2,0,51,47720
2303811949,843174960,51087,445,TCP,1521118750465508,143,4,5,0,25328,2,0,110,47176
2279000361,3390969558,80,58764,TCP,1521118750465517,1500,4,5,0,27710,2,0,59,39913
1378935305,3349794490,58978,1108,UDP,1521118750465520,48,4,5,0,7753,0,0,115,24278
2279000361,3390969558,80,58764,TCP,1521118750465521,1500,4,5,0,27711,2,0,59,39912
3978976558,3978971496,80,17358,TCP,1521118750465530,60,4,5,0,0,2,0,61,48336
2279000361,3390969558,80,58764,TCP,1521118750465532,1500,4,5,0,27712,2,0,59,39911
741534568,3338520074,443,37777,TCP,1521118750465533,52,4,5,0,42050,2,0,237,17630
4116867658,2332132086,39279,1755,TCP,1521118750465535,40,4,5,0,54321,0,0,247,33273
1833339075,3453720621,39279,1755,TCP,1521118750465537,76,4,5,192,46635,0,0,53,29363
3585080803,4093757170,5222,49341,TCP,1521118750465542,52,4,5,0,35855,2,0,54,10797
2279000361,3390969558,80,58764,TCP,1521118750465554,1500,4,5,0,27713,2,0,59,39910
2131132838,3233164409,465,48312,TCP,1521118750465556,142,4,5,0,6452,2,0,53,15962
2279000361,3390969558,80,58764,TCP,1521118750465557,1500,4,5,0,27714,2,0,59,39909
569371935,3618637981,443,27144,TCP,1521118750465559,1417,4,5,0,39148,0,0,246,14118
1178466980,3443718479,35857,1024,UDP,1521118750465560,48,4,5,0,28411,0,0,106,55885
2279000361,3390969558,80,58764,TCP,1521118750465567,1500,4,5,0,27715,2,0,59,39908
1617214367,846942810,25,50568,TCP,1521118750465568,52,4,5,0,61961,2,0,52,46049
2146116885,846821197,443,61672,TCP,1521118750465569,1480,4,5,0,18989,2,0,53,42812
2146116885,846821197,443,61672,TCP,1521118750465571,126,4,5,0,18990,2,0,53,44165
2114159678,3890314076,53,45387,UDP,1521118750465571,130,4,5,8,14840,0,0,55,58347
3585853425,3257646882,5222,29296,TCP,1521118750465574,60,4,5,0,18837,2,0,54,56363
3525080473,3242265810,80,64049,TCP,1521118750465575,176,4,5,0,49565,2,0,52,28385
2279000361,3390969558,80,58764,TCP,1521118750465579,1500,4,5,0,27716,2,0,59,39907
942637450,1074109367,443,45442,TCP,1521118750465580,1500,4,5,8,35769,2,0,246,24036
3766890141,3453678741,443,51477,TCP,1521118750465581,1412,4,5,8,8583,2,0,59,18257
942637450,1074109367,443,45442,TCP,1521118750465584,1500,4,5,8,35770,2,0,246,24035
942637450,1074109367,443,45442,TCP,1521118750465585,1500,4,5,8,35771,2,0,246,24034
942637450,1074109367,443,45442,TCP,1521118750465587,1500,4,5,8,35772,2,0,246,24033
942637450,1074109367,443,45442,TCP,1521118750465588,1500,4,5,8,35773,2,0,246,24032
942637450,1074109367,443,45442,TCP,1521118750465589,1500,4,5,8,35774,2,0,246,24031
942637450,1074109367,443,45442,TCP,1521118750465591,1500,4,5,8,35775,2,0,246,24030
942637450,1074109367,443,45442,TCP,1521118750465592,1500,4,5,8,35776,2,0,246,24029
942637450,1074109367,443,45442,TCP,1521118750465593,105,4,5,8,35777,2,0,246,25423
1234923770,3233197160,443,49894,TCP,1521118750465593,52,4,5,0,60024,2,0,54,12951
2340596857,1962334175,52914,80,TCP,1521118750465593,40,4,5,0,1119,2,0,111,33439
1258884182,3242262786,59863,80,TCP,1521118750465595,60,4,5,0,7068,2,0,59,2686
740626694,1962334036,443,49944,TCP,1521118750465596,217,4,5,0,32633,2,0,240,33071
2279000361,3390969558,80,58764,TCP,1521118750465601,1500,4,5,0,27717,2,0,59,39906
741578509,3350329585,443,27193,TCP,1521118750465602,52,4,5,0,62464,2,0,237,5599
2279000361,3390969558,80,58764,TCP,1521118750465602,1500,4,5,0,27718,2,0,59,39905
3307379311,3447595366,443,9371,TCP,1521118750465604,1400,4,5,0,14941,2,0,55,46508
2279000361,3390969558,80,58764,TCP,1521118750465606,1500,4,5,0,27719,2,0,59,39904
2279000361,3390969558,80,58764,TCP,1521118750465607,1500,4,5,0,27720,2,0,59,39903
3307379311,3447595366,443,9371,TCP,1521118750465610,1400,4,5,0,14942,2,0,55,46507
552558890,3618743570,1043,50625,UDP,1521118750465611,1308,4,5,0,23155,0,0,119,58752
3307379311,3447595366,443,9371,TCP,1521118750465612,1400,4,5,0,14943,2,0,55,46506
3307379311,3447595366,443,9371,TCP,1521118750465613,1400,4,5,0,14944,2,0,55,46505
2279000361,3390969558,80,58764,TCP,1521118750465616,1500,4,5,0,27721,2,0,59,39902
504317775,3472993356,443,59492,TCP,1521118750465621,1450,4,5,0,45336,2,0,91,34953
504317775,3472993356,443,59492,TCP,1521118750465622,1450,4,5,0,45337,2,0,91,34952
2279000361,3390969558,80,58764,TCP,1521118750465627,1500,4,5,0,27722,2,0,59,39901
2381070206,3348707105,53,15700,UDP,1521118750465628,321,4,5,0,0,2,0,55,30343
1853682047,3390997017,1174,20392,UDP,1521118750465629,1466,4,5,0,32566,0,0,120,4553
740754535,3455008265,80,51255,TCP,1521118750465630,40,4,5,8,19632,2,0,237,1169
1853682047,3390997017,1174,20392,UDP,1521118750465633,1466,4,5,0,32567,0,0,120,4552
2279000361,3390969558,80,58764,TCP,1521118750465635,1500,4,5,0,27723,2,0,59,39900
2247135708,3348718753,25454,27141,UDP,1521118750465636,48,4,5,0,23361,0,0,116,42868
3525080473,3242265810,80,64049,TCP,1521118750465636,364,4,5,0,49566,2,0,52,28196
3912504010,3447542159,17938,45468,UDP,1521118750465640,129,4,5,0,16338,0,0,118,59790
795164706,3978971494,443,52698,TCP,1521118750465657,1500,4,5,0,27454,2,0,240,29637
795164706,3978971494,443,52698,TCP,1521118750465661,1500,4,5,0,27455,2,0,240,29636
1750602206,3337636696,25122,11010,UDP,1521118750465679,200,4,5,0,0,2,0,56,46502
283226576,1962400215,8443,55100,TCP,1521118750465681,52,4,5,0,47325,2,0,58,30310
279956881,2318946066,445,3980,TCP,1521118750465688,40,4,5,0,9119,2,0,120,10150
3992032455,4218216602,443,55110,TCP,1521118750465689,52,4,5,0,24036,2,0,86,26655
1636059042,1962334034,443,64224,TCP,1521118750465698,1500,4,5,8,53524,2,0,60,29328
3673957380,3257310296,10201,1593,TCP,1521118750465699,82,4,5,0,45506,2,0,59,12388
504322645,2324810533,10201,1593,TCP,1521118750465703,60,4,5,0,5364,2,0,56,24498
796758886,3455014868,443,2351,TCP,1521118750465705,1492,4,5,0,47383,2,0,46,42341
796758886,3455014868,443,2351,TCP,1521118750465706,1492,4,5,0,47384,2,0,46,42340
1636059042,1962334034,443,64224,TCP,1521118750465709,681,4,5,8,53525,2,0,60,30146
3741785781,3978971490,443,12434,TCP,1521118750465711,466,4,5,0,50049,2,0,248,35162
1622231298,3391064796,49359,23988,UDP,1521118750465713,347,4,5,0,10420,0,0,110,9263
1741342885,3608374480,54474,33438,UDP,1521118750465718,92,4,5,0,34908,2,0,3,31457
552558890,3618743570,1043,50625,UDP,1521118750465720,1308,4,5,0,23156,0,0,119,58751
1853682047,3390997017,1174,20392,UDP,1521118750465724,1466,4,5,0,32568,0,0,120,4551
1853682047,3390997017,1174,20392,UDP,1521118750465726,1466,4,5,0,32569,0,0,120,4550
1853682047,3390997017,1174,20392,UDP,1521118750465727,1466,4,5,0,32570,0,0,120,4549
1853682047,3390997017,1174,20392,UDP,1521118750465728,1466,4,5,0,32571,0,0,120,4548
1853682047,3390997017,1174,20392,UDP,1521118750465735,1466,4,5,0,32572,0,0,120,4547
795164706,3978971494,443,52698,TCP,1521118750465736,1500,4,5,0,27456,2,0,240,29635
1636059042,1962334034,443,64224,TCP,1521118750465738,1500,4,5,8,53526,2,0,60,29326
795164706,3978971494,443,52698,TCP,1521118750465740,1500,4,5,0,27457,2,0,240,29634
1853682047,3390997017,1174,20392,UDP,1521118750465741,1466,4,5,0,32573,0,0,120,4546
1853682047,3390997017,1174,20392,UDP,1521118750465743,1466,4,5,0,32574,0,0,120,4545
1853682047,3390997017,1174,20392,UDP,1521118750465744,1466,4,5,0,32575,0,0,120,4544
3272940864,3223150537,15360,58695,UDP,1521118750465755,48,4,5,16,31260,0,0,118,51796
1568402209,3391040596,59446,8999,TCP,1521118750465756,40,4,5,0,11784,2,0,114,39863
1287616680,3353139999,443,7747,TCP,1521118750465756,314,4,5,0,33996,2,0,60,20622
3430701592,3569494444,55289,40382,UDP,1521118750465759,48,4,5,0,32901,0,0,55,56884
1636059042,1962334034,443,64224,TCP,1521118750465761,1500,4,5,8,53527,2,0,60,29325
800677556,842932778,443,46846,TCP,1521118750465766,60,4,5,0,0,2,0,237,43750
1568335860,2059628448,47365,443,TCP,1521118750465768,60,4,5,0,61116,2,0,50,10797
3430701592,3569494444,55289,40382,UDP,1521118750465769,48,4,5,0,50806,0,0,55,38979
2303811949,843174960,51087,445,TCP,1521118750465770,213,4,5,0,25329,2,0,110,47105
1841531130,3472950124,52474,40178,UDP,1521118750465776,1308,4,5,0,15424,0,0,115,15718
738434835,3978971495,443,15614,TCP,1521118750465777,1500,4,5,0,12856,2,0,240,20795
279956881,2318946066,445,3980,TCP,1521118750465778,40,4,5,0,9121,2,0,120,10148
3992029043,3447682110,3478,51070,UDP,1521118750465782,54,4,5,0,16150,2,0,83,12670
3741785781,3978971491,443,32484,TCP,1521118750465782,52,4,5,0,49622,2,0,248,36002
3992029043,3447682110,3478,51070,UDP,1521118750465784,85,4,5,0,16151,2,0,83,12638
738434835,3978971495,443,15614,TCP,1521118750465785,1500,4,5,0,12857,2,0,240,20794
1636059042,1962334034,443,64224,TCP,1521118750465787,1500,4,5,8,53528,2,0,60,29324
3307968865,3978971487,443,65180,TCP,1521118750465789,52,4,5,0,11195,2,0,60,32242
2075941676,3262281986,443,52922,TCP,1521118750465799,40,4,5,0,57062,2,0,59,20108
795164706,3978971494,443,52698,TCP,1521118750465804,1500,4,5,0,27458,2,0,240,29633
795164706,3978971494,443,52698,TCP,1521118750465807,1500,4,5,0,27459,2,0,240,29632
1054399683,3453336983,40998,53,UDP,1521118750465809,83,4,5,0,45802,0,0,175,45478
685499007,3441432272,1397,59328,TCP,1521118750465809,52,4,5,0,4811,2,0,115,1454
1636059042,1962334034,443,64224,TCP,1521118750465811,1500,4,5,8,53529,2,0,60,29323
37414177,3447677014,54245,26459,UDP,1521118750465812,1454,4,5,0,27933,0,0,55,64496
3801788594,4109945893,5222,56291,TCP,1521118750465813,52,4,5,0,25935,2,0,55,35337
738434835,3978971495,443,15614,TCP,1521118750465817,1279,4,5,0,12858,2,0,240,21014
552558890,3618743570,1043,50625,UDP,1521118750465829,1308,4,5,0,23157,0,0,119,58750
751579253,3348719557,443,58823,TCP,1521118750465830,40,4,5,0,42488,2,0,240,22583
740754535,3455008265,80,51255,TCP,1521118750465831,40,4,5,8,19633,2,0,237,1168
360218188,3223169538,443,53924,TCP,1521118750465839,40,4,5,0,65448,2,0,241,35906
1654742714,2318935013,443,53834,TCP,1521118750465840,1450,4,5,0,30877,0,0,48,40248
1654742714,2318935013,443,53834,TCP,1521118750465841,1450,4,5,0,30878,0,0,48,40247
741578509,3350329585,443,27193,TCP,1521118750465843,52,4,5,0,62465,2,0,237,5598
2258940746,3978971494,2515,23852,TCP,1521118750465851,52,4,5,0,47336,2,0,58,5980
3294445932,3890314061,53,38980,UDP,1521118750465856,134,4,5,0,9320,0,0,57,62470
1636059042,1962334034,443,64224,TCP,1521118750465857,1500,4,5,8,53530,2,0,60,29322
790693945,3348705073,443,51449,TCP,1521118750465860,118,4,5,0,46433,2,0,240,42747
569371935,3618637981,443,27144,TCP,1521118750465860,1145,4,5,0,39148,0,0,246,14390
942637450,1074109367,443,45442,TCP,1521118750465862,1500,4,5,8,35818,2,0,246,23987
942637450,1074109367,443,45442,TCP,1521118750465863,97,4,5,8,35819,2,0,246,25389
1067688933,3348704782,443,54216,TCP,1521118750465863,52,4,5,0,9564,2,0,238,36407
3463345575,4109936621,53,46277,TCP,1521118750465864,96,4,5,0,31412,2,0,57,58855
1287616680,3353139999,443,7747,TCP,1521118750465867,109,4,5,0,33997,2,0,60,20826
3438371212,3451141460,22520,50144,TCP,1521118750465874,40,4,5,0,24432,2,0,115,28377
1355782037,4223574900,22568,1085,UDP,1521118750465874,88,4,5,0,6421,0,0,116,42472
795164706,3978971494,443,52698,TCP,1521118750465879,1500,4,5,0,27460,2,0,240,29631
795164706,3978971494,443,52698,TCP,1521118750465880,484,4,5,0,27461,2,0,240,30646
1636059042,1962334034,443,64224,TCP,1521118750465882,1500,4,5,8,53531,2,0,60,29321
3527241872,3618741206,443,60529,UDP,1521118750465890,1378,4,5,0,0,2,0,59,33845
740754535,3455008265,80,51255,TCP,1521118750465893,40,4,5,8,19634,2,0,237,1167
3433012066,3391003023,51741,50034,UDP,1521118750465898,38,4,5,0,19560,0,0,117,11695
1636059042,1962334034,443,64224,TCP,1521118750465907,1500,4,5,8,53532,2,0,60,29320
596214323,3452100516,6881,22106,UDP,1521118750465908,1430,4,5,0,31246,0,0,55,45349
751579253,3348719557,443,58823,TCP,1521118750465909,1340,4,5,0,42489,2,0,240,21282
2098499922,1074109320,443,33364,TCP,1521118750465910,1500,4,5,0,11146,2,0,60,9118
3672201731,1074109413,80,56472,TCP,1521118750465912,52,4,5,0,34292,2,0,61,42752
751579253,3348719557,443,58823,TCP,1521118750465913,1340,4,5,0,42490,2,0,240,21281
751579253,3348719557,443,58823,TCP,1521118750465915,1340,4,5,0,42491,2,0,240,21280
751579253,3348719557,443,58823,TCP,1521118750465916,236,4,5,0,42492,2,0,240,22383
3585093876,2325256397,443,50389,TCP,1521118750465916,52,4,5,0,42699,2,0,54,29678
2087007444,2270145412,443,2564,TCP,1521118750465916,303,4,5,8,13865,2,0,116,60298
1534230695,2345958949,44482,10138,UDP,1521118750465921,48,4,5,0,9367,0,0,112,16403
1907771105,3617809876,12532,2201,TCP,1521118750465921,1400,4,5,0,24239,2,0,116,44225
2098499922,1074109320,443,33364,TCP,1521118750465923,1500,4,5,0,11147,2,0,60,9117
738218934,3978971496,443,26224,TCP,1521118750465924,1500,4,5,0,45993,2,0,240,6953
738218934,3978971496,443,26224,TCP,1521118750465926,1500,4,5,0,45994,2,0,240,6952
3307968869,3978971495,443,24484,TCP,1521118750465930,52,4,5,0,54287,2,0,60,54673
1636059042,1962334034,443,64224,TCP,1521118750465931,1500,4,5,8,53533,2,0,60,29319
552558890,3618743570,1043,50625,UDP,1521118750465932,1308,4,5,0,23158,0,0,119,58749
800738113,3617826026,443,56608,TCP,1521118750465934,60,4,5,0,0,2,0,238,38194
738218934,3978971496,443,26224,TCP,1521118750465935,1500,4,5,0,45995,2,0,240,6951
2098499922,1074109320,443,33364,TCP,1521118750465936,1500,4,5,0,11148,2,0,60,9116
596214323,3452100516,6881,22106,UDP,1521118750465937,1430,4,5,0,14878,0,0,55,61717
3585067749,3442985794,80,59800,TCP,1521118750465939,52,4,5,0,46241,2,0,54,22291
738218934,3978971496,443,26224,TCP,1521118750465942,1500,4,5,0,45996,2,0,240,6950
1809524559,3617785575,41699,1024,UDP,1521118750465943,956,4,5,0,11515,0,0,116,42113
2098499922,1074109320,443,33364,TCP,1521118750465947,1500,4,5,0,11149,2,0,60,9115
3740720993,4103964475,443,35446,TCP,1521118750465955,1500,4,5,0,44167,2,0,55,22371
740754535,3455008265,80,51255,TCP,1521118750465956,40,4,5,8,19635,2,0,237,1166
1761736355,3350313966,11440,52342,UDP,1521118750465962,48,4,5,0,17086,0,0,118,7866
2098499922,1074109320,443,33364,TCP,1521118750465963,1500,4,5,0,11150,2,0,60,9114
2364738705,3452498958,443,57364,TCP,1521118750465965,103,4,5,0,24774,2,0,239,53102
517161541,3455008269,64956,57417,UDP,1521118750465965,84,4,5,0,32485,2,0,117,6559
3740720993,4103964475,443,35446,TCP,1521118750465966,1500,4,5,0,44168,2,0,55,22370
2340498649,1962334015,61635,80,TCP,1521118750465971,40,4,5,0,11137,2,0,114,55486
3527246821,3618740955,443,26916,UDP,1521118750465974,1378,4,5,0,0,2,0,58,29403
2098499922,1074109320,443,33364,TCP,1521118750465976,1500,4,5,0,11151,2,0,60,9113
3527246821,3618740955,443,26916,UDP,1521118750465977,1378,4,5,0,0,2,0,58,29403
738218934,3978971496,443,26224,TCP,1521118750465980,1500,4,5,0,45997,2,0,240,6949
738218934,3978971496,443,26224,TCP,1521118750465981,616,4,5,0,45998,2,0,240,7832
3527246821,3618740955,443,26916,UDP,1521118750465982,1378,4,5,0,0,2,0,58,29403
2098499922,1074109320,443,33364,TCP,1521118750465988,1500,4,5,0,11152,2,0,60,9112
2504658450,1074109291,80,47910,TCP,1521118750465990,52,4,5,0,12005,2,0,57,37906
3740720993,4103964475,443,35446,TCP,1521118750465990,1500,4,5,0,44169,2,0,55,22369
1638017092,2343839444,52019,7823,UDP,1521118750465998,140,4,5,0,15705,0,0,52,3226
230700556,3447622011,443,26923,TCP,1521118750465999,1412,4,5,0,48668,2,0,245,10129
2098499922,1074109320,443,33364,TCP,1521118750466000,1500,4,5,0,11153,2,0,60,9111
230700556,3447622011,443,26923,TCP,1521118750466002,1412,4,5,0,48669,2,0,245,10128
1842240178,3390997148,35325,55526,TCP,1521118750466003,1480,4,5,0,11979,2,0,117,48169
1844252295,842935973,38646,8933,UDP,1521118750466005,48,4,5,0,19896,0,0,117,6830
269242574,3978971490,443,52506,TCP,1521118750466005,529,4,5,0,18522,2,0,58,24358
3504518502,3338646469,17709,50321,UDP,1521118750466006,129,4,5,0,50665,2,0,51,32884
942637450,1074109367,443,45442,TCP,1521118750466009,1500,4,5,8,35847,2,0,246,23958
942637450,1074109367,443,45442,TCP,1521118750466013,1500,4,5,8,35848,2,0,246,23957
2098499922,1074109320,443,33364,TCP,1521118750466018,1500,4,5,0,11154,2,0,60,9110
1844252295,842935973,38646,8933,UDP,1521118750466019,48,4,5,0,19897,0,0,117,6829
942637450,1074109367,443,45442,TCP,1521118750466020,1500,4,5,8,35849,2,0,246,23956
942637450,1074109367,443,45442,TCP,1521118750466022,97,4,5,8,35850,2,0,246,25358
3740720993,4103964475,443,35446,TCP,1521118750466029,1500,4,5,0,44170,2,0,55,22368
2098499922,1074109320,443,33364,TCP,1521118750466031,1500,4,5,0,11155,2,0,60,9109
1470103985,3451398874,45682,1223,UDP,1521118750466035,48,4,5,0,15772,0,0,112,47933
1470103985,3451398874,45682,1223,UDP,1521118750466035,48,4,5,0,15774,0,0,112,47931
3741785781,3978971485,443,44580,TCP,1521118750466040,464,4,5,0,6339,2,0,248,13344
3992030520,2324810533,443,44580,TCP,1521118750466041,60,4,5,0,50935,2,0,51,45032
2623944267,3259942474,41670,60346,UDP,1521118750466045,1449,4,5,0,23060,0,0,118,35301
1280619379,3353312458,8064,40040,TCP,1521118750466046,1412,4,5,0,23012,2,0,58,40222
743800067,3453737447,443,26461,TCP,1521118750466047,1480,4,5,0,27801,2,0,245,49786
743800067,3453737447,443,26461,TCP,1521118750466048,1480,4,5,0,27802,2,0,245,49785
95674627,2059628448,25826,443,TCP,1521118750466050,52,4,5,0,37082,2,0,55,57807
743723124,3446717633,443,28270,TCP,1521118750466053,1400,4,5,0,22997,2,0,246,7856
132790060,1962334195,35576,9043,UDP,1521118750466054,132,4,5,0,39917,2,0,58,6268
743723124,3446717633,443,28270,TCP,1521118750466054,1400,4,5,0,22998,2,0,246,7855
2098499922,1074109320,443,33364,TCP,1521118750466062,1500,4,5,0,11156,2,0,60,9108
2098499922,1074109320,443,33364,TCP,1521118750466063,537,4,5,0,11157,2,0,60,10070
1613909555,4211110796,51413,39587,TCP,1521118750466065,40,4,5,0,0,2,0,58,9182
1539439154,3255897406,587,56775,TCP,1521118750466068,121,4,5,0,39039,2,0,53,34748
2211447547,3451134150,61456,1024,UDP,1521118750466071,77,4,5,0,23724,2,0,112,14510
574683156,3455830664,35020,53281,TCP,1521118750466072,118,4,5,0,19034,2,0,224,40270
1280619379,3353312458,8064,40040,TCP,1521118750466083,1332,4,5,0,23013,2,0,58,40301
1636059042,1962334034,443,64224,TCP,1521118750466084,1500,4,5,8,53534,2,0,60,29318
3223949995,2332752498,50527,443,TCP,1521118750466087,40,4,5,0,8566,2,0,115,3592
741578509,3350329585,443,27193,TCP,1521118750466087,52,4,5,0,62466,2,0,237,5597
3307968869,3978971495,443,24484,TCP,1521118750466089,189,4,5,0,54288,2,0,60,54535
1636059042,1962334034,443,64224,TCP,1521118750466092,1385,4,5,8,53535,2,0,60,29432
232381487,3617810348,5503,39245,UDP,1521118750466093,115,4,5,24,40591,2,0,46,33914
4023727703,4041960754,5222,60185,TCP,1521118750466094,126,4,5,0,18641,2,0,56,30046
710595463,3391002667,51641,21459,TCP,1521118750466095,40,4,5,0,11111,2,0,116,31549
2279000361,3390969558,80,58764,TCP,1521118750466101,1500,4,5,0,27724,2,0,59,39899
942637450,1074109367,443,45442,TCP,1521118750466103,1500,4,5,8,35852,2,0,246,23953
942637450,1074109367,443,45442,TCP,1521118750466104,97,4,5,8,35853,2,0,246,25355
740754535,3455008265,80,51255,TCP,1521118750466104,40,4,5,8,19636,2,0,237,1165
742977056,3623864333,443,33881,TCP,1521118750466104,103,4,5,0,38347,2,0,240,14927
796673982,3447595114,443,1672,TCP,1521118750466104,72,4,5,0,29591,2,0,238,46069
3542495881,1962334046,443,48689,TCP,1521118750466105,52,4,5,0,41741,0,0,58,35762
1842212215,4030689915,42488,1412,UDP,1521118750466109,1452,4,5,0,23748,0,0,52,26237
2279000361,3390969558,80,58764,TCP,1521118750466111,1500,4,5,0,27725,2,0,59,39898
2327042759,3455008393,8999,52424,TCP,1521118750466112,40,4,5,0,0,2,0,56,53468
504317775,3472993356,443,59492,TCP,1521118750466112,1450,4,5,0,45338,2,0,91,34951
504317775,3472993356,443,59492,TCP,1521118750466114,1450,4,5,0,45339,2,0,91,34950
739566070,3334525234,443,28448,TCP,1521118750466117,52,4,5,0,18649,2,0,237,40684
3310683221,2317271739,53,34056,UDP,1521118750466123,1473,4,5,0,62391,0,0,59,28656
2279000361,3390969558,80,58764,TCP,1521118750466125,1500,4,5,0,27726,2,0,59,39897
3766937918,3451407621,443,53534,TCP,1521118750466128,1492,4,5,32,63606,2,0,61,23306
3766937918,3451407621,443,53534,TCP,1521118750466130,1492,4,5,32,63607,2,0,61,23305
2258940777,3978971498,2515,10158,TCP,1521118750466131,52,4,5,0,61109,2,0,58,57707
2450592571,3890314078,53,13120,UDP,1521118750466131,107,4,5,0,57967,0,0,55,39046
738709536,3978971493,443,41674,TCP,1521118750466132,52,4,5,0,40610,2,0,240,47465
2270456716,4093898792,80,2207,TCP,1521118750466133,1073,4,5,0,8109,2,0,58,17933
2279000361,3390969558,80,58764,TCP,1521118750466136,1500,4,5,0,27727,2,0,59,39896
3464977279,3443990866,445,58748,TCP,1521118750466138,40,4,5,0,0,2,0,56,10800
582428960,4103986649,8000,50321,UDP,1521118750466138,126,4,5,0,30115,0,0,115,45949
2279000361,3390969558,80,58764,TCP,1521118750466143,1500,4,5,0,27728,2,0,59,39895
795898352,4102004164,8000,1024,UDP,1521118750466151,48,4,5,8,6806,2,0,46,65146
718026217,4109945893,7008,2908,UDP,1521118750466153,103,4,5,9,30642,2,0,53,44023
2480767746,3442966604,27551,3392,TCP,1521118750466155,173,4,5,2,24793,2,0,119,15884
2248766625,3890314065,53,64075,UDP,1521118750466157,136,4,5,0,35526,0,0,60,38337
1054369973,846840993,443,26855,TCP,1521118750466161,52,4,5,0,37439,2,0,46,7133
2279000361,3390969558,80,58764,TCP,1521118750466162,1500,4,5,0,27729,2,0,59,39894
3316527058,4109945893,9339,64295,TCP,1521118750466166,52,4,5,0,25391,2,0,57,10230
2279000361,3390969558,80,58764,TCP,1521118750466168,1500,4,5,0,27730,2,0,59,39893
3741562843,3452474843,80,58764,TCP,1521118750466170,92,4,5,200,21305,0,0,56,13341
60639274,3334582564,80,51127,TCP,1521118750466171,344,4,5,0,0,2,0,58,31731
2279000361,3390969558,80,58764,TCP,1521118750466172,1500,4,5,0,27731,2,0,59,39892
3801788594,4109945893,5222,56293,TCP,1521118750466176,52,4,5,0,56959,2,0,55,4313
3331064610,1962334005,51601,80,TCP,1521118750466177,76,4,5,0,32297,2,0,112,30376
2279000361,3390969558,80,58764,TCP,1521118750466180,1500,4,5,0,27732,2,0,59,39891
1904303180,3617785575,26261,51904,TCP,1521118750466184,1452,4,5,0,2294,2,0,116,19454
3741785781,3978971490,443,50274,TCP,1521118750466187,464,4,5,0,47839,2,0,248,37374
3585508147,4030665149,10002,53243,UDP,1521118750466188,56,4,5,0,25214,2,0,51,35408
2302893950,3484683469,34047,30705,UDP,1521118750466189,1455,4,5,0,9632,0,0,114,22619
3542495881,1962334046,443,48689,TCP,1521118750466191,52,4,5,0,41742,0,0,58,35761
2258940747,3978971495,2515,61168,TCP,1521118750466193,52,4,5,0,43059,2,0,58,10255
3776263888,3348655255,51448,61502,UDP,1521118750466194,116,4,5,0,16105,0,0,117,47738
2279000361,3390969558,80,58764,TCP,1521118750466195,1500,4,5,0,27733,2,0,59,39890
1584034456,3396759887,40265,23,TCP,1521118750466203,42,4,5,0,5520,2,0,54,8822
2353789840,3472998050,53,37707,UDP,1521118750466207,148,4,5,0,57404,2,0,57,19356
2211633811,3569604785,80,27332,TCP,1521118750466209,345,4,5,0,59911,2,0,55,19644
2279000361,3390969558,80,58764,TCP,1521118750466210,1500,4,5,0,27734,2,0,59,39889
2269646201,3353385558,47938,55024,UDP,1521118750466213,76,4,5,0,23940,2,0,58,60452
2279000361,3390969558,80,58764,TCP,1521118750466215,1500,4,5,0,27735,2,0,59,39888
3741785781,3978971498,443,58696,TCP,1521118750466216,52,4,5,0,1539,2,0,248,18543
1124780061,3242284754,53371,59864,UDP,1521118750466216,165,4,5,0,15474,0,0,54,9371
360258918,3347703170,443,60799,TCP,1521118750466220,1452,4,5,0,27493,2,0,51,63227
1056232445,4041960754,13273,42587,UDP,1521118750466223,216,4,5,0,42493,2,0,240,29447
739566070,3334525234,443,28448,TCP,1521118750466226,197,4,5,0,18650,2,0,237,40538
2279000361,3390969558,80,58764,TCP,1521118750466227,1500,4,5,0,27736,2,0,59,39887
743848427,3338138089,443,36670,TCP,1521118750466229,60,4,5,0,0,2,0,240,27545
816302637,4176509865,443,36670,TCP,1521118750466233,84,4,5,0,25590,2,0,54,28996
2279000361,3390969558,80,58764,TCP,1521118750466236,1500,4,5,0,27737,2,0,59,39886
3525189084,3257626599,80,45119,TCP,1521118750466238,40,4,5,0,60829,2,0,52,14117
1280595875,3233168729,55745,58041,UDP,1521118750466238,164,4,5,0,27606,2,0,122,62059
3312122544,3390936525,23952,14936,UDP,1521118750466240,48,4,5,0,35386,0,0,53,56188
2087007424,2270145467,443,40617,TCP,1521118750466241,303,4,5,0,8519,2,0,118,65105
800783747,3347702009,443,46485,TCP,1521118750466250,64,4,5,0,14448,2,0,237,32646
942637450,1074109367,443,45442,TCP,1521118750466253,1500,4,5,8,35919,2,0,246,23886
3527255851,3618740937,443,49752,TCP,1521118750466254,228,4,5,0,39092,0,0,58,64379
942637450,1074109367,443,45442,TCP,1521118750466257,1500,4,5,8,35920,2,0,246,23885
1886202460,2320218392,6882,46891,TCP,1521118750466259,40,4,5,0,32037,2,0,54,59773
942637450,1074109367,443,45442,TCP,1521118750466259,1500,4,5,8,35921,2,0,246,23884
942637450,1074109367,443,45442,TCP,1521118750466260,97,4,5,8,35922,2,0,246,25286
545304294,3614062341,443,40397,TCP,1521118750466262,40,4,5,0,61110,2,0,240,48706
1636066647,3450240834,80,58931,TCP,1521118750466263,1480,4,5,0,6516,2,0,57,3832
1199070895,3453268200,36331,50542,TCP,1521118750466264,40,4,5,0,23024,2,0,117,34555
2279000361,3390969558,80,58764,TCP,1521118750466268,1500,4,5,0,27738,2,0,59,39885
1636066647,3450240834,80,58931,TCP,1521118750466270,1480,4,5,0,6517,2,0,57,3831
2279000361,3390969558,80,58764,TCP,1521118750466274,1500,4,5,0,27739,2,0,59,39884
2279000361,3390969558,80,58764,TCP,1521118750466275,1500,4,5,0,27740,2,0,59,39883
1636066647,3450240834,80,59277,TCP,1521118750466282,1480,4,5,0,13583,2,0,57,62300
2154501484,1074109333,80,51140,TCP,1521118750466283,1500,4,5,0,52407,2,0,55,65522
752779434,3454853293,443,52055,TCP,1521118750466284,1472,4,5,0,22677,2,0,239,53631
1636066647,3450240834,80,59277,TCP,1521118750466286,1480,4,5,0,13584,2,0,57,62299
538542359,3390957442,41972,55446,UDP,1521118750466287,99,4,5,0,16125,0,0,117,46012
2279000361,3390969558,80,58764,TCP,1521118750466287,1500,4,5,0,27741,2,0,59,39882
2262013954,3452100516,999,51034,TCP,1521118750466298,306,4,5,0,9076,0,0,121,20757
2279000361,3390969558,80,58764,TCP,1521118750466299,1500,4,5,0,27742,2,0,59,39881
2154501484,1074109333,80,51140,TCP,1521118750466300,1500,4,5,0,52408,2,0,55,65521
2026418739,3446784872,41485,1024,UDP,1521118750466301,124,4,5,0,62105,0,0,52,55297
3992032822,842932778,443,56226,TCP,1521118750466313,1450,4,5,0,53024,2,0,87,30365
3992032822,842932778,443,56226,TCP,1521118750466316,1450,4,5,0,53025,2,0,87,30364
2026418739,3446784872,41485,1024,UDP,1521118750466321,1151,4,5,0,53664,0,0,52,62711
741778655,3455737770,443,26753,TCP,1521118750466326,1452,4,5,0,418,2,0,240,34031
795107553,1962334025,443,45125,TCP,1521118750466327,52,4,5,0,346,2,0,240,44260
3776263888,3348655255,51448,61502,UDP,1521118750466329,1223,4,5,0,16106,0,0,117,46630
2463797382,3348657920,50103,37194,TCP,1521118750466331,40,4,5,0,27302,2,0,114,15408
1645394518,3455008409,20496,1024,UDP,1521118750466332,1453,4,5,0,20181,0,0,114,52089
2154501484,1074109333,80,51140,TCP,1521118750466333,1500,4,5,0,52411,2,0,55,65518
751708746,2270145351,443,32372,TCP,1521118750466335,727,4,5,0,58790,2,0,240,6347
741778655,3455737770,443,26753,TCP,1521118750466335,1452,4,5,0,419,2,0,240,34030
3793322032,4038537415,22003,56129,UDP,1521118750466338,54,4,5,20,28335,0,0,118,21035
2075950749,3474331869,443,57949,TCP,1521118750466338,71,4,5,0,11773,2,0,58,12391
3776263888,3348655255,51448,61502,UDP,1521118750466343,1223,4,5,0,16107,0,0,117,46629
575712276,3474333591,49304,22,TCP,1521118750466348,136,4,5,0,56164,2,0,49,45305
1189695722,842935986,53,30091,UDP,1521118750466348,122,4,5,0,19933,0,0,240,33746
817189061,3617828642,443,48613,TCP,1521118750466351,1399,4,5,0,34088,2,0,51,46360
2075950749,3474331869,443,57949,TCP,1521118750466352,40,4,5,0,11774,2,0,58,12421
844417437,2205299074,12814,49231,TCP,1521118750466354,1120,4,5,0,31484,2,0,55,5046
752779434,3454853293,443,52055,TCP,1521118750466359,1472,4,5,0,22678,2,0,239,53630
740675240,3447595244,443,55337,TCP,1521118750466360,60,4,5,0,0,2,0,240,41347
817189061,3617828642,443,48613,TCP,1521118750466361,1399,4,5,0,34089,2,0,51,46359
1902972905,3353385922,6890,55858,TCP,1521118750466362,576,4,5,0,62647,2,0,56,26375
817189061,3617828642,443,48613,TCP,1521118750466362,1399,4,5,0,34090,2,0,51,46358
817189061,3617828642,443,48613,TCP,1521118750466364,59,4,5,0,34091,2,0,51,47697
2154501484,1074109333,80,51140,TCP,1521118750466365,1500,4,5,0,52413,2,0,55,65516
277995027,3257636244,49319,49947,UDP,1521118750466368,41,4,5,0,1915,2,0,119,46564
1902972905,3353385922,6890,55858,TCP,1521118750466373,576,4,5,0,62648,2,0,56,26374
741578509,3350329585,443,27193,TCP,1521118750466374,52,4,5,0,62467,2,0,237,5596
1902972905,3353385922,6890,55858,TCP,1521118750466377,576,4,5,0,62649,2,0,56,26373
269242573,3978971496,443,9814,TCP,1521118750466379,52,4,5,0,39025,2,0,58,4327
800797355,3347704820,443,54817,TCP,1521118750466379,121,4,5,0,20411,2,0,238,9951
800797355,3347704820,443,54817,TCP,1521118750466380,52,4,5,0,20412,2,0,238,10019
968415525,3396745589,161,23019,TCP,1521118750466384,40,4,5,4,7752,2,0,49,5307
1902972905,3353385922,6890,55858,TCP,1521118750466384,576,4,5,0,62650,2,0,56,26372
1902972905,3353385922,6890,55858,TCP,1521118750466388,576,4,5,0,62651,2,0,56,26371
1902972905,3353385922,6890,55858,TCP,1521118750466389,576,4,5,0,62652,2,0,56,26370
1962370036,1962334114,51353,1485,UDP,1521118750466390,313,4,5,24,52793,2,0,58,19422
1902972905,3353385922,6890,55858,TCP,1521118750466396,576,4,5,0,62653,2,0,56,26369
842191571,3569582285,50007,22320,UDP,1521118750466396,296,4,5,0,0,2,0,56,59182
1445335883,2336051418,21320,38802,UDP,1521118750466400,48,4,5,0,10014,0,0,117,55574
1902972905,3353385922,6890,55858,TCP,1521118750466401,576,4,5,0,62654,2,0,56,26368
2154501484,1074109333,80,51140,TCP,1521118750466402,1500,4,5,0,52415,2,0,55,65514
799735545,3978971492,443,30714,TCP,1521118750466404,1500,4,5,0,31791,2,0,240,41913
2137329101,3454819386,49237,41880,UDP,1521118750466407,1257,4,5,0,17667,2,0,118,936
3318356324,3391070402,443,64610,TCP,1521118750466409,1500,4,5,0,11557,2,0,59,49894
799735545,3978971492,443,30714,TCP,1521118750466410,1500,4,5,0,31792,2,0,240,41912
541594445,3334582921,6881,65480,UDP,1521118750466411,340,4,5,0,5732,0,0,55,48981
2137329101,3454819386,49237,41880,UDP,1521118750466411,581,4,5,0,17668,2,0,118,1611
360214362,3484684186,443,37857,TCP,1521118750466415,40,4,5,0,16026,2,0,241,59156
3318356324,3391070402,443,64610,TCP,1521118750466416,1500,4,5,0,11558,2,0,59,49893
3318356324,3391070402,443,64610,TCP,1521118750466417,1500,4,5,0,11559,2,0,59,49892
2087007424,2270145422,443,37315,TCP,1521118750466420,1500,4,5,0,15556,2,0,118,56916
2087007424,2270145422,443,37315,TCP,1521118750466421,557,4,5,0,15557,2,0,118,57858
2154501484,1074109333,80,51140,TCP,1521118750466422,1500,4,5,0,52417,2,0,55,65512
3318356324,3391070402,443,64610,TCP,1521118750466424,1500,4,5,0,11560,2,0,59,49891
3318356324,3391070402,443,64610,TCP,1521118750466425,1500,4,5,0,11561,2,0,59,49890
3527255913,3618740937,443,26744,UDP,1521118750466428,1378,4,5,0,0,2,0,58,20329
3527255913,3618740937,443,26744,UDP,1521118750466430,1378,4,5,0,0,2,0,58,20329
799735545,3978971492,443,30714,TCP,1521118750466446,1500,4,5,0,31793,2,0,240,41911
2087007424,2270145422,443,37315,TCP,1521118750466451,1500,4,5,0,15592,2,0,118,56880
2087007424,2270145422,443,37315,TCP,1521118750466452,567,4,5,0,15593,2,0,118,57812
271263395,1962334172,48987,80,TCP,1521118750466453,1373,4,5,0,9339,2,0,58,37759
799735545,3978971492,443,30714,TCP,1521118750466454,1500,4,5,0,31794,2,0,240,41910
718027811,3441624486,7008,33725,UDP,1521118750466455,101,4,5,9,40402,2,0,54,27892
2466191692,3447622240,60315,50337,UDP,1521118750466458,48,4,5,0,21464,0,0,116,61114
2466191692,3447622240,60315,50337,UDP,1521118750466464,48,4,5,0,21465,0,0,116,61113
2466191692,3447622240,60315,50337,UDP,1521118750466464,48,4,5,0,21467,0,0,116,61111
2466191692,3447622240,60315,50337,UDP,1521118750466465,48,4,5,0,21468,0,0,116,61110
2466191692,3447622240,60315,50337,UDP,1521118750466465,48,4,5,0,21469,0,0,116,61109
2466191692,3447622240,60315,50337,UDP,1521118750466468,48,4,5,0,21471,0,0,116,61107
2270123970,3233185845,51372,46622,UDP,1521118750466468,231,4,5,0,13710,2,0,114,45690
2466191692,3447622240,60315,50337,UDP,1521118750466468,48,4,5,0,21472,0,0,116,61106
1442251532,4109904406,80,63862,TCP,1521118750466469,1480,4,5,0,0,2,0,56,50462
2154501484,1074109333,80,51140,TCP,1521118750466475,1500,4,5,0,52419,2,0,55,65510
3672201788,1962334023,443,40330,TCP,1521118750466478,1127,4,5,0,33302,2,0,61,13855
2487475774,3338649101,53,56773,UDP,1521118750466482,116,4,5,0,5857,2,0,58,12809
3672201776,1962334032,443,48729,TCP,1521118750466486,1500,4,5,0,52537,2,0,61,59785
3672201776,1962334032,443,48729,TCP,1521118750466487,77,4,5,0,52538,2,0,61,61207
1054369973,846840993,443,26855,TCP,1521118750466489,52,4,5,0,37440,2,0,46,7132
799735545,3978971492,443,30714,TCP,1521118750466490,1500,4,5,0,31795,2,0,240,41909
799735545,3978971492,443,30714,TCP,1521118750466492,1500,4,5,0,31796,2,0,240,41908
1691408849,3890314065,53,41182,UDP,1521118750466494,117,4,5,0,56648,0,0,58,347
1235721153,4225200978,443,43521,TCP,1521118750466495,1500,4,5,0,34142,2,0,58,24875
1235721153,4225200978,443,43521,TCP,1521118750466497,1500,4,5,0,34143,2,0,58,24874
278104471,3352335244,80,62528,TCP,1521118750466498,40,4,5,0,10059,2,0,60,8702
1235721153,4225200978,443,43521,TCP,1521118750466498,1500,4,5,0,34144,2,0,58,24873
1235721153,4225200978,443,43521,TCP,1521118750466499,1500,4,5,0,34145,2,0,58,24872
1235721153,4225200978,443,43521,TCP,1521118750466500,1500,4,5,0,34146,2,0,58,24871
1235721153,4225200978,443,43521,TCP,1521118750466502,1500,4,5,0,34147,2,0,58,24870
1235721153,4225200978,443,43521,TCP,1521118750466503,1500,4,5,0,34148,2,0,58,24869
3672233621,3454820113,443,43521,TCP,1521118750466505,998,4,5,0,51677,2,0,59,37828
1235721153,4225200978,443,43521,TCP,1521118750466506,1500,4,5,0,34149,2,0,58,24868
3672201776,1962334032,443,48729,TCP,1521118750466507,1500,4,5,0,52539,2,0,61,59783
1235721153,4225200978,443,43521,TCP,1521118750466508,1500,4,5,0,34150,2,0,58,24867
1235721153,4225200978,443,43521,TCP,1521118750466509,1500,4,5,0,34151,2,0,58,24866
1235721153,4225200978,443,43521,TCP,1521118750466511,1500,4,5,0,34152,2,0,58,24865
2140679974,4093838473,58812,36854,UDP,1521118750466512,1164,4,5,0,417,0,0,54,55157
1235721153,4225200978,443,43521,TCP,1521118750466513,1500,4,5,0,34153,2,0,58,24864
3672201776,1962334032,443,48729,TCP,1521118750466514,1500,4,5,0,52540,2,0,61,59782
3672201776,1962334032,443,48729,TCP,1521118750466516,1500,4,5,0,52541,2,0,61,59781
3672201776,1962334032,443,48729,TCP,1521118750466517,768,4,5,0,52542,2,0,61,60512
1235721153,4225200978,443,43521,TCP,1521118750466518,1500,4,5,0,34154,2,0,58,24863
1235721153,4225200978,443,43521,TCP,1521118750466519,1500,4,5,0,34155,2,0,58,24862
1235721153,4225200978,443,43521,TCP,1521118750466521,1500,4,5,0,34156,2,0,58,24861
1756754899,3223150537,57208,27875,UDP,1521118750466522,48,4,5,0,16205,0,0,121,34304
799583069,3978971496,443,44998,TCP,1521118750466522,52,4,5,0,17051,2,0,240,13968
3801788594,4211110795,80,14156,TCP,1521118750466522,1280,4,5,0,27017,2,0,55,54165
3801788594,4211110795,80,14156,TCP,1521118750466525,1280,4,5,0,27018,2,0,55,54164
974656543,3443665502,443,55321,TCP,1521118750466531,1472,4,5,0,34251,2,0,58,28565
942637450,1074109367,443,45442,TCP,1521118750466532,1500,4,5,8,35963,2,0,246,23842
1897234215,3455831590,35251,1035,UDP,1521118750466533,1453,4,5,0,19459,0,0,116,26846
942637450,1074109367,443,45442,TCP,1521118750466535,1500,4,5,8,35964,2,0,246,23841
942637450,1074109367,443,45442,TCP,1521118750466536,1500,4,5,8,35965,2,0,246,23840
799735545,3978971492,443,30714,TCP,1521118750466537,1257,4,5,0,31797,2,0,240,42150
942637450,1074109367,443,45442,TCP,1521118750466539,1500,4,5,8,35966,2,0,246,23839
1841531130,3472950124,52474,40178,UDP,1521118750466540,1308,4,5,0,15425,0,0,115,15717
2087007424,2270145422,443,37315,TCP,1521118750466541,1452,4,5,0,15628,2,0,118,56892
271271080,1962334184,46996,1485,UDP,1521118750466542,354,4,5,24,25734,2,0,58,14651
974656543,3443665502,443,55321,TCP,1521118750466543,1472,4,5,0,34252,2,0,58,28564
942637450,1074109367,443,45442,TCP,1521118750466545,1500,4,5,8,35967,2,0,246,23838
2623944267,3259942474,41670,60346,UDP,1521118750466546,1449,4,5,0,23061,0,0,118,35300
1412841542,3349794490,50038,60273,UDP,1521118750466547,88,4,5,0,22242,0,0,111,51666
942637450,1074109367,443,45442,TCP,1521118750466547,1500,4,5,8,35968,2,0,246,23837
942637450,1074109367,443,45442,TCP,1521118750466548,1500,4,5,8,35969,2,0,246,23836
3527255911,4030665106,443,37352,UDP,1521118750466550,1378,4,5,0,0,2,0,58,49172
942637450,1074109367,443,45442,TCP,1521118750466551,1500,4,5,8,35970,2,0,246,23835
942637450,1074109367,443,45442,TCP,1521118750466552,1500,4,5,8,35971,2,0,246,23834
738218934,3978971495,443,51132,TCP,1521118750466554,1500,4,5,0,44223,2,0,240,8724
2504933268,3572035180,8588,49190,TCP,1521118750466555,1492,4,5,0,19284,2,0,121,6296
738218934,3978971495,443,51132,TCP,1521118750466556,1500,4,5,0,44224,2,0,240,8723
2504933268,3572035180,8588,49190,TCP,1521118750466558,113,4,5,0,19285,2,0,121,7674
3729093514,3617733451,57940,443,TCP,1521118750466558,52,4,5,0,27618,2,0,119,13092
974656543,3443665502,443,55321,TCP,1521118750466558,1472,4,5,0,34253,2,0,58,28563
3527241946,3618741021,443,41423,UDP,1521118750466564,1378,4,5,0,0,2,0,58,34212
3672212280,1962334044,9482,48092,TCP,1521118750466566,52,4,5,0,21385,2,0,58,17102
942637450,1074109367,443,45442,TCP,1521118750466566,1500,4,5,8,35972,2,0,246,23833
3542516066,4030665149,443,52920,UDP,1521118750466567,1378,4,5,0,0,2,0,58,58629
942637450,1074109367,443,45442,TCP,1521118750466568,1500,4,5,8,35973,2,0,246,23832
209847208,3472952779,443,55416,UDP,1521118750466569,1497,4,5,0,51100,0,0,245,2945
974656543,3443665502,443,55321,TCP,1521118750466571,1472,4,5,0,34254,2,0,58,28562
942637450,1074109367,443,45442,TCP,1521118750466572,561,4,5,8,35974,2,0,246,24770
3672233621,3446799607,443,45442,TCP,1521118750466573,998,4,5,0,16862,2,0,59,32344
1737475394,3617785575,37135,8999,UDP,1521118750466574,1466,4,5,0,28631,0,0,117,50431
278104471,3352335244,80,62528,TCP,1521118750466575,576,4,5,0,10060,2,0,60,8165
3877058099,4030665138,80,62528,TCP,1521118750466577,1464,4,5,32,28207,2,0,248,61319
974656543,3443665502,443,55321,TCP,1521118750466579,1472,4,5,0,34255,2,0,58,28561
356827428,3453268005,443,50476,TCP,1521118750466580,40,4,5,0,42319,2,0,241,36893
3672201824,1962334038,443,51405,TCP,1521118750466584,943,4,5,0,61313,2,0,61,51512
278104471,3352335244,80,62528,TCP,1521118750466587,1492,4,5,0,10061,2,0,60,7248
1235593011,3472952629,7171,49217,TCP,1521118750466589,54,4,5,0,38012,2,0,59,56886
278104471,3352335244,80,62528,TCP,1521118750466591,1492,4,5,0,10062,2,0,60,7247
278104471,3352335244,80,62528,TCP,1521118750466592,1492,4,5,0,10063,2,0,60,7246
278104471,3352335244,80,62528,TCP,1521118750466593,1492,4,5,0,10064,2,0,60,7245
278104471,3352335244,80,62528,TCP,1521118750466596,1492,4,5,0,10065,2,0,60,7244
278104471,3352335244,80,62528,TCP,1521118750466598,1492,4,5,0,10066,2,0,60,7243
3672201824,1962334038,443,51405,TCP,1521118750466599,124,4,5,0,61314,2,0,61,52330
278104471,3352335244,80,62528,TCP,1521118750466599,1492,4,5,0,10067,2,0,60,7242
278104471,3352335244,80,62528,TCP,1521118750466601,1492,4,5,0,10068,2,0,60,7241
3992031789,3390574719,443,18238,TCP,1521118750466602,52,4,5,0,16643,2,0,88,34570
278104471,3352335244,80,62528,TCP,1521118750466602,1492,4,5,0,10069,2,0,60,7240
741578509,3350329585,443,27193,TCP,1521118750466604,52,4,5,0,62468,2,0,237,5595
3673988146,4095602717,10200,19634,TCP,1521118750466604,82,4,5,0,61458,2,0,59,62504
3992031789,3390574719,443,18238,TCP,1521118750466604,52,4,5,0,16644,2,0,88,34569
983416613,3261527491,445,50345,TCP,1521118750466609,40,4,5,0,54497,2,0,57,47873
3641063092,4225200602,445,50345,TCP,1521118750466610,120,4,5,8,15219,0,0,246,2924
739884718,2338352132,80,50576,TCP,1521118750466613,266,4,5,0,23790,2,0,49,2516
739884718,2338352132,80,50576,TCP,1521118750466613,52,4,5,0,23791,2,0,49,2729
4106699041,3347600936,109,36787,UDP,1521118750466615,1473,4,5,0,37715,2,0,56,22079
2244988905,4103963796,16652,28089,UDP,1521118750466617,54,4,5,0,1887,0,0,115,29037
718027690,2324812107,6008,1204,UDP,1521118750466618,118,4,5,9,3048,2,0,54,30259
3527255851,3618740937,443,49752,TCP,1521118750466619,1472,4,5,0,39093,0,0,58,63134
2127528006,3353310666,443,42200,TCP,1521118750466620,508,4,5,0,41993,2,0,55,24883
4106728455,3242264157,80,57290,TCP,1521118750466621,1420,4,5,0,3109,2,0,59,48601
4106728455,3242264157,80,57290,TCP,1521118750466622,1420,4,5,0,3110,2,0,59,48600
1235721153,4225200978,443,43521,TCP,1521118750466623,1500,4,5,0,34157,2,0,58,24860
1235721153,4225200978,443,43521,TCP,1521118750466624,1500,4,5,0,34158,2,0,58,24859
1235721153,4225200978,443,43521,TCP,1521118750466626,1500,4,5,0,34159,2,0,58,24858
1235721153,4225200978,443,43521,TCP,1521118750466627,1500,4,5,0,34160,2,0,58,24857
3378910392,3391062777,55059,16869,UDP,1521118750466629,54,4,5,0,9030,0,0,117,63289
1235721153,4225200978,443,43521,TCP,1521118750466629,1500,4,5,0,34161,2,0,58,24856
1317865467,3353386261,65400,445,TCP,1521118750466630,48,4,5,0,31913,2,0,114,53408
3410944,0,65400,445,TCP,1521118750466630,0,6,0,0,75,0,4409,217,57858
738218934,3978971495,443,51132,TCP,1521118750466636,1500,4,5,0,44225,2,0,240,8722
738218934,3978971495,443,51132,TCP,1521118750466639,1500,4,5,0,44226,2,0,240,8721
2141754651,3242271050,7081,50475,TCP,1521118750466645,1294,4,5,0,21532,2,0,58,61566
1472469844,1235569043,7815,445,TCP,1521118750466648,40,4,5,64,4467,2,0,113,61900
4106728455,3242264157,80,57290,TCP,1521118750466655,1420,4,5,0,3111,2,0,59,48599
4106728455,3242264157,80,57290,TCP,1521118750466657,1420,4,5,0,3112,2,0,59,48598
1830705723,3618740937,57182,26870,UDP,1521118750466658,1454,4,5,0,15704,0,0,117,51474
988713032,3455775750,39005,55290,TCP,1521118750466661,52,4,5,0,13772,2,0,120,16320
3741785781,3978971485,443,2688,TCP,1521118750466672,52,4,5,0,47118,2,0,248,38512
3672212280,1962334044,9482,48092,TCP,1521118750466673,52,4,5,0,21386,2,0,58,17101
1738850288,3391002922,65030,44822,TCP,1521118750466676,1492,4,5,0,12149,2,0,121,16849
1920262614,3349763613,8000,52687,TCP,1521118750466685,179,4,5,0,48925,2,0,57,4118
738218934,3978971495,443,51132,TCP,1521118750466687,1500,4,5,0,44227,2,0,240,8720
2141754651,3390898833,7081,50202,TCP,1521118750466688,1294,4,5,0,35543,2,0,58,53152
738218934,3978971495,443,51132,TCP,1521118750466689,1500,4,5,0,44228,2,0,240,8719
4106724138,3569582285,9995,11837,UDP,1521118750466694,104,4,5,0,22992,2,0,59,63537
3556629654,3453656997,56904,47477,UDP,1521118750466698,155,4,5,0,17739,2,0,122,40178
269802322,3449050547,36002,47428,UDP,1521118750466709,76,4,5,0,56968,2,0,54,22378
1653291109,4225200602,443,39328,TCP,1521118750466710,40,4,5,0,65296,2,0,248,31516
3584895987,3450222513,5222,47051,TCP,1521118750466712,195,4,5,0,23047,2,0,54,58165
269802322,3449050547,36002,47428,UDP,1521118750466714,91,4,5,0,56969,2,0,54,22362
1053942572,3350331325,443,26428,TCP,1521118750466717,40,4,5,0,5416,2,0,237,36666
1355631937,3338647934,36925,6931,UDP,1521118750466728,1453,4,5,0,4133,0,0,116,4751
3585067768,3451631701,5222,59132,TCP,1521118750466729,262,4,5,0,62050,2,0,54,10966
1663269362,3390571645,6907,59675,TCP,1521118750466731,1140,4,5,0,15642,2,0,55,22207
3314518690,3453500445,443,39593,TCP,1521118750466732,40,4,5,0,8833,2,0,54,51239
2450592571,3890314078,53,37712,UDP,1521118750466737,110,4,5,0,45596,0,0,55,51414
1737188248,3352065923,30242,40981,TCP,1521118750466744,40,4,5,0,2586,2,0,58,11331
1756754899,3223150537,57208,27875,UDP,1521118750466747,48,4,5,0,16206,0,0,121,34303
1756754899,3223150537,57208,27875,UDP,1521118750466747,48,4,5,0,16207,0,0,121,34302
3501558996,2270145447,80,39740,TCP,1521118750466751,1420,4,5,0,4202,2,0,116,24705
3501558996,2270145447,80,39740,TCP,1521118750466753,100,4,5,0,4203,2,0,116,26024
3742023917,4096165165,80,22827,TCP,1521118750466753,1492,4,5,0,5876,2,0,117,53219
601394754,4103996724,58051,63341,UDP,1521118750466761,92,4,5,0,25611,0,0,52,30361
269242579,3978971487,443,32384,TCP,1521118750466761,1480,4,5,0,43927,2,0,58,63535
269242579,3978971487,443,32384,TCP,1521118750466763,1412,4,5,0,43928,2,0,58,63602
2154501484,1074109333,80,51140,TCP,1521118750466767,1500,4,5,0,52447,2,0,55,65482
1380708393,3451488452,8899,47982,TCP,1521118750466771,52,4,5,0,11252,2,0,109,18653
1583688866,3623864322,13512,59422,UDP,1521118750466774,1453,4,5,0,30114,0,0,115,41364
2171311930,3233197594,25461,27058,TCP,1521118750466775,1500,4,5,0,61089,2,0,61,49667
751813469,3473429076,443,25496,TCP,1521118750466777,71,4,5,0,3783,2,0,240,27232
738218934,3978971495,443,51132,TCP,1521118750466778,1500,4,5,0,44229,2,0,240,8718
738218934,3978971495,443,51132,TCP,1521118750466779,331,4,5,0,44230,2,0,240,9886
2171311930,3233197594,25461,27058,TCP,1521118750466780,1500,4,5,0,61090,2,0,61,49666
1583688866,3623864322,13512,59422,UDP,1521118750466781,1453,4,5,0,30115,0,0,115,41363
2154501484,1074109333,80,51140,TCP,1521118750466783,1500,4,5,0,52449,2,0,55,65480
1226504259,3978971496,443,34850,TCP,1521118750466787,52,4,5,0,34705,2,0,239,35905
2171311930,3233197594,25461,27058,TCP,1521118750466788,1500,4,5,0,61091,2,0,61,49665
2171311930,3233197594,25461,27058,TCP,1521118750466789,1500,4,5,0,61092,2,0,61,49664
1292058402,3443973182,46392,60201,UDP,1521118750466792,1430,4,5,0,13509,0,0,121,53735
792616116,3451396320,80,29027,TCP,1521118750466794,1452,4,5,0,2622,2,0,246,64130
2154501484,1074109333,80,51140,TCP,1521118750466796,1500,4,5,0,52450,2,0,55,65479
792616116,3451396320,80,29027,TCP,1521118750466798,1452,4,5,0,2623,2,0,246,64129
2198075858,3337040462,1935,51308,TCP,1521118750466804,193,4,5,0,8051,2,0,246,61111
738249156,3978971494,443,21312,TCP,1521118750466804,1500,4,5,0,48542,2,0,240,39719
138701718,3233185819,80,49234,TCP,1521118750466806,1347,4,5,0,39156,0,0,246,29204
2154501484,1074109333,80,51140,TCP,1521118750466807,1500,4,5,0,52451,2,0,55,65478
799019905,3978971488,443,40240,TCP,1521118750466809,52,4,5,0,57476,2,0,240,12435
3656557427,3455661190,55116,62282,TCP,1521118750466809,49,4,5,8,28091,2,0,118,5918
738249156,3978971494,443,21312,TCP,1521118750466809,464,4,5,0,48543,2,0,240,40754
1355631937,3338647934,36925,6931,UDP,1521118750466810,1453,4,5,0,4134,0,0,116,4750
738709536,3978971486,443,15942,TCP,1521118750466811,52,4,5,0,3066,2,0,240,19481
138701718,3233185819,80,49234,TCP,1521118750466811,1347,4,5,0,39157,0,0,246,29203
2154501484,1074109333,80,51140,TCP,1521118750466818,1500,4,5,0,52453,2,0,55,65476
741578509,3350329585,443,27193,TCP,1521118750466819,52,4,5,0,62469,2,0,237,5594
3672201754,1962334038,80,47531,TCP,1521118750466823,52,4,5,0,5282,2,0,61,42969
545304294,3614062341,443,40397,TCP,1521118750466829,177,4,5,0,38693,2,0,49,54347
1234923774,3450219807,443,50665,TCP,1521118750466829,93,4,5,0,850,2,0,57,35050
2154501484,1074109333,80,51140,TCP,1521118750466831,1500,4,5,0,52454,2,0,55,65475
1812582555,3337861944,443,50923,TCP,1521118750466841,1456,4,5,0,33170,0,0,250,31460
2154501484,1074109333,80,51140,TCP,1521118750466843,1500,4,5,0,52455,2,0,55,65474
3672201824,1962334038,80,43853,TCP,1521118750466844,52,4,5,0,55465,2,0,61,58251
269242563,3978971492,80,3214,TCP,1521118750466846,60,4,5,0,0,2,0,58,43358
3877058099,4030665138,80,3214,TCP,1521118750466847,1464,4,5,32,28208,2,0,248,61318
3877058099,4030665138,80,3214,TCP,1521118750466849,504,4,5,32,28209,2,0,248,62277
799583069,3978971499,443,35072,TCP,1521118750466851,52,4,5,0,35451,2,0,240,61100
2340596857,1962334175,52899,80,TCP,1521118750466855,40,4,5,0,1118,2,0,111,33440
1589846656,0,52899,80,TCP,1521118750466858,0,6,0,0,341,0,4407,217,5632
538542359,3390957442,41972,55446,UDP,1521118750466865,48,4,5,0,16126,0,0,117,46062
942637450,1074109367,443,45442,TCP,1521118750466866,1500,4,5,8,36028,2,0,246,23777
1053083656,3352311164,443,49950,TCP,1521118750466867,40,4,5,0,53119,2,0,241,46646
942637450,1074109367,443,45442,TCP,1521118750466868,1500,4,5,8,36029,2,0,246,23776
942637450,1074109367,443,45442,TCP,1521118750466870,1500,4,5,8,36030,2,0,246,23775
942637450,1074109367,443,45442,TCP,1521118750466872,1500,4,5,8,36031,2,0,246,23774
942637450,1074109367,443,45442,TCP,1521118750466873,1500,4,5,8,36032,2,0,246,23773
788920086,3445759399,80,7763,TCP,1521118750466876,1446,4,5,0,16448,2,0,246,11756
2340596306,1962334175,52498,80,TCP,1521118750466880,76,4,5,0,15381,2,0,112,19436
942637450,1074109367,443,45442,TCP,1521118750466881,1500,4,5,8,36033,2,0,246,23772
942637450,1074109367,443,45442,TCP,1521118750466882,1500,4,5,8,36034,2,0,246,23771
788920086,3445759399,80,7763,TCP,1521118750466884,1446,4,5,0,16449,2,0,246,11755
942637450,1074109367,443,45442,TCP,1521118750466885,1500,4,5,8,36035,2,0,246,23770
788920086,3445759399,80,7763,TCP,1521118750466886,1446,4,5,0,16450,2,0,246,11754
942637450,1074109367,443,45442,TCP,1521118750466887,1500,4,5,8,36036,2,0,246,23769
942637450,1074109367,443,45442,TCP,1521118750466890,1500,4,5,8,36037,2,0,246,23768
942637450,1074109367,443,45442,TCP,1521118750466892,1500,4,5,8,36038,2,0,246,23767
942637450,1074109367,443,45442,TCP,1521118750466893,561,4,5,8,36039,2,0,246,24705
1226543713,3978971491,443,49644,TCP,1521118750466895,1500,4,5,0,50634,2,0,240,44358
843783394,3390936821,8101,37233,TCP,1521118750466902,1426,4,5,0,24929,2,0,59,10437
3310683221,2317271739,53,34056,UDP,1521118750466903,1473,4,5,0,62392,0,0,59,28655
565684003,3391001349,443,54664,TCP,1521118750466904,40,4,5,0,18604,2,0,247,5413
823425627,3455648897,443,54664,TCP,1521118750466904,157,4,5,0,61742,0,0,56,4936
4004404252,3680242636,10020,28065,UDP,1521118750466906,741,4,5,0,26652,0,0,120,42488
3744282649,3455008389,54972,41767,UDP,1521118750466912,151,4,5,0,15692,2,0,120,41294
2510584855,3455830190,443,49598,TCP,1521118750466916,1452,4,5,0,23326,0,0,59,30408
2605089570,1235594243,7287,445,TCP,1521118750466918,128,4,5,176,4432,2,0,119,56678
1826975775,3230106520,62028,50484,UDP,1521118750466921,1308,4,5,8,20425,0,0,117,53211
1176241601,3447619177,56651,22,TCP,1521118750466923,74,4,5,2,8161,2,0,115,20486
552558890,3618743570,1043,50625,UDP,1521118750466925,1308,4,5,0,23159,0,0,119,58748
1867216834,3337636618,4662,1614,TCP,1521118750466928,1200,4,5,0,25406,2,0,116,42497
132803794,3242272814,80,33098,TCP,1521118750466958,1420,4,5,8,1216,2,0,59,55160
2211447542,3447568512,61456,63932,UDP,1521118750466959,114,4,5,0,13129,2,0,115,51053
1264309534,3978971485,80,42826,TCP,1521118750466960,52,4,5,0,12662,2,0,61,46412
132803794,3242272814,80,33098,TCP,1521118750466962,1420,4,5,8,1217,2,0,59,55159
269242598,3978971491,80,51460,TCP,1521118750466969,52,4,5,0,35716,2,0,58,7616
743821355,3453171598,80,27299,TCP,1521118750466972,1400,4,5,0,41427,2,0,246,56265
743821355,3453171598,80,27299,TCP,1521118750466973,1400,4,5,0,41428,2,0,246,56264
356827871,3617784879,443,49301,TCP,1521118750466974,52,4,5,0,40603,2,0,241,14130
4141455631,2059628448,53038,443,TCP,1521118750466981,243,4,5,0,18833,2,0,51,33575
739838485,3978971487,443,42382,TCP,1521118750466982,498,4,5,0,14694,2,0,241,57831
1756754899,3223150537,57208,27875,UDP,1521118750466983,48,4,5,0,16208,0,0,121,34301
2154501484,1074109333,80,51140,TCP,1521118750466988,1500,4,5,0,52470,2,0,55,65459
708882310,3451397885,61928,65275,TCP,1521118750466991,52,4,5,0,27869,2,0,115,52330
708882310,3451397885,61928,65275,TCP,1521118750466993,52,4,5,0,27870,2,0,115,52329
708882310,3451397885,61928,65275,TCP,1521118750466994,52,4,5,0,27871,2,0,115,52328
1226543713,3978971491,443,49644,TCP,1521118750467002,912,4,5,0,50635,2,0,240,44945
2068939454,3349868368,443,49379,TCP,1521118750467007,290,4,5,0,9553,2,0,55,26746
2487531532,3569745916,20000,51927,TCP,1521118750467009,60,4,5,0,0,2,0,58,8105
132790060,1962334195,35576,9043,UDP,1521118750467010,146,4,5,0,39918,2,0,58,6253
2154501484,1074109333,80,51140,TCP,1521118750467012,1500,4,5,0,52471,2,0,55,65458
1687213972,3255952674,53,50572,UDP,1521118750467015,114,4,5,0,14731,0,0,55,26263
1611869104,3450301413,3658,3658,UDP,1521118750467023,85,4,5,0,62523,0,0,53,52236
1055811832,3472962090,8108,49572,TCP,1521118750467023,44,4,5,0,0,2,0,237,58553
2140679974,4093838473,58812,36854,UDP,1521118750467029,1164,4,5,0,49176,0,0,54,6398
2154501484,1074109333,80,51140,TCP,1521118750467035,1500,4,5,0,52472,2,0,55,65457
2140679974,4093838473,58812,36854,UDP,1521118750467037,1164,4,5,0,49150,0,0,54,6424
942637450,1074109367,443,45442,TCP,1521118750467039,1500,4,5,8,36061,2,0,246,23744
942637450,1074109367,443,45442,TCP,1521118750467040,1500,4,5,8,36062,2,0,246,23743
2247766087,1962333995,49363,80,TCP,1521118750467041,64,4,5,8,0,2,0,53,17229
1791216486,3391002542,443,12876,TCP,1521118750467043,1500,4,5,0,13545,2,0,55,28988
942637450,1074109367,443,45442,TCP,1521118750467045,1500,4,5,8,36063,2,0,246,23742
942637450,1074109367,443,45442,TCP,1521118750467046,1500,4,5,8,36064,2,0,246,23741
942637450,1074109367,443,45442,TCP,1521118750467048,1500,4,5,8,36065,2,0,246,23740
942637450,1074109367,443,45442,TCP,1521118750467049,641,4,5,8,36066,2,0,246,24598
800795895,4109936570,443,50919,TCP,1521118750467050,64,4,5,0,19816,2,0,238,17898
1068423106,1074109393,443,33975,TCP,1521118750467050,52,4,5,0,25928,2,0,49,61748
739993913,3978971484,443,42442,TCP,1521118750467052,52,4,5,0,55748,2,0,241,58403
1054459417,3571700068,9001,34107,TCP,1521118750467054,52,4,5,0,54560,2,0,237,3432
2154501484,1074109333,80,51140,TCP,1521118750467060,1500,4,5,0,52473,2,0,55,65456
3359536876,2343838465,32631,443,TCP,1521118750467063,52,4,5,4,23133,2,0,111,50050
1791216486,3391002542,443,12876,TCP,1521118750467065,1500,4,5,0,13546,2,0,55,28987
3933860253,3222710006,27030,28477,UDP,1521118750467066,271,4,5,0,16349,2,0,54,49372
356828717,4093838712,443,54390,TCP,1521118750467071,40,4,5,0,9565,2,0,241,36741
2154501484,1074109333,80,51140,TCP,1521118750467073,1500,4,5,0,52474,2,0,55,65455
565684003,3455722973,443,59391,TCP,1521118750467078,725,4,5,0,24411,2,0,247,25877
2005801108,3450102589,443,45200,UDP,1521118750467082,1378,4,5,8,0,2,0,58,31359
1819925919,4211110792,8999,35811,UDP,1521118750467084,1478,4,5,0,11877,0,0,117,22816
2154501484,1074109333,80,51140,TCP,1521118750467085,1500,4,5,0,52475,2,0,55,65454
2005801108,3450102589,443,45200,UDP,1521118750467087,1378,4,5,8,0,2,0,58,31359
3992031789,3390574719,443,18238,TCP,1521118750467090,190,4,5,0,16645,2,0,88,34430
3542516036,3618740955,443,57287,UDP,1521118750467094,1378,4,5,0,0,2,0,58,29843
2154501484,1074109333,80,51140,TCP,1521118750467096,1500,4,5,0,52476,2,0,55,65453
738510641,3978971498,443,10170,TCP,1521118750467106,52,4,5,0,38201,2,0,241,51903
3743881012,3350330242,443,59604,TCP,1521118750467107,46,4,5,0,26773,2,0,245,25508
2154501484,1074109333,80,51140,TCP,1521118750467112,1500,4,5,0,52477,2,0,55,65452
3293905294,3390990607,48258,38622,UDP,1521118750467116,96,4,5,0,7321,2,0,49,13283
1264309534,3978971485,80,42826,TCP,1521118750467117,243,4,5,32,12663,2,0,61,46188
1190350564,2318934737,80,51077,TCP,1521118750467123,40,4,5,0,0,2,0,53,752
2154501484,1074109333,80,51140,TCP,1521118750467124,1500,4,5,0,52478,2,0,55,65451
1555412495,3443987715,8999,44896,UDP,1521118750467125,48,4,5,0,15356,0,0,114,6066
3843259832,3391036931,5791,54100,UDP,1521118750467130,48,4,5,0,6704,0,0,113,58526
269242584,3978971494,443,5624,TCP,1521118750467130,1480,4,5,0,53303,2,0,58,54147
269242584,3978971494,443,5624,TCP,1521118750467133,1480,4,5,0,53304,2,0,58,54146
3527246821,3618740955,443,26916,UDP,1521118750467134,1378,4,5,0,0,2,0,58,29403
3527246821,3618740955,443,26916,UDP,1521118750467135,1378,4,5,0,0,2,0,58,29403
2245342417,3353371309,37472,4887,UDP,1521118750467137,48,4,5,0,3325,0,0,116,21644
1161022412,1235573145,53494,445,TCP,1521118750467147,52,4,5,0,29650,2,0,243,24499
3992031789,3390574719,443,18238,TCP,1521118750467148,129,4,5,0,16646,2,0,88,34490
3742243583,3453614366,443,62229,TCP,1521118750467151,40,4,5,0,49515,2,0,247,350
1886202460,2320218392,6882,46891,TCP,1521118750467154,40,4,5,0,32038,2,0,54,59772
2258940746,3978971484,2515,64386,TCP,1521118750467162,52,4,5,0,42340,2,0,58,10986
1055079048,3618075281,443,34125,TCP,1521118750467163,1480,4,5,0,12984,2,0,235,37843
2571612660,3454817551,443,32820,TCP,1521118750467165,1450,4,5,0,41476,2,0,52,12562
1264309534,3978971485,80,42826,TCP,1521118750467166,52,4,5,32,12664,2,0,61,46378
2571612660,3454817551,443,32820,TCP,1521118750467172,1450,4,5,0,41477,2,0,52,12561
2087007437,2270145467,443,24274,TCP,1521118750467185,303,4,5,0,11114,2,0,116,63009
3756989050,3443987218,443,49903,TCP,1521118750467201,40,4,5,0,64741,2,0,53,28199
2546502277,3472982101,443,58006,TCP,1521118750467203,53,4,5,0,46197,2,0,241,25512
2559863274,3353250621,80,53565,TCP,1521118750467218,40,4,5,0,64593,2,0,58,61155
2087007433,2270145478,443,60661,TCP,1521118750467218,303,4,5,0,8118,2,0,116,463
3672201738,1962334023,80,57648,TCP,1521118750467220,589,4,5,0,1631,2,0,61,46114
3399787250,1962333995,42040,80,TCP,1521118750467221,52,4,5,0,27708,2,0,50,8911
2190878556,3453169685,53,58364,UDP,1521118750467225,99,4,5,0,48145,0,0,58,7326
3399787250,1962333995,42040,80,TCP,1521118750467226,52,4,5,0,27710,2,0,50,8909
517385572,4093843478,80,50531,TCP,1521118750467241,1450,4,5,2,57212,2,0,59,33403
517385572,4093843478,80,50531,TCP,1521118750467242,1450,4,5,2,57213,2,0,59,33402
517385572,4093843478,80,50531,TCP,1521118750467243,1450,4,5,2,57214,2,0,59,33401
517385572,4093843478,80,50531,TCP,1521118750467244,1450,4,5,2,57215,2,0,59,33400
3877058099,4030665138,80,50531,TCP,1521118750467256,168,4,5,32,28210,2,0,248,62612
362420501,3349797235,443,50247,TCP,1521118750467257,1500,4,5,0,28256,2,0,241,17903
362420501,3349797235,443,50247,TCP,1521118750467258,1500,4,5,0,28258,2,0,241,17901
362420501,3349797235,443,50247,TCP,1521118750467259,456,4,5,0,28260,2,0,241,18943
2493307429,3268407969,49049,20712,UDP,1521118750467260,48,4,5,0,31413,2,0,52,42964
1226543713,3978971491,443,49644,TCP,1521118750467261,1500,4,5,0,50636,2,0,240,44356
3307968686,3978971497,44824,80,TCP,1521118750467264,52,4,5,0,43505,2,0,59,357
942637450,1074109367,443,45442,TCP,1521118750467265,1500,4,5,8,36110,2,0,246,23695
942637450,1074109367,443,45442,TCP,1521118750467266,1500,4,5,8,36111,2,0,246,23694
942637450,1074109367,443,45442,TCP,1521118750467268,1500,4,5,8,36112,2,0,246,23693
751579253,3348719557,443,58823,TCP,1521118750467270,1340,4,5,0,42493,2,0,240,21278
942637450,1074109367,443,45442,TCP,1521118750467271,1500,4,5,8,36113,2,0,246,23692
942637450,1074109367,443,45442,TCP,1521118750467273,1500,4,5,8,36114,2,0,246,23691
2047702580,2321224357,443,39325,TCP,1521118750467274,1440,4,5,0,10074,2,0,54,35516
3672220341,1962334108,35446,9043,UDP,1521118750467275,228,4,5,0,44614,2,0,60,50584
3307968686,3978971497,44824,80,TCP,1521118750467282,93,4,5,0,43506,2,0,59,315
2154501484,1074109333,80,51140,TCP,1521118750467282,1500,4,5,0,52505,2,0,55,65424
504317775,3472993356,443,59492,TCP,1521118750467283,1450,4,5,0,45340,2,0,91,34949
942637450,1074109367,443,45442,TCP,1521118750467284,1500,4,5,8,36115,2,0,246,23690
504317775,3472993356,443,59492,TCP,1521118750467286,1450,4,5,0,45341,2,0,91,34948
942637450,1074109367,443,45442,TCP,1521118750467287,1500,4,5,8,36116,2,0,246,23689
942637450,1074109367,443,45442,TCP,1521118750467288,97,4,5,8,36117,2,0,246,25091
1323903755,3390917509,9305,9305,UDP,1521118750467288,1146,4,5,0,16135,0,0,55,45269
751579253,3348719557,443,58823,TCP,1521118750467289,566,4,5,0,42494,2,0,240,22051
2196531552,3441433160,57068,200,TCP,1521118750467290,52,4,5,10,5465,2,0,117,7340
232389187,1962334034,443,58529,TCP,1521118750467295,52,4,5,0,3409,2,0,237,11277
2359938973,1962334037,443,48492,TCP,1521118750467295,1500,4,5,0,57604,2,0,58,45444
800783747,3347702009,443,46485,TCP,1521118750467302,64,4,5,0,14449,2,0,237,32645
2359938973,1962334037,443,48492,TCP,1521118750467307,1407,4,5,0,57605,2,0,58,45536
131922607,3569582285,44334,35582,UDP,1521118750467312,1454,4,5,0,32052,0,0,117,27374
517385572,4093843478,80,50531,TCP,1521118750467316,1450,4,5,2,57216,2,0,59,33399
517385572,4093843478,80,50531,TCP,1521118750467317,1450,4,5,2,57217,2,0,59,33398
795837423,3978971487,443,50076,TCP,1521118750467323,40,4,5,0,57546,2,0,49,32541
3526009451,1074109333,80,47836,TCP,1521118750467325,52,4,5,0,6380,2,0,59,54951
2154501484,1074109333,80,51140,TCP,1521118750467328,1500,4,5,0,52509,2,0,55,65420
569371935,3569582767,443,52701,TCP,1521118750467330,1289,4,5,0,46383,0,0,246,42045
1898886974,3353372333,53368,36725,UDP,1521118750467337,48,4,5,0,2604,0,0,116,58774
2546502277,3472982101,443,58006,TCP,1521118750467348,1500,4,5,0,46199,2,0,241,24063
2211633811,3569494157,443,49842,TCP,1521118750467352,1452,4,5,0,20074,2,0,55,37932
2211633811,3569494157,443,49842,TCP,1521118750467354,1452,4,5,0,20075,2,0,55,37931
2211633811,3569494157,443,49842,TCP,1521118750467355,468,4,5,0,20076,2,0,55,38914
2154501484,1074109333,80,51140,TCP,1521118750467356,1500,4,5,0,52511,2,0,55,65418
45572888,3396740690,443,65240,TCP,1521118750467357,1420,4,5,0,64119,2,0,53,61276
45572888,3396740690,443,65240,TCP,1521118750467361,1420,4,5,0,64120,2,0,53,61275
1226543713,3978971491,443,49644,TCP,1521118750467362,1337,4,5,0,50637,2,0,240,44518
3331069122,1962334175,60903,80,TCP,1521118750467363,40,4,5,0,853,0,0,112,8023
2270456640,3978971488,80,18118,TCP,1521118750467365,700,4,5,0,25602,2,0,248,62233
3885269870,3352311649,443,55106,TCP,1521118750467367,40,4,5,0,51718,2,0,54,4245
2256962297,3978971496,443,14978,TCP,1521118750467369,52,4,5,0,52854,2,0,56,13371
4023727636,3450125858,443,57984,TCP,1521118750467371,52,4,5,0,9967,2,0,56,27172
3262132050,3348720507,44932,43347,UDP,1521118750467375,48,4,5,0,10193,0,0,53,14613
2087006402,3484684035,1935,49555,TCP,1521118750467376,689,4,5,0,35000,2,0,54,11696
2571612642,3443994508,443,63519,TCP,1521118750467378,1452,4,5,0,3524,2,0,52,60298
2154501484,1074109333,80,51140,TCP,1521118750467381,1500,4,5,0,52513,2,0,55,65416
1179070155,3390937652,8080,36149,TCP,1521118750467382,60,4,5,0,0,2,0,53,27736
2571612642,3443994508,443,63519,TCP,1521118750467384,1452,4,5,0,3525,2,0,52,60297
3992031789,3390574719,443,18238,TCP,1521118750467389,190,4,5,0,16647,2,0,88,34428
2559863274,3353250621,80,53565,TCP,1521118750467392,40,4,5,0,64594,2,0,58,61154
1226365253,3978971498,443,28454,TCP,1521118750467397,52,4,5,0,1573,2,0,240,11180
2087007426,2270145447,443,40543,TCP,1521118750467402,303,4,5,0,15470,2,0,116,58684
2154501484,1074109333,80,51140,TCP,1521118750467404,1500,4,5,0,52515,2,0,55,65414
2546502277,3472982101,443,58006,TCP,1521118750467405,105,4,5,0,46202,2,0,241,25455
699934405,3399961902,8999,61903,TCP,1521118750467407,52,4,5,0,7084,2,0,116,33477
2571612642,3443994508,443,63519,TCP,1521118750467408,1452,4,5,0,3526,2,0,52,60296
2258940746,3978971484,2515,64386,TCP,1521118750467410,52,4,5,0,42341,2,0,58,10985
799062033,3978971498,443,7238,TCP,1521118750467411,614,4,5,0,55786,2,0,240,36960
1054400365,3337040746,443,12969,TCP,1521118750467412,1500,4,5,0,19606,2,0,46,57838
2571612642,3443994508,443,63519,TCP,1521118750467415,1452,4,5,0,3527,2,0,52,60295
1054400365,3337040746,443,12969,TCP,1521118750467417,1500,4,5,0,19607,2,0,46,57837
1054400365,3337040746,443,12969,TCP,1521118750467420,1500,4,5,0,19608,2,0,46,57836
3766937918,3334585693,443,49526,TCP,1521118750467421,1400,4,5,40,13126,2,0,61,46893
1054400365,3337040746,443,12969,TCP,1521118750467422,1500,4,5,0,19609,2,0,46,57835
3766937918,3334585693,443,49526,TCP,1521118750467423,1400,4,5,40,13127,2,0,61,46892
2154501484,1074109333,80,51140,TCP,1521118750467428,1500,4,5,0,52517,2,0,55,65412
795709583,3978971490,443,38560,TCP,1521118750467429,52,4,5,0,12706,2,0,240,25240
741817928,3348631022,4070,31758,UDP,1521118750467430,52,4,5,0,40199,2,0,49,27820
2154501484,1074109333,80,51140,TCP,1521118750467445,1500,4,5,0,52518,2,0,55,65411
2201219142,3472992948,8801,50091,UDP,1521118750467446,413,4,5,0,34913,2,0,59,51390
2571612642,3443994508,443,63519,TCP,1521118750467456,1452,4,5,0,3528,2,0,52,60294
4053791076,3222710662,53446,38250,UDP,1521118750467458,48,4,5,0,32568,0,0,118,30947
2571612642,3443994508,443,63519,TCP,1521118750467459,1452,4,5,0,3529,2,0,52,60293
2571612642,3443994508,443,63519,TCP,1521118750467460,1452,4,5,0,3530,2,0,52,60292
1182083846,3390854857,5082,64668,UDP,1521118750467461,48,4,5,0,3633,0,0,112,43563
2055939992,3608324866,443,57011,TCP,1521118750467468,52,4,5,0,3009,2,0,56,4811
1056020667,3618747373,443,51944,TCP,1521118750467472,52,4,5,0,0,2,0,232,12152
3310683221,2317271739,53,34056,UDP,1521118750467476,1473,4,5,0,62393,0,0,59,28654
3885270105,3569556591,443,3620,TCP,1521118750467480,348,4,5,0,39882,2,0,54,19121
2236282584,1235594664,50255,445,TCP,1521118750467486,180,4,5,0,17015,2,0,115,20828
799583069,3978971496,443,44998,TCP,1521118750467495,52,4,5,0,17052,2,0,240,13967
940489401,846887741,443,54753,TCP,1521118750467499,60,4,5,8,0,2,0,54,42037
1708505781,3452494438,13133,6480,UDP,1521118750467500,1466,4,5,0,10237,0,0,118,18044
3314518690,3448447653,443,52067,TCP,1521118750467502,367,4,5,0,9258,2,0,54,57084
1737468514,846915517,52993,62841,UDP,1521118750467508,1466,4,5,0,19025,0,0,115,52152
3306247024,3707045516,80,56739,TCP,1521118750467521,1480,4,5,0,44264,2,0,49,39748
800783747,3347703246,443,48048,TCP,1521118750467528,270,4,5,0,54599,2,0,237,56587
1663269361,4096165165,6902,52098,TCP,1521118750467537,1400,4,5,0,20825,2,0,56,38334
1663269361,4096165165,6902,52098,TCP,1521118750467538,1400,4,5,0,20826,2,0,56,38333
2256967761,3450240834,443,62385,TCP,1521118750467539,1357,4,5,0,44555,0,0,248,41950
2483256890,1962334026,80,38122,TCP,1521118750467548,52,4,5,0,11848,2,0,56,46589
3793342214,3473703254,443,51150,TCP,1521118750467568,60,4,5,24,0,2,0,55,16929
3527241872,3618741206,443,60529,UDP,1521118750467569,1378,4,5,0,0,2,0,59,33845
3223949995,2332752498,50527,443,TCP,1521118750467570,40,4,5,0,8567,2,0,115,3591
2258593732,3391007796,5000,5968,UDP,1521118750467590,132,4,5,0,35938,0,0,57,36944
3885269538,3558759830,443,11948,TCP,1521118750467606,40,4,5,0,25583,2,0,54,17781
2258940777,3978971498,2515,10158,TCP,1521118750467608,52,4,5,0,61110,2,0,58,57706
1653291109,4225200602,443,39328,TCP,1521118750467615,138,4,5,0,65311,2,0,248,31403
3362597024,3223149794,80,32854,TCP,1521118750467618,52,4,5,0,16078,2,0,48,65000
2340596306,1962334175,52502,80,TCP,1521118750467622,52,4,5,0,15383,2,0,112,19458
1962329749,1074109250,56356,1485,UDP,1521118750467631,1372,4,5,24,53461,2,0,54,22480
2258940746,3978971484,2515,64386,TCP,1521118750467646,52,4,5,0,42342,2,0,58,10984
741779568,4102003776,443,48887,TCP,1521118750467661,60,4,5,0,0,2,0,240,9557
3741785781,3978971498,443,58696,TCP,1521118750467666,464,4,5,0,1569,2,0,248,18101
3585067444,2205299334,443,36051,TCP,1521118750467668,52,4,5,0,49408,2,0,54,11879
1962329749,1074109250,56356,1485,UDP,1521118750467668,1372,4,5,24,53462,2,0,54,22479
974656519,3452444549,80,7837,TCP,1521118750467675,1452,4,5,0,44757,2,0,58,20746
1812582555,3337861944,443,50923,TCP,1521118750467676,52,4,5,0,47215,0,0,250,18819
1355631937,3338647934,36925,6931,UDP,1521118750467676,1453,4,5,0,4135,0,0,116,4749
1915650263,3348702133,33038,1036,UDP,1521118750467680,48,4,5,0,27442,0,0,53,15415
974656519,3452444549,80,7837,TCP,1521118750467685,1452,4,5,0,44758,2,0,58,20745
942637450,1074109367,443,45442,TCP,1521118750467686,1500,4,5,8,36199,2,0,246,23606
1226543713,3978971491,443,49644,TCP,1521118750467687,1500,4,5,0,50638,2,0,240,44354
942637450,1074109367,443,45442,TCP,1521118750467689,1500,4,5,8,36200,2,0,246,23605
942637450,1074109367,443,45442,TCP,1521118750467691,1500,4,5,8,36201,2,0,246,23604
942637450,1074109367,443,45442,TCP,1521118750467692,1500,4,5,8,36202,2,0,246,23603
3362597024,3223149794,80,32854,TCP,1521118750467696,80,4,5,0,16079,2,0,48,64971
942637450,1074109367,443,45442,TCP,1521118750467698,1500,4,5,8,36203,2,0,246,23602
942637450,1074109367,443,45442,TCP,1521118750467699,1500,4,5,8,36204,2,0,246,23601
3355000983,3255952778,443,2458,TCP,1521118750467701,60,4,5,0,17784,2,0,243,37398
942637450,1074109367,443,45442,TCP,1521118750467705,1500,4,5,8,36205,2,0,246,23600
942637450,1074109367,443,45442,TCP,1521118750467706,1500,4,5,8,36206,2,0,246,23599
942637450,1074109367,443,45442,TCP,1521118750467707,1500,4,5,8,36207,2,0,246,23598
942637450,1074109367,443,45442,TCP,1521118750467709,1500,4,5,8,36208,2,0,246,23597
942637450,1074109367,443,45442,TCP,1521118750467710,1500,4,5,8,36209,2,0,246,23596
942637450,1074109367,443,45442,TCP,1521118750467712,561,4,5,8,36210,2,0,246,24534
1226543713,3978971491,443,49644,TCP,1521118750467712,502,4,5,0,50639,2,0,240,45351
1962329749,1074109250,56356,1485,UDP,1521118750467713,1372,4,5,24,53463,2,0,54,22478
1067856865,1962334022,443,38491,TCP,1521118750467714,516,4,5,0,42279,2,0,237,9992
1067856865,1962334022,443,38491,TCP,1521118750467719,86,4,5,0,42280,2,0,237,10421
2359936989,1074109412,443,56887,TCP,1521118750467729,1500,4,5,0,33614,2,0,58,34653
2359936989,1074109412,443,56887,TCP,1521118750467734,1500,4,5,0,33615,2,0,58,34652
2359936989,1074109412,443,56887,TCP,1521118750467735,1500,4,5,0,33616,2,0,58,34651
1670205591,1962334184,45474,1485,UDP,1521118750467736,284,4,5,24,44858,2,0,57,36987
2359936989,1074109412,443,56887,TCP,1521118750467737,1500,4,5,0,33617,2,0,58,34650
504317783,3348719018,443,51077,TCP,1521118750467741,52,4,5,0,0,2,0,91,36122
2359936989,1074109412,443,56887,TCP,1521118750467742,1500,4,5,0,33618,2,0,58,34649
2359936989,1074109412,443,56887,TCP,1521118750467743,949,4,5,0,33619,2,0,58,35199
2356819638,3452499225,443,60072,TCP,1521118750467746,52,4,5,0,37168,2,0,244,28544
2356819638,3452499225,443,60072,TCP,1521118750467746,52,4,5,0,37169,2,0,244,28543
3427340275,3617730729,45600,49700,TCP,1521118750467749,174,4,5,0,61691,2,0,57,27590
1286694882,3571692346,443,45097,TCP,1521118750467751,376,4,5,0,49920,2,0,56,16846
3527239300,4030665106,443,58518,TCP,1521118750467752,1440,4,5,0,41479,0,0,58,40637
2096345672,4030687066,80,44239,TCP,1521118750467754,1335,4,5,0,8002,2,0,58,38313
1962329749,1074109250,56356,1485,UDP,1521118750467755,1372,4,5,24,53464,2,0,54,22477
1328186672,4223554121,56356,1485,UDP,1521118750467758,72,4,5,0,33369,0,0,54,57337
3307968856,3978971492,80,10818,TCP,1521118750467761,1500,4,5,0,53379,2,0,60,54149
3307968856,3978971492,80,10818,TCP,1521118750467763,116,4,5,0,53380,2,0,60,55532
3355000983,3255952778,443,2458,TCP,1521118750467766,1480,4,5,0,17785,2,0,243,35977
3355000983,3255952778,443,2458,TCP,1521118750467768,713,4,5,0,17786,2,0,243,36743
3766890141,3453678741,443,51477,TCP,1521118750467768,1412,4,5,8,8584,2,0,59,18256
2359936989,1074109412,443,56887,TCP,1521118750467769,1500,4,5,0,33620,2,0,58,34647
3766890141,3453678741,443,51477,TCP,1521118750467771,1412,4,5,8,8585,2,0,59,18255
2359936989,1074109412,443,56887,TCP,1521118750467772,1500,4,5,0,33621,2,0,58,34646
2359936989,1074109412,443,56887,TCP,1521118750467774,1500,4,5,0,33622,2,0,58,34645
2359936989,1074109412,443,56887,TCP,1521118750467777,1500,4,5,0,33623,2,0,58,34644
3741785781,3978971485,443,2688,TCP,1521118750467779,465,4,5,0,47177,2,0,248,38040
1902157334,3452141161,443,58601,TCP,1521118750467783,1480,4,5,0,38166,2,0,51,20854
2359936989,1074109412,443,56887,TCP,1521118750467784,1500,4,5,0,33624,2,0,58,34643
2359936989,1074109412,443,56887,TCP,1521118750467786,1013,4,5,0,33625,2,0,58,35129
1178466980,3443718479,35857,1024,UDP,1521118750467787,48,4,5,0,28412,0,0,106,55884
1902157334,3452141161,443,58601,TCP,1521118750467791,1480,4,5,0,38167,2,0,51,20853
1280595944,3348659670,60766,60539,UDP,1521118750467792,1296,4,5,0,3969,2,0,122,689
1962329749,1074109250,56356,1485,UDP,1521118750467797,1372,4,5,24,53465,2,0,54,22476
1280595944,3348659670,60766,60539,UDP,1521118750467804,1372,4,5,0,3970,2,0,122,612
1191136470,3390849258,24602,64774,UDP,1521118750467805,48,4,5,0,31190,0,0,112,12811
1902157334,3452141161,443,58601,TCP,1521118750467810,1480,4,5,0,38168,2,0,51,20852
1902157334,3452141161,443,58601,TCP,1521118750467821,1480,4,5,0,38169,2,0,51,20851
1056468044,846841054,443,26949,TCP,1521118750467822,52,4,5,0,26050,2,0,240,33381
3585093659,855531257,5222,43289,TCP,1521118750467831,92,4,5,0,29900,2,0,54,14349
1691408849,3890314075,53,26621,UDP,1521118750467832,111,4,5,0,57250,0,0,58,65276
3788525509,3474200674,6881,2557,UDP,1521118750467839,70,4,5,0,27860,0,0,55,64966
1589794559,0,6881,2557,UDP,1521118750467848,0,6,0,0,240,0,4407,217,5632
894582514,3223197182,40345,10099,TCP,1521118750467852,52,4,5,0,22752,2,0,50,42371
894582514,3223197182,40345,10099,TCP,1521118750467853,52,4,5,0,22753,2,0,50,42370
3433012066,3391003023,51741,50034,UDP,1521118750467857,38,4,5,0,19562,0,0,117,11693
2581081802,3455831494,11111,57237,UDP,1521118750467860,1455,4,5,0,27425,0,0,118,28600
3741785781,3978971493,443,3484,TCP,1521118750467863,52,4,5,0,19585,2,0,248,502
1323903755,3390917509,9305,9305,UDP,1521118750467865,1146,4,5,0,4542,0,0,55,56862
2258940746,3978971484,2515,64386,TCP,1521118750467866,52,4,5,0,42343,2,0,58,10983
1623011302,3472982775,80,51855,TCP,1521118750467867,1492,4,5,0,16787,2,0,57,6133
2562965339,3396743533,60000,32773,TCP,1521118750467876,1476,4,5,0,11717,2,0,122,31084
2125082209,1962334035,443,40588,TCP,1521118750467878,1500,4,5,0,22255,2,0,244,12503
738410095,3978971498,443,29628,TCP,1521118750467879,52,4,5,0,4074,2,0,241,55506
2125082209,1962334035,443,40588,TCP,1521118750467879,1500,4,5,0,22256,2,0,244,12502
1623011302,3472982775,80,51855,TCP,1521118750467880,1492,4,5,0,16788,2,0,57,6132
2125082209,1962334035,443,40588,TCP,1521118750467882,1500,4,5,0,22257,2,0,244,12501
3366961806,3391069242,1024,46475,UDP,1521118750467883,64,4,5,0,39085,2,0,47,49511
3554972867,4041150013,63301,51652,TCP,1521118750467883,40,4,5,0,16777,2,0,112,24962
2154501484,1074109333,80,51140,TCP,1521118750467883,1500,4,5,0,52577,2,0,55,65352
2125082209,1962334035,443,40588,TCP,1521118750467886,1500,4,5,0,22258,2,0,244,12500
3316396570,4030689915,52671,64854,TCP,1521118750467887,1480,4,5,8,45907,2,0,56,12115
3585292118,3443717557,5222,3343,TCP,1521118750467888,52,4,5,0,55356,2,0,54,40069
2125082209,1962334035,443,40588,TCP,1521118750467889,1110,4,5,0,22259,2,0,244,12889
2154501484,1074109333,80,51140,TCP,1521118750467895,1500,4,5,0,52578,2,0,55,65351
1262717388,3472905749,119,26497,UDP,1521118750467898,1427,4,5,0,53204,2,0,59,28768
284309619,3890314075,53,53582,UDP,1521118750467900,120,4,5,0,37720,0,0,60,15995
1257923643,3608893601,9306,9306,UDP,1521118750467900,67,4,5,0,2111,0,0,51,41081
3254646971,1962334163,50036,80,TCP,1521118750467902,52,4,5,0,22568,2,0,112,43800
2087007437,2270145485,443,43011,TCP,1521118750467914,303,4,5,0,15950,2,0,118,57643
2258940746,3978971494,2515,23852,TCP,1521118750467916,52,4,5,0,47337,2,0,58,5979
1738850288,3391002922,65030,44822,TCP,1521118750467916,1492,4,5,0,12150,2,0,121,16848
3672219928,1962334020,443,52901,TCP,1521118750467921,519,4,5,0,6507,2,0,58,23889
3585080808,3484897877,5222,54717,TCP,1521118750467926,52,4,5,0,42869,2,0,54,42921
894582514,3223197182,40345,10099,TCP,1521118750467930,52,4,5,0,22754,2,0,50,42369
3673985620,3447595366,32005,13718,TCP,1521118750467936,94,4,5,0,3084,2,0,59,55128
3741785781,3978971496,443,64790,TCP,1521118750467938,52,4,5,0,58666,2,0,248,26953
2280876618,3350329586,4530,56561,TCP,1521118750467939,49,4,5,0,18611,2,0,117,2610
2005836026,4030665149,443,58171,TCP,1521118750467947,1440,4,5,0,56492,0,0,58,33830
2154501484,1074109333,80,51140,TCP,1521118750467948,1500,4,5,0,52582,2,0,55,65347
796643932,3348630164,9339,26927,UDP,1521118750467957,54,4,5,0,25713,2,0,46,5186
2154501484,1074109333,80,51140,TCP,1521118750467960,1500,4,5,0,52583,2,0,55,65346
2288713240,3890314079,53,52003,UDP,1521118750467962,66,4,5,0,26221,0,0,243,30585
1649310264,3680252856,34796,7147,UDP,1521118750467965,1466,4,5,0,30614,0,0,118,56321
1742936739,1962334035,443,42828,TCP,1521118750467966,52,4,5,0,41811,2,0,56,53408
2408978610,3455660257,443,51543,TCP,1521118750467968,1500,4,5,8,14452,2,0,57,23677
1902622811,4030665149,25257,2356,UDP,1521118750467973,1453,4,5,0,12173,0,0,114,59379
2154501484,1074109333,80,51140,TCP,1521118750467974,1500,4,5,0,52584,2,0,55,65345
3978970913,3978971499,443,51468,TCP,1521118750467978,52,4,5,0,11288,2,0,60,42954
139152330,3349797979,443,4977,TCP,1521118750467980,337,4,5,0,49097,0,0,246,3011
2408978610,3455660257,443,51543,TCP,1521118750467981,1500,4,5,8,14453,2,0,57,23676
2410016157,3353139999,80,64202,TCP,1521118750467982,67,4,5,0,1184,2,0,56,7638
2198041738,3608324562,443,42895,TCP,1521118750467984,1460,4,5,0,1943,2,0,56,48442
2154501484,1074109333,80,51140,TCP,1521118750467985,1500,4,5,0,52585,2,0,55,65344
42510340,3390571827,80,11764,TCP,1521118750467986,1140,4,5,0,5023,2,0,57,45069
795107592,3978971495,443,62230,TCP,1521118750467987,52,4,5,0,31641,2,0,240,18476
2198041738,3608324562,443,42895,TCP,1521118750467988,1460,4,5,0,1944,2,0,56,48441
3672219928,1962334020,443,52901,TCP,1521118750467989,218,4,5,0,6508,2,0,58,24189
42510340,3390571827,80,11764,TCP,1521118750467992,1140,4,5,0,5024,2,0,57,45068
3890314424,3890314025,80,11764,TCP,1521118750467993,600,4,5,0,27594,0,0,55,19973
2408978610,3455660257,443,51543,TCP,1521118750467995,1500,4,5,8,14454,2,0,57,23675
1264309469,3978971490,80,53458,TCP,1521118750467996,52,4,5,0,1896,2,0,58,58006
2154501484,1074109333,80,51140,TCP,1521118750467998,1500,4,5,0,52587,2,0,55,65342
2258940521,3978971493,5090,80,TCP,1521118750468000,52,4,5,0,59357,2,0,60,59208
942637450,1074109367,443,45442,TCP,1521118750468004,1500,4,5,8,36292,2,0,246,23513
2408978610,3455660257,443,51543,TCP,1521118750468006,1500,4,5,8,14455,2,0,57,23674
697754482,3336902218,443,56076,TCP,1521118750468008,52,4,5,0,14201,2,0,56,8467
942637450,1074109367,443,45442,TCP,1521118750468010,1500,4,5,8,36293,2,0,246,23512
2154501484,1074109333,80,51140,TCP,1521118750468011,1500,4,5,0,52589,2,0,55,65340
942637450,1074109367,443,45442,TCP,1521118750468013,1500,4,5,8,36294,2,0,246,23511
2258940521,3978971493,5090,80,TCP,1521118750468014,52,4,5,0,59358,2,0,60,59207
358759995,4225200978,443,30150,TCP,1521118750468015,40,4,5,0,38083,2,0,245,11845
942637450,1074109367,443,45442,TCP,1521118750468018,1500,4,5,8,36295,2,0,246,23510
1303101840,842651050,27042,17088,UDP,1521118750468019,1453,4,5,0,14434,0,0,119,61118
942637450,1074109367,443,45442,TCP,1521118750468021,1500,4,5,8,36296,2,0,246,23509
942637450,1074109367,443,45442,TCP,1521118750468022,1500,4,5,8,36297,2,0,246,23508
2154501484,1074109333,80,51140,TCP,1521118750468024,1500,4,5,0,52591,2,0,55,65338
942637450,1074109367,443,45442,TCP,1521118750468025,1500,4,5,8,36298,2,0,246,23507
514645389,3571692429,56112,6990,TCP,1521118750468026,48,4,5,0,2365,2,0,118,30432
3885270116,3446699447,443,59949,TCP,1521118750468027,40,4,5,0,50325,2,0,54,53529
942637450,1074109367,443,45442,TCP,1521118750468028,1500,4,5,8,36299,2,0,246,23506
942637450,1074109367,443,45442,TCP,1521118750468029,1500,4,5,8,36300,2,0,246,23505
1834536592,3484683469,51413,30709,UDP,1521118750468031,1430,4,5,0,53229,2,0,50,23295
942637450,1074109367,443,45442,TCP,1521118750468033,1500,4,5,8,36301,2,0,246,23504
938035612,3978971640,2001,2001,UDP,1521118750468034,133,4,5,0,31332,2,0,59,3164
942637450,1074109367,443,45442,TCP,1521118750468034,1500,4,5,8,36302,2,0,246,23503
942637450,1074109367,443,45442,TCP,1521118750468035,561,4,5,8,36303,2,0,246,24441
790729470,3978971491,443,28398,TCP,1521118750468036,498,4,5,0,41261,2,0,240,61226
2154501484,1074109333,80,51140,TCP,1521118750468038,1500,4,5,0,52592,2,0,55,65337
419533966,1235594514,59254,445,TCP,1521118750468045,52,4,5,0,26650,2,0,118,63586
1190350443,3242289330,80,9662,TCP,1521118750468046,1400,4,5,0,54808,2,0,53,43797
1190350443,3242289330,80,9662,TCP,1521118750468047,1063,4,5,0,54809,2,0,53,44133
2258940746,3978971484,2515,64386,TCP,1521118750468048,52,4,5,0,42344,2,0,58,10982
2154501484,1074109333,80,51140,TCP,1521118750468048,1500,4,5,0,52593,2,0,55,65336
739847478,3978971489,443,53060,TCP,1521118750468049,1327,4,5,0,20224,2,0,241,42477
4176487994,1962333990,60430,443,TCP,1521118750468050,188,4,5,0,61105,2,0,58,58946
3885270335,3348719765,443,65443,TCP,1521118750468052,40,4,5,0,47180,2,0,54,61312
230700669,3447621997,443,2260,TCP,1521118750468053,1446,4,5,0,5942,2,0,245,52722
2106590596,1962334034,443,53260,TCP,1521118750468056,733,4,5,0,49955,2,0,57,44186
1054278355,855485017,443,46821,TCP,1521118750468057,64,4,5,0,16352,2,0,236,12247
2154501484,1074109333,80,51140,TCP,1521118750468061,1500,4,5,0,52595,2,0,55,65334
2106590596,1962334034,443,53260,TCP,1521118750468062,174,4,5,0,49956,2,0,57,44744
282485281,3350287170,443,58391,TCP,1521118750468062,473,4,5,0,392,2,0,241,63659
1760041154,3568019594,443,34502,TCP,1521118750468066,1480,4,5,0,17817,2,0,58,63158
1264309528,3978971485,443,23390,TCP,1521118750468071,1500,4,5,32,65010,2,0,61,58125
1264309528,3978971485,443,23390,TCP,1521118750468073,1392,4,5,32,65011,2,0,61,58232
1226543713,3978971491,443,49644,TCP,1521118750468077,1500,4,5,0,50640,2,0,240,44352
2340594942,1962333969,65309,443,TCP,1521118750468079,52,4,5,0,0,2,0,51,52027
282485281,3350287170,443,58391,TCP,1521118750468079,89,4,5,0,393,2,0,241,64042
2340594942,1962333969,65309,443,TCP,1521118750468079,52,4,5,0,0,2,0,51,52027
1264309528,3978971485,443,23390,TCP,1521118750468079,1500,4,5,32,65012,2,0,61,58123
1264309528,3978971485,443,23390,TCP,1521118750468080,1392,4,5,32,65013,2,0,61,58230
360218189,2343840181,443,63778,TCP,1521118750468086,40,4,5,0,45185,2,0,241,36895
738370014,3978971499,443,38696,TCP,1521118750468087,52,4,5,0,47208,2,0,240,52708
2154501484,1074109333,80,51140,TCP,1521118750468093,1500,4,5,0,52597,2,0,55,65332
1286694856,3571693341,80,49937,TCP,1521118750468095,265,4,5,0,59656,2,0,56,6252
3310683221,2317271739,53,34056,UDP,1521118750468101,1473,4,5,0,62394,0,0,59,28653
795119674,3978971498,443,40446,TCP,1521118750468105,1500,4,5,0,38446,2,0,240,63673
795119674,3978971498,443,40446,TCP,1521118750468111,1500,4,5,0,38447,2,0,240,63672
2154501484,1074109333,80,51140,TCP,1521118750468119,1500,4,5,0,52598,2,0,55,65331
1226543713,3978971491,443,49644,TCP,1521118750468121,480,4,5,0,50641,2,0,240,45371
795119674,3978971498,443,40446,TCP,1521118750468123,1500,4,5,0,38448,2,0,240,63671
1303101840,842651050,27042,17088,UDP,1521118750468125,1453,4,5,0,14435,0,0,119,61117
139152287,3608343554,443,26333,TCP,1521118750468128,52,4,5,0,19864,0,0,245,22828
795119674,3978971498,443,40446,TCP,1521118750468129,1500,4,5,0,38449,2,0,240,63670
2154501484,1074109333,80,51140,TCP,1521118750468133,1500,4,5,0,52600,2,0,55,65329
517385444,3352065826,8080,58411,TCP,1521118750468143,1500,4,5,0,29187,2,0,59,48495
2104327333,3338413775,53,49474,UDP,1521118750468144,125,4,5,0,20272,0,0,55,19554
1264309469,3978971490,80,53458,TCP,1521118750468146,243,4,5,32,1897,2,0,58,57782
2087007427,2270145422,443,39455,TCP,1521118750468153,303,4,5,0,10029,2,0,116,64149
232303826,2321225282,443,60934,TCP,1521118750468154,89,4,5,0,45941,2,0,237,32481
795119674,3978971498,443,40446,TCP,1521118750468158,748,4,5,0,38450,2,0,240,64421
1671341275,3571853893,64854,17148,UDP,1521118750468166,1452,4,5,0,11494,0,0,117,2998
752778573,3978971494,80,14704,TCP,1521118750468170,470,4,5,0,62592,2,0,239,46308
752778573,3978971494,80,14704,TCP,1521118750468171,128,4,5,0,62593,2,0,239,46649
843314919,3391046434,9999,47158,TCP,1521118750468176,113,4,5,0,55388,2,0,57,12990
138800214,3452696865,80,45394,TCP,1521118750468177,40,4,5,0,11402,2,0,53,23997
1704508030,3233214356,64269,60187,UDP,1521118750468181,103,4,5,0,26568,0,0,56,19036
739963238,3978971488,443,50262,TCP,1521118750468188,1500,4,5,0,8969,2,0,240,3591
4061996447,3451130427,6292,53164,UDP,1521118750468189,48,4,5,0,29950,0,0,120,54802
739963238,3978971488,443,50262,TCP,1521118750468193,1500,4,5,0,8970,2,0,240,3590
1264309469,3978971490,80,53458,TCP,1521118750468194,52,4,5,32,1898,2,0,58,57972
3992030474,2324810533,80,53458,TCP,1521118750468201,60,4,5,0,56347,2,0,53,39154
938035612,3978971640,2001,2001,UDP,1521118750468207,133,4,5,0,31333,2,0,59,3163
504317770,3352312640,40003,52938,UDP,1521118750468212,89,4,5,0,19828,2,0,91,27062
739963238,3978971488,443,50262,TCP,1521118750468223,1500,4,5,0,8971,2,0,240,3589
1645394518,3455008409,20496,1024,UDP,1521118750468225,1453,4,5,0,20182,0,0,114,52088
1264309479,3978971492,443,38076,TCP,1521118750468226,52,4,5,0,41230,2,0,58,18660
752778573,3978971494,80,14704,TCP,1521118750468233,40,4,5,0,62594,2,0,239,46736
2258940746,3978971484,2515,64386,TCP,1521118750468242,52,4,5,0,42345,2,0,58,10981
2487475774,3454818632,53,51665,UDP,1521118750468246,84,4,5,0,25675,2,0,58,17047
3494067038,3233157848,80,35246,TCP,1521118750468256,1500,4,5,0,46645,2,0,55,43190
790729470,3978971491,443,28398,TCP,1521118750468257,1500,4,5,0,41262,2,0,240,60223
1898886974,3353372333,53368,36725,UDP,1521118750468259,48,4,5,0,2605,0,0,116,58773
1898886974,3353372333,53368,36725,UDP,1521118750468265,48,4,5,0,2606,0,0,116,58772
739963238,3978971488,443,50262,TCP,1521118750468268,1500,4,5,0,8972,2,0,240,3588
1226504259,3978971496,443,34850,TCP,1521118750468269,275,4,5,0,34706,2,0,239,35681
1226504259,3978971496,443,34850,TCP,1521118750468269,83,4,5,0,34707,2,0,239,35872
1671341275,3571853893,64854,17148,UDP,1521118750468269,1452,4,5,0,11495,0,0,117,2997
739963238,3978971488,443,50262,TCP,1521118750468271,1500,4,5,0,8973,2,0,240,3587
790729470,3978971491,443,28398,TCP,1521118750468272,150,4,5,0,41263,2,0,240,61572
2258940779,3978971498,2515,7696,TCP,1521118750468273,52,4,5,0,62799,2,0,58,56015
1179657028,3348656076,35971,12475,UDP,1521118750468273,48,4,5,0,31666,0,0,113,11538
843783394,3390919793,8101,50676,TCP,1521118750468276,1195,4,5,0,45776,2,0,59,6849
1235721153,4225200978,443,43521,TCP,1521118750468282,1500,4,5,0,34162,2,0,58,24855
1235721153,4225200978,443,43521,TCP,1521118750468283,1500,4,5,0,34163,2,0,58,24854
1235721153,4225200978,443,43521,TCP,1521118750468284,1500,4,5,0,34164,2,0,58,24853
1235721153,4225200978,443,43521,TCP,1521118750468287,1500,4,5,0,34165,2,0,58,24852
1235721153,4225200978,443,43521,TCP,1521118750468288,1500,4,5,0,34166,2,0,58,24851
1235721153,4225200978,443,43521,TCP,1521118750468290,1500,4,5,0,34167,2,0,58,24850
1235721153,4225200978,443,43521,TCP,1521118750468292,1500,4,5,0,34168,2,0,58,24849
1235721153,4225200978,443,43521,TCP,1521118750468293,1500,4,5,0,34169,2,0,58,24848
1235721153,4225200978,443,43521,TCP,1521118750468295,1500,4,5,0,34170,2,0,58,24847
1235721153,4225200978,443,43521,TCP,1521118750468296,1500,4,5,0,34171,2,0,58,24846
1235721153,4225200978,443,43521,TCP,1521118750468298,1500,4,5,0,34172,2,0,58,24845
1235721153,4225200978,443,43521,TCP,1521118750468299,1500,4,5,0,34173,2,0,58,24844
938035618,3978971640,2001,2001,UDP,1521118750468300,131,4,5,0,12345,2,0,59,22147
1235721153,4225200978,443,43521,TCP,1521118750468300,1500,4,5,0,34174,2,0,58,24843
1235721153,4225200978,443,43521,TCP,1521118750468302,1500,4,5,0,34175,2,0,58,24842
1235721153,4225200978,443,43521,TCP,1521118750468303,1500,4,5,0,34176,2,0,58,24841
1235721153,4225200978,443,43521,TCP,1521118750468304,1500,4,5,0,34177,2,0,58,24840
1235721153,4225200978,443,43521,TCP,1521118750468306,1500,4,5,0,34178,2,0,58,24839
1235721153,4225200978,443,43521,TCP,1521118750468307,1500,4,5,0,34179,2,0,58,24838
1235721153,4225200978,443,43521,TCP,1521118750468309,1500,4,5,0,34180,2,0,58,24837
2117031603,3353312573,8200,63529,UDP,1521118750468310,68,4,5,0,42701,2,0,55,33500
1235721153,4225200978,443,43521,TCP,1521118750468310,1500,4,5,0,34181,2,0,58,24836
3742243583,3447595360,443,44618,TCP,1521118750468313,1400,4,5,0,43664,2,0,247,60162
3742243583,3447595360,443,44618,TCP,1521118750468318,1400,4,5,0,43666,2,0,247,60160
3742243583,3447595360,443,44618,TCP,1521118750468319,425,4,5,0,43668,2,0,247,61133
2279000371,3242286394,80,51666,TCP,1521118750468322,1476,4,5,0,64665,2,0,59,52756
2377634709,4041960793,443,49913,TCP,1521118750468324,1480,4,5,0,62930,2,0,60,33739
2377634709,4041960793,443,49913,TCP,1521118750468325,1480,4,5,0,62931,2,0,60,33738
2244988905,4103963796,16652,28089,UDP,1521118750468327,54,4,5,0,1888,0,0,115,29036
1175620264,3614060076,51630,11411,TCP,1521118750468327,52,4,5,0,63962,2,0,46,31896
1124008501,3349792049,14587,28344,UDP,1521118750468327,1466,4,5,0,23888,0,0,116,4564
739963238,3978971488,443,50262,TCP,1521118750468337,1277,4,5,0,8974,2,0,240,3809
1056296069,3978971486,443,63982,TCP,1521118750468346,608,4,5,0,13751,2,0,232,6365
4023771312,3455831680,443,1535,TCP,1521118750468347,1480,4,5,0,0,2,0,56,53293
2378688203,3335632067,80,49656,TCP,1521118750468351,1500,4,5,0,64656,2,0,57,20323
1762151656,4102004111,62348,1369,UDP,1521118750468352,48,4,5,0,16609,0,0,57,63708
894582514,3223197182,40345,10099,TCP,1521118750468352,52,4,5,0,22755,2,0,50,42368
942637450,1074109367,443,45442,TCP,1521118750468355,1500,4,5,8,36399,2,0,246,23406
942637450,1074109367,443,45442,TCP,1521118750468357,1500,4,5,8,36400,2,0,246,23405
942637450,1074109367,443,45442,TCP,1521118750468358,1500,4,5,8,36401,2,0,246,23404
3254629259,1962334005,54186,80,TCP,1521118750468361,40,4,5,0,18624,2,0,112,91
942637450,1074109367,443,45442,TCP,1521118750468362,1500,4,5,8,36402,2,0,246,23403
1355392792,3390935153,7080,17484,UDP,1521118750468363,48,4,5,0,15534,0,0,117,46750
942637450,1074109367,443,45442,TCP,1521118750468363,1500,4,5,8,36403,2,0,246,23402
942637450,1074109367,443,45442,TCP,1521118750468371,1500,4,5,8,36404,2,0,246,23401
942637450,1074109367,443,45442,TCP,1521118750468372,1500,4,5,8,36405,2,0,246,23400
942637450,1074109367,443,45442,TCP,1521118750468374,1500,4,5,8,36406,2,0,246,23399
942637450,1074109367,443,45442,TCP,1521118750468375,1500,4,5,8,36407,2,0,246,23398
1660785056,3353313042,59960,1147,UDP,1521118750468376,1430,4,5,0,22378,0,0,119,43869
942637450,1074109367,443,45442,TCP,1521118750468378,1500,4,5,8,36408,2,0,246,23397
3349824738,3349824684,34434,53,UDP,1521118750468379,73,4,5,0,242,0,0,247,43470
1671341275,3571853893,64854,17148,UDP,1521118750468383,1452,4,5,0,11496,0,0,117,2996
942637450,1074109367,443,45442,TCP,1521118750468385,1500,4,5,8,36409,2,0,246,23396
942637450,1074109367,443,45442,TCP,1521118750468386,561,4,5,8,36410,2,0,246,24334
1190350518,4107106666,80,52146,TCP,1521118750468389,52,4,5,0,2745,2,0,55,13610
740010620,3978971486,443,42558,TCP,1521118750468390,52,4,5,0,44090,2,0,241,53352
718026855,3571692354,6008,6650,UDP,1521118750468391,102,4,5,9,8810,2,0,54,14011
1642208578,843181002,58036,445,TCP,1521118750468392,41,4,5,8,5011,2,0,118,21508
2198041731,3223149794,443,2148,TCP,1521118750468395,1436,4,5,0,61755,2,0,56,14234
3877058099,4030665138,443,2148,TCP,1521118750468396,584,4,5,32,28280,2,0,248,62126
2378688203,3335632067,80,49656,TCP,1521118750468399,1500,4,5,0,64657,2,0,57,20322
3585292118,3399942191,5222,38873,TCP,1521118750468404,91,4,5,0,55488,2,0,54,37884
742994312,1962334020,443,58743,TCP,1521118750468407,534,4,5,0,42606,2,0,240,14439
938035618,3978971640,2001,2001,UDP,1521118750468410,131,4,5,0,12346,2,0,59,22146
1589670017,0,2001,2001,UDP,1521118750468414,0,6,0,0,230,0,4408,217,5632
1053044552,3978971498,80,43102,TCP,1521118750468415,40,4,5,0,34486,2,0,49,7801
254518131,3473705883,80,55508,TCP,1521118750468416,40,4,5,0,52840,2,0,49,28193
800783747,3347702009,443,46485,TCP,1521118750468421,64,4,5,0,14450,2,0,237,32644
2258940521,3978971493,5090,80,TCP,1521118750468426,52,4,5,0,59359,2,0,60,59206
1904303180,3617785575,26261,51904,TCP,1521118750468429,1452,4,5,0,2295,2,0,116,19453
1635556654,2324821362,14357,445,TCP,1521118750468433,56,4,5,0,13663,2,0,119,20402
2258940521,3978971493,5090,80,TCP,1521118750468434,52,4,5,0,59360,2,0,60,59205
742994312,1962334020,443,58743,TCP,1521118750468441,86,4,5,0,42607,2,0,240,14886
790729470,3978971491,443,28398,TCP,1521118750468451,1500,4,5,0,41264,2,0,240,60221
799019905,3978971488,443,40240,TCP,1521118750468452,52,4,5,0,57477,2,0,240,12434
1962329749,1074109250,56356,1485,UDP,1521118750468460,1370,4,5,24,53466,2,0,54,22477
1742936739,1962334035,443,42828,TCP,1521118750468462,52,4,5,0,41812,2,0,56,53407
3453525675,283451530,52535,443,TCP,1521118750468462,52,4,5,0,39982,2,0,56,2211
790729470,3978971491,443,28398,TCP,1521118750468473,854,4,5,0,41265,2,0,240,60866
1258992072,3390926433,54489,51181,UDP,1521118750468475,725,4,5,0,11054,2,0,121,40600
1190350550,3390572373,80,62020,TCP,1521118750468476,40,4,5,0,36375,2,0,53,20610
1090752929,4109952418,28407,57689,UDP,1521118750468481,54,4,5,0,28016,0,0,120,10247
3581970786,3571859413,3074,3074,UDP,1521118750468484,184,4,5,0,3973,0,0,112,50961
3741785781,3978971493,443,3484,TCP,1521118750468501,466,4,5,0,19609,2,0,248,64
463410642,3334526767,63385,5531,UDP,1521118750468503,75,4,5,0,13988,2,0,122,64156
1543787699,2199531681,25294,445,TCP,1521118750468506,40,4,5,0,7957,2,0,113,34376
1414303516,4223963503,65267,8999,TCP,1521118750468507,1452,4,5,0,24872,2,0,109,13959
2285206462,3391014446,10074,48937,UDP,1521118750468508,51,4,5,0,47519,2,0,53,63449
1962329749,1074109250,56356,1485,UDP,1521118750468508,1320,4,5,24,53467,2,0,54,22526
3756983464,3352051770,443,49338,TCP,1521118750468509,1400,4,5,0,64462,2,0,56,21779
3756983464,3352051770,443,49338,TCP,1521118750468511,1400,4,5,0,64463,2,0,56,21778
1414303516,4223963503,65267,8999,TCP,1521118750468512,1452,4,5,0,24873,2,0,109,13958
1414303516,4223963503,65267,8999,TCP,1521118750468514,804,4,5,0,24874,2,0,109,14605
2154501484,1074109333,80,51140,TCP,1521118750468515,1500,4,5,0,52663,2,0,55,65266
1903162819,3472982509,41079,56292,UDP,1521118750468520,1454,4,5,0,4914,0,0,121,28907
1962329749,1074109250,56356,1485,UDP,1521118750468539,1320,4,5,24,53468,2,0,54,22525
2258940747,3978971495,2515,61168,TCP,1521118750468545,52,4,5,0,43060,2,0,58,10254
2340595091,283728570,54308,443,TCP,1521118750468550,486,4,5,0,32649,2,0,115,59855
828459153,3443990615,56696,82,TCP,1521118750468551,40,4,5,0,19743,0,0,247,3872
2154501484,1074109333,80,51140,TCP,1521118750468554,1500,4,5,0,52665,2,0,55,65264
3608337565,3455660881,33303,50801,UDP,1521118750468557,1466,4,5,0,42872,0,0,114,59071
2377630578,1074109342,80,36966,TCP,1521118750468558,471,4,5,8,64744,2,0,58,5475
3566147822,1962334034,443,43581,TCP,1521118750468565,1500,4,5,0,7503,2,0,58,58374
538542359,3390957442,41972,55446,UDP,1521118750468567,48,4,5,0,16127,0,0,117,46061
3566147822,1962334034,443,43581,TCP,1521118750468568,1500,4,5,0,7504,2,0,58,58373
2154501484,1074109333,80,51140,TCP,1521118750468570,1500,4,5,0,52666,2,0,55,65263
1962329749,1074109250,56356,1485,UDP,1521118750468572,1320,4,5,24,53469,2,0,54,22524
3566147822,1962334034,443,43581,TCP,1521118750468574,1500,4,5,0,7505,2,0,58,58372
3566147822,1962334034,443,43581,TCP,1521118750468575,1193,4,5,0,7506,2,0,58,58678
1671341275,3571853893,64854,17148,UDP,1521118750468577,1452,4,5,0,11497,0,0,117,2995
1867362808,3447595079,63546,28966,UDP,1521118750468581,88,4,5,0,17944,0,0,116,61809
2154501484,1074109333,80,51140,TCP,1521118750468583,1500,4,5,0,52667,2,0,55,65262
1649310264,3680252856,34796,7147,UDP,1521118750468586,1466,4,5,0,30615,0,0,118,56320
1262455994,4215907046,53,60350,UDP,1521118750468588,246,4,5,0,0,2,0,53,52941
2154501484,1074109333,80,51140,TCP,1521118750468594,1500,4,5,0,52668,2,0,55,65261
1962388838,1962334151,46522,9050,TCP,1521118750468601,52,4,5,0,50482,2,0,60,2678
1000998200,846938819,8317,41689,TCP,1521118750468601,52,4,5,0,20317,2,0,113,1095
2364717772,3484911095,443,54794,TCP,1521118750468605,40,4,5,0,38157,0,0,57,20309
3312267726,3617785118,20016,60032,UDP,1521118750468606,235,4,5,0,37037,2,0,52,57687
2154501484,1074109333,80,51140,TCP,1521118750468608,1500,4,5,0,52669,2,0,55,65260
2364717772,3484911095,443,54794,TCP,1521118750468613,40,4,5,0,38159,0,0,57,20307
517380902,1235559040,64648,445,TCP,1521118750468615,40,4,5,0,13035,2,0,119,43715
3672228960,1962334045,443,61521,TCP,1521118750468617,766,4,5,0,42255,2,0,61,43604
788831939,3455661120,443,14921,TCP,1521118750468620,40,4,5,0,56132,2,0,236,58249
139152287,3608343554,443,26333,TCP,1521118750468622,52,4,5,0,19865,0,0,245,22827
1962329749,1074109250,56356,1485,UDP,1521118750468623,1320,4,5,24,53470,2,0,54,22523
2039823049,3608364799,28382,2048,UDP,1521118750468626,140,4,5,0,42493,2,0,56,51698
2048669097,2270145408,443,45139,TCP,1521118750468626,52,4,5,0,54862,2,0,247,51935
1962388838,1962334151,46522,9050,TCP,1521118750468630,52,4,5,0,50483,2,0,60,2677
2488505845,2336765298,514,3934,TCP,1521118750468633,105,4,5,0,11525,2,0,52,11911
2503406330,1074109414,443,57338,TCP,1521118750468638,60,4,5,0,0,2,0,57,56735
3520540551,3396737234,21045,34146,UDP,1521118750468646,1453,4,5,0,15069,0,0,115,8892
1611906578,2336051418,36281,34922,UDP,1521118750468651,1455,4,5,0,21373,0,0,117,62083
1226537264,4109948245,443,50615,TCP,1521118750468653,40,4,5,0,56767,2,0,240,8310
3520540551,3396737234,21045,34146,UDP,1521118750468657,1453,4,5,0,15070,0,0,115,8891
1286694856,3571693341,80,49937,TCP,1521118750468660,1500,4,5,0,59725,2,0,56,4948
2377634709,3390574614,443,2395,TCP,1521118750468663,1140,4,5,0,36838,2,0,60,28450
2377634709,3390574614,443,2395,TCP,1521118750468664,1140,4,5,0,36839,2,0,60,28449
795130621,3334523508,443,55782,TCP,1521118750468673,1402,4,5,0,61924,2,0,48,55298
3520540551,3396737234,21045,34146,UDP,1521118750468674,1453,4,5,0,15071,0,0,115,8890
795130621,3334523508,443,55782,TCP,1521118750468675,1402,4,5,0,61925,2,0,48,55297
790729470,3978971491,443,28398,TCP,1521118750468676,1384,4,5,0,41266,2,0,240,60335
795130621,3334523508,443,55782,TCP,1521118750468677,268,4,5,0,61926,2,0,48,56430
1286694856,3571693341,80,49937,TCP,1521118750468678,1500,4,5,0,59726,2,0,56,4947
1962388838,1962334151,46522,9050,TCP,1521118750468679,52,4,5,0,50484,2,0,60,2676
1489330328,4095089817,53719,123,UDP,1521118750468679,36,4,5,0,37183,0,0,244,27516
1508732082,3446717537,18070,27451,TCP,1521118750468679,40,4,5,0,18846,2,0,117,27584
1286694856,3571693341,80,49937,TCP,1521118750468680,1220,4,5,0,59727,2,0,56,5226
739918465,1962334045,443,63631,TCP,1521118750468681,716,4,5,0,18022,2,0,240,34518
1888833187,3347702501,48809,23,TCP,1521118750468682,52,4,5,0,60177,2,0,55,61194
3527255911,4030665106,443,37352,UDP,1521118750468682,1378,4,5,0,0,2,0,58,49172
3520540551,3396737234,21045,34146,UDP,1521118750468684,1453,4,5,0,15072,0,0,115,8889
3756988500,3569556974,443,52495,TCP,1521118750468690,1400,4,5,0,47289,2,0,53,40145
1002084004,4215913529,1255,2547,TCP,1521118750468705,40,4,5,0,0,2,0,51,48622
2075950845,3347704991,443,51912,TCP,1521118750468710,52,4,5,0,12030,2,0,58,25315
3542516066,4030665149,443,52920,UDP,1521118750468716,1378,4,5,0,0,2,0,58,58629
278248674,3335625881,49529,54836,UDP,1521118750468718,1339,4,5,0,11942,2,0,118,41001
795834916,3978971493,443,47730,TCP,1521118750468719,1500,4,5,0,32805,2,0,240,9427
795834916,3978971493,443,47730,TCP,1521118750468722,1500,4,5,0,32806,2,0,240,9426
1962388838,1962334151,46522,9050,TCP,1521118750468727,52,4,5,0,50485,2,0,60,2675
1962358044,4217677069,80,49418,TCP,1521118750468730,1492,4,5,0,57158,2,0,60,3928
3524098781,3335633247,59444,26765,UDP,1521118750468731,54,4,5,0,26090,2,0,118,53680
1449827455,3390951360,80,33243,TCP,1521118750468740,1500,4,5,96,24902,2,0,54,20654
741877976,3474450152,443,40408,TCP,1521118750468741,52,4,5,0,60382,2,0,237,38612
2503407247,3453656561,80,38166,TCP,1521118750468741,52,4,5,0,0,2,0,57,18994
1449827455,3390951360,80,33243,TCP,1521118750468741,1500,4,5,96,24903,2,0,54,20653
1962358044,4217677069,80,49418,TCP,1521118750468742,1492,4,5,0,57159,2,0,60,3927
4038579273,3890314078,80,49418,TCP,1521118750468748,112,4,5,0,40179,0,0,52,49496
3801788594,4211110795,80,14156,TCP,1521118750468749,1280,4,5,0,27019,2,0,55,54163
3801788594,4211110795,80,14156,TCP,1521118750468750,1280,4,5,0,27020,2,0,55,54162
3425573473,3473705762,59227,2352,UDP,1521118750468752,726,4,5,0,24148,0,0,48,59652
3425573473,3473705762,59227,2352,UDP,1521118750468754,726,4,5,0,24149,0,0,48,59651
3425573473,3473705762,59227,2352,UDP,1521118750468755,78,4,5,0,24150,0,0,48,60298
1264308990,3978971491,3570,80,TCP,1521118750468758,52,4,5,0,30414,2,0,58,29966
2048669097,2270145408,443,45139,TCP,1521118750468761,144,4,5,0,54864,2,0,247,51841
2364717772,3484911095,443,54794,TCP,1521118750468763,314,4,5,0,38160,0,0,57,20032
991538699,2205393117,15000,33651,UDP,1521118750468763,54,4,5,0,29962,0,0,110,51767
2623944267,3259942474,41670,60346,UDP,1521118750468765,1449,4,5,0,23062,0,0,118,35299
3766937918,3484910926,443,49182,TCP,1521118750468767,1400,4,5,32,37925,2,0,61,34159
3766937918,3484910926,443,49182,TCP,1521118750468768,1400,4,5,32,37926,2,0,61,34158
2483256890,1962334026,80,38122,TCP,1521118750468769,462,4,5,0,11849,2,0,56,46178
3801788594,4211110795,80,14156,TCP,1521118750468770,1280,4,5,0,27021,2,0,55,54161
795834916,3978971493,443,47730,TCP,1521118750468771,1500,4,5,0,32807,2,0,240,9425
3310683221,2317271739,53,34056,UDP,1521118750468772,1473,4,5,0,62395,0,0,59,28652
1543787699,2199531681,25294,445,TCP,1521118750468773,128,4,5,0,7958,2,0,113,34287
795834916,3978971493,443,47730,TCP,1521118750468774,1500,4,5,0,32808,2,0,240,9424
1264308990,3978971491,3570,80,TCP,1521118750468775,52,4,5,0,30415,2,0,58,29965
3801788594,4211110795,80,14156,TCP,1521118750468775,1280,4,5,0,27022,2,0,55,54160
282018607,4098085650,443,59552,TCP,1521118750468781,1492,4,5,0,6862,2,0,59,1026
282018607,4098085650,443,59552,TCP,1521118750468782,1492,4,5,0,6863,2,0,59,1025
274892444,3257476564,25565,49558,TCP,1521118750468789,40,4,5,0,8679,2,0,58,40941
2528464906,846938626,53,38776,UDP,1521118750468790,629,4,5,0,13036,0,0,59,61263
3527255851,3618740937,443,49752,TCP,1521118750468790,1472,4,5,0,39094,0,0,58,63133
2292330321,3353305275,443,43228,TCP,1521118750468791,60,4,5,108,0,2,0,86,17346
991538699,2205393117,15000,33651,UDP,1521118750468795,54,4,5,0,29963,0,0,110,51766
3838963432,2270145487,80,15270,TCP,1521118750468797,284,4,5,24,33633,2,0,52,48009
3801788594,4211110795,80,14156,TCP,1521118750468799,1280,4,5,0,27023,2,0,55,54159
3801788594,4211110795,80,14156,TCP,1521118750468804,1280,4,5,0,27024,2,0,55,54158
3266949290,4107108913,56166,81,TCP,1521118750468805,44,4,5,0,19486,0,0,246,36426
1286694610,3455831469,443,27378,TCP,1521118750468808,52,4,5,0,6014,2,0,56,56345
517385478,3453500633,443,47757,TCP,1521118750468816,1480,4,5,0,9792,2,0,59,15714
942637450,1074109367,443,45442,TCP,1521118750468820,1500,4,5,8,36559,2,0,246,23246
942637450,1074109367,443,45442,TCP,1521118750468821,1500,4,5,8,36560,2,0,246,23245
942637450,1074109367,443,45442,TCP,1521118750468823,1500,4,5,8,36561,2,0,246,23244
942637450,1074109367,443,45442,TCP,1521118750468824,1500,4,5,8,36562,2,0,246,23243
1001005187,4218216926,20268,40500,UDP,1521118750468827,48,4,5,0,37842,0,0,50,47986
278248674,3335625881,49529,54836,UDP,1521118750468829,1341,4,5,0,11943,2,0,118,40998
942637450,1074109367,443,45442,TCP,1521118750468832,1500,4,5,8,36563,2,0,246,23242
942637450,1074109367,443,45442,TCP,1521118750468834,1500,4,5,8,36564,2,0,246,23241
942637450,1074109367,443,45442,TCP,1521118750468838,1500,4,5,8,36565,2,0,246,23240
942637450,1074109367,443,45442,TCP,1521118750468841,1500,4,5,8,36566,2,0,246,23239
1190350564,3349715889,80,1100,TCP,1521118750468846,114,4,5,0,32485,2,0,53,52591
942637450,1074109367,443,45442,TCP,1521118750468847,1500,4,5,8,36567,2,0,246,23238
942637450,1074109367,443,45442,TCP,1521118750468848,1500,4,5,8,36568,2,0,246,23237
942637450,1074109367,443,45442,TCP,1521118750468851,1500,4,5,8,36569,2,0,246,23236
2048669097,2270145408,443,45139,TCP,1521118750468853,97,4,5,0,54871,2,0,247,51881
942637450,1074109367,443,45442,TCP,1521118750468853,561,4,5,8,36570,2,0,246,24174
2268850473,3614060258,443,38492,TCP,1521118750468860,83,4,5,0,22244,2,0,59,29199
795834916,3978971493,443,47730,TCP,1521118750468861,1500,4,5,0,32809,2,0,240,9423
795834916,3978971493,443,47730,TCP,1521118750468862,1004,4,5,0,32810,2,0,240,9918
2359938962,1962334037,443,60637,TCP,1521118750468863,52,4,5,0,40542,2,0,58,63965
739987840,3978971493,443,28430,TCP,1521118750468864,1500,4,5,0,41977,2,0,241,11255
795107592,3978971490,443,12354,TCP,1521118750468868,52,4,5,0,17587,2,0,240,32535
739987840,3978971493,443,28430,TCP,1521118750468869,1500,4,5,0,41978,2,0,241,11254
739987840,3978971493,443,28430,TCP,1521118750468874,1500,4,5,0,41979,2,0,241,11253
3585067450,3452140172,443,14645,TCP,1521118750468875,52,4,5,0,22301,2,0,54,1517
739987840,3978971493,443,28430,TCP,1521118750468881,1500,4,5,0,41980,2,0,241,11252
790729470,3978971491,443,28398,TCP,1521118750468882,871,4,5,0,41267,2,0,240,60847
1226537264,4109948245,443,50615,TCP,1521118750468883,40,4,5,0,56768,2,0,240,8309
353416737,2343839235,443,53102,TCP,1521118750468884,52,4,5,0,51145,2,0,57,64785
1053063130,1074109393,443,46085,TCP,1521118750468884,52,4,5,0,53942,2,0,50,58264
991538699,2205393117,15000,33651,UDP,1521118750468886,65,4,5,0,29964,0,0,110,51754
3729871276,3623829165,33204,22,TCP,1521118750468887,40,4,5,0,54321,0,0,242,44531
3294383230,1962334026,443,41130,TCP,1521118750468901,642,4,5,0,17258,2,0,58,40432
3527255965,4030665149,443,6270,TCP,1521118750468915,1440,4,5,0,38609,0,0,58,26799
2325574552,3390881467,57820,33202,TCP,1521118750468922,108,4,5,0,5758,2,0,119,26112
1876989196,3399953926,443,37500,TCP,1521118750468924,1452,4,5,0,51844,2,0,57,29741
1876989196,3399953926,443,37500,TCP,1521118750468930,1452,4,5,0,51845,2,0,57,29740
3417098521,3441431373,30863,23,TCP,1521118750468934,40,4,5,0,48985,0,0,53,20803
278104302,3453500616,80,51019,TCP,1521118750468944,1480,4,5,0,25297,2,0,60,12861
2492042127,1962334026,9482,56291,TCP,1521118750468946,52,4,5,0,36398,2,0,51,19772
278104302,3453500616,80,51019,TCP,1521118750468946,1480,4,5,0,25298,2,0,60,12860
2467568222,3472950118,17703,40956,UDP,1521118750468948,48,4,5,0,23770,0,0,113,27913
1828396310,3607368658,3389,56707,TCP,1521118750468950,1267,4,5,2,8762,2,0,121,26081
2474037881,3618737040,25,33817,TCP,1521118750468951,40,4,5,0,64221,2,0,56,32448
1826975775,3230106520,62028,50484,UDP,1521118750468951,1308,4,5,8,20426,0,0,117,53210
938035624,3978971494,80,40504,TCP,1521118750468952,1500,4,5,0,57998,2,0,59,40811
938035624,3978971494,80,40504,TCP,1521118750468953,1500,4,5,0,57999,2,0,59,40810
428089272,3335630298,51585,1024,UDP,1521118750468954,48,4,5,0,9546,0,0,110,31115
938035624,3978971494,80,40504,TCP,1521118750468955,1500,4,5,0,58000,2,0,59,40809
2211447541,3452550019,61456,1024,UDP,1521118750468956,85,4,5,0,26878,2,0,115,36487
353416737,2343839235,443,53102,TCP,1521118750468959,52,4,5,0,51146,2,0,57,64784
2576930824,3446786971,443,53102,TCP,1521118750468964,160,4,5,24,14142,0,0,51,17704
2467568222,3472950118,17703,40956,UDP,1521118750468966,1466,4,5,0,23771,2,0,113,10110
2576930824,3446786971,17703,40956,UDP,1521118750468981,160,4,5,24,12813,0,0,51,19033
3527255913,3618740937,443,26744,UDP,1521118750468991,1378,4,5,0,0,2,0,58,20329
2075950845,3347704991,443,51912,TCP,1521118750468992,576,4,5,0,12031,2,0,58,24790
2075950845,3347704991,443,51912,TCP,1521118750468993,462,4,5,0,12032,2,0,58,24903
3527255913,3618740937,443,26744,UDP,1521118750468994,1378,4,5,0,0,2,0,58,20329
739987840,3978971493,443,28430,TCP,1521118750469000,1500,4,5,0,41981,2,0,241,11251
739987840,3978971493,443,28430,TCP,1521118750469002,1500,4,5,0,41982,2,0,241,11250
3448732708,281470633,51266,443,TCP,1521118750469007,52,4,5,0,15494,2,0,55,50714
1264308953,3978971495,443,30824,TCP,1521118750469011,52,4,5,0,7953,2,0,58,52460
843831584,4244124402,80,54313,TCP,1521118750469015,60,4,5,0,0,2,0,59,1126
3801788594,4211110795,80,14156,TCP,1521118750469016,1280,4,5,0,27025,2,0,55,54157
3801788594,4211110795,80,14156,TCP,1521118750469019,1280,4,5,0,27026,2,0,55,54156
1868540862,3473429051,43578,1033,UDP,1521118750469023,1454,4,5,0,11181,0,0,116,55600
2245311952,2325249341,32063,20480,UDP,1521118750469029,48,4,5,0,29028,0,0,120,34270
254518133,2205393190,80,50543,TCP,1521118750469041,40,4,5,0,4282,2,0,49,25052
792616631,3617761277,443,42087,TCP,1521118750469043,1480,4,5,0,51877,2,0,246,42740
1691408849,3890314077,53,14664,UDP,1521118750469045,117,4,5,0,18342,0,0,58,38641
3741785781,3978971492,443,4200,TCP,1521118750469047,52,4,5,0,62374,2,0,248,23249
3223949995,2332752498,50527,443,TCP,1521118750469048,40,4,5,0,8568,2,0,115,3590
2390870740,3571692396,443,4337,TCP,1521118750469050,1492,4,5,0,1902,2,0,57,21264
3448732708,281470633,51266,443,TCP,1521118750469051,52,4,5,0,15495,2,0,55,50713
2390870740,3571692396,443,4337,TCP,1521118750469052,1492,4,5,0,1903,2,0,57,21263
1190350650,3390572433,80,17197,TCP,1521118750469054,52,4,5,0,56053,2,0,53,760
2390870740,3571692396,443,4337,TCP,1521118750469054,1492,4,5,0,1904,2,0,57,21262
1303101840,842651050,27042,17088,UDP,1521118750469056,1453,4,5,0,14437,0,0,119,61115
2489860999,3569674740,80,51277,TCP,1521118750469057,1400,4,5,0,0,2,0,56,42711
1052918873,3353374265,443,64804,TCP,1521118750469059,40,4,5,0,45506,2,0,241,7896
3885270207,3571853904,80,2185,TCP,1521118750469066,40,4,5,0,57400,2,0,54,63756
1286694882,3571692346,443,45097,TCP,1521118750469066,86,4,5,0,50164,2,0,56,16892
1699834467,3608343554,443,45017,TCP,1521118750469082,1400,4,5,0,15757,2,0,57,25641
504319533,2324810533,443,45017,TCP,1521118750469083,60,4,5,0,60979,2,0,51,38810
278248674,3335625881,49529,54836,UDP,1521118750469087,284,4,5,0,11944,2,0,118,42054
283699743,1962334021,80,45434,TCP,1521118750469088,52,4,5,0,22588,2,0,55,42052
1663270094,4096165165,6905,52485,TCP,1521118750469088,40,4,5,0,31872,2,0,57,27658
1555412495,3443987715,8999,44896,UDP,1521118750469096,65,4,5,0,15357,0,0,114,6048
1962329749,1074109250,56356,1485,UDP,1521118750469098,1403,4,5,24,53471,2,0,54,22439
283364704,2338943062,443,39415,TCP,1521118750469102,1492,4,5,0,34850,2,0,54,56574
739987840,3978971493,443,28430,TCP,1521118750469104,1500,4,5,0,41983,2,0,241,11249
1904455571,3390995907,57716,50242,UDP,1521118750469105,84,4,5,0,13878,2,0,118,25962
739987840,3978971493,443,28430,TCP,1521118750469105,1351,4,5,0,41984,2,0,241,11397
3527241872,3618741206,443,60529,UDP,1521118750469107,1378,4,5,0,0,2,0,59,33845
1235721153,4225200978,443,43521,TCP,1521118750469114,1500,4,5,0,34182,2,0,58,24835
1235721153,4225200978,443,43521,TCP,1521118750469115,1500,4,5,0,34183,2,0,58,24834
1235721153,4225200978,443,43521,TCP,1521118750469117,1500,4,5,0,34184,2,0,58,24833
3310023487,2556612873,465,44374,TCP,1521118750469118,114,4,5,0,55139,2,0,56,18732
800869628,3569497240,80,49504,TCP,1521118750469118,52,4,5,8,51745,2,0,237,15751
1235721153,4225200978,443,43521,TCP,1521118750469118,1500,4,5,0,34185,2,0,58,24832
1235721153,4225200978,443,43521,TCP,1521118750469119,1500,4,5,0,34186,2,0,58,24831
3992030477,2324810533,443,43521,TCP,1521118750469121,60,4,5,0,60806,2,0,52,34948
2211448054,3451149121,61456,58424,UDP,1521118750469121,84,4,5,0,6342,2,0,118,14871
1235721153,4225200978,443,43521,TCP,1521118750469121,1500,4,5,0,34187,2,0,58,24830
1235721153,4225200978,443,43521,TCP,1521118750469122,1500,4,5,0,34188,2,0,58,24829
2269646128,3353372645,52087,62813,UDP,1521118750469123,76,4,5,0,59154,2,0,58,38224
1235721153,4225200978,443,43521,TCP,1521118750469125,1500,4,5,0,34189,2,0,58,24828
1235721153,4225200978,443,43521,TCP,1521118750469126,1500,4,5,0,34190,2,0,58,24827
1235721153,4225200978,443,43521,TCP,1521118750469127,1500,4,5,0,34191,2,0,58,24826
1235721153,4225200978,443,43521,TCP,1521118750469129,1500,4,5,0,34192,2,0,58,24825
1235721153,4225200978,443,43521,TCP,1521118750469130,1500,4,5,0,34193,2,0,58,24824
1280619379,3390613252,8064,63355,TCP,1521118750469131,1140,4,5,0,44740,2,0,58,7387
1694731368,3455831539,55715,1337,TCP,1521118750469132,52,4,5,0,11589,2,0,116,19492
1235721153,4225200978,443,43521,TCP,1521118750469132,1500,4,5,0,34194,2,0,58,24823
1235721153,4225200978,443,43521,TCP,1521118750469134,1500,4,5,0,34195,2,0,58,24822
1235721153,4225200978,443,43521,TCP,1521118750469135,1500,4,5,0,34196,2,0,58,24821
1235721153,4225200978,443,43521,TCP,1521118750469136,1500,4,5,0,34197,2,0,58,24820
1235721153,4225200978,443,43521,TCP,1521118750469138,1500,4,5,0,34198,2,0,58,24819
1235721153,4225200978,443,43521,TCP,1521118750469139,1500,4,5,0,34199,2,0,58,24818
1235721153,4225200978,443,43521,TCP,1521118750469140,1500,4,5,0,34200,2,0,58,24817
1235721153,4225200978,443,43521,TCP,1521118750469142,1500,4,5,0,34201,2,0,58,24816
790804511,3978971486,443,63726,TCP,1521118750469143,52,4,5,0,45675,2,0,241,47501
1445335883,2336051418,21320,38802,UDP,1521118750469143,48,4,5,0,10015,0,0,117,55573
1962329749,1074109250,56356,1485,UDP,1521118750469144,1316,4,5,24,53472,2,0,54,22525
1264308990,3978971491,3570,80,TCP,1521118750469148,52,4,5,0,30416,2,0,58,29964
738939933,3453283373,443,40622,TCP,1521118750469149,52,4,5,0,25253,2,0,237,61683
3672201745,1962334044,443,43827,TCP,1521118750469153,234,4,5,0,30983,2,0,61,17089
3585853427,3223179645,5222,37076,TCP,1521118750469153,683,4,5,0,21152,2,0,54,49250
796655546,3607982301,9339,25711,TCP,1521118750469157,1480,4,5,0,21389,2,0,46,31874
796655546,3607982301,9339,25711,TCP,1521118750469158,1480,4,5,0,21390,2,0,46,31873
835551986,3353313152,61898,53207,TCP,1521118750469161,40,4,5,0,8862,2,0,120,58386
1280619379,3390613252,8064,63355,TCP,1521118750469163,1140,4,5,0,44741,2,0,58,7386
271271080,1962334184,46996,1485,UDP,1521118750469168,315,4,5,24,25748,2,0,58,14676
790419937,3484897997,443,43327,TCP,1521118750469179,103,4,5,0,46539,2,0,239,43586
3585067749,3442985794,80,59800,TCP,1521118750469179,102,4,5,0,46829,2,0,54,21653
1303101840,842651050,27042,17088,UDP,1521118750469183,1453,4,5,0,14438,0,0,119,61114
796655546,3607982301,9339,25711,TCP,1521118750469185,1480,4,5,0,21391,2,0,46,31872
1962329749,1074109250,56356,1485,UDP,1521118750469186,1320,4,5,24,53473,2,0,54,22520
1898886974,3353372333,53368,36725,UDP,1521118750469198,48,4,5,0,2607,0,0,116,58771
1561772885,3567997594,51413,51524,TCP,1521118750469200,1240,4,5,0,56223,2,0,50,8399
1615216412,3390993593,63869,64241,UDP,1521118750469203,1308,4,5,0,3970,0,0,118,21013
3527241946,3618741021,443,41423,UDP,1521118750469210,1378,4,5,0,0,2,0,58,34212
3527246821,3618740955,443,26916,UDP,1521118750469212,1378,4,5,0,0,2,0,58,29403
3527246821,3618740955,443,26916,UDP,1521118750469214,1378,4,5,0,0,2,0,58,29403
3527246821,3618740955,443,26916,UDP,1521118750469218,1378,4,5,0,0,2,0,58,29403
218441737,3390572096,443,41350,TCP,1521118750469220,253,4,5,0,3016,2,0,237,31692
1056468044,846841054,443,26949,TCP,1521118750469226,1480,4,5,0,26051,2,0,240,31952
1056468044,846841054,443,26949,TCP,1521118750469230,1480,4,5,0,26052,2,0,240,31951
741590533,3349748020,443,27827,TCP,1521118750469231,52,4,5,0,33166,2,0,237,14623
1962329749,1074109250,56356,1485,UDP,1521118750469233,1403,4,5,24,53474,2,0,54,22436
1906643781,3261362960,46791,44644,UDP,1521118750469234,1466,4,5,0,32564,0,0,114,2464
284309619,4225791958,53,52230,UDP,1521118750469238,116,4,5,0,49889,0,0,60,65147
1056468044,846841054,443,26949,TCP,1521118750469239,342,4,5,0,26053,2,0,240,33088
1149113439,3452696888,54953,56821,TCP,1521118750469240,1440,4,5,0,2765,2,0,120,53929
738265377,3978971497,443,64134,TCP,1521118750469244,320,4,5,0,57008,2,0,240,16209
1280619379,3390613252,8064,63355,TCP,1521118750469254,1140,4,5,0,44742,2,0,58,7385
2143739891,3222708463,80,26702,TCP,1521118750469255,1480,4,5,48,19552,2,0,53,13024
2134527141,1074109404,50077,11640,UDP,1521118750469273,88,4,5,0,60428,2,0,53,45511
4006383990,3451487821,110,37116,TCP,1521118750469275,1492,4,5,0,61876,2,0,55,30757
739847478,3978971490,443,2468,TCP,1521118750469279,52,4,5,0,31803,2,0,241,32172
1264309528,3978971485,443,23390,TCP,1521118750469283,1500,4,5,32,65014,2,0,61,58121
2503406244,1074109417,443,36110,TCP,1521118750469284,83,4,5,0,61203,2,0,57,61127
1264309528,3978971485,443,23390,TCP,1521118750469286,1500,4,5,32,65015,2,0,61,58120
1465466201,3617785383,16762,1214,UDP,1521118750469292,48,4,5,0,26031,0,0,115,28561
3527255969,4030665134,443,51189,TCP,1521118750469294,1400,4,5,0,39836,0,0,58,25623
790729470,3978971491,443,28398,TCP,1521118750469296,1500,4,5,0,41268,2,0,240,60217
790729470,3978971491,443,28398,TCP,1521118750469297,1500,4,5,0,41269,2,0,240,60216
790729470,3978971491,443,28398,TCP,1521118750469304,397,4,5,0,41270,2,0,240,61318
1293628863,3257624208,58291,16142,UDP,1521118750469308,48,4,5,0,20823,0,0,110,20432
1743549394,3451144066,443,51992,TCP,1521118750469314,1480,4,5,0,10323,2,0,57,8936
2503406244,1074109417,443,36110,TCP,1521118750469316,52,4,5,0,61204,2,0,57,61157
2245325238,3349748316,56274,21126,TCP,1521118750469324,40,4,5,0,1068,2,0,120,42259
2075950032,4095674900,443,8129,TCP,1521118750469326,60,4,5,0,0,2,0,58,19196
1262483488,3391043286,9998,52694,TCP,1521118750469332,52,4,5,0,14510,0,0,119,50880
2198075069,3347677455,443,51644,TCP,1521118750469337,115,4,5,0,46861,2,0,248,2333
1054474658,3257294266,443,35788,TCP,1521118750469347,80,4,5,0,26571,2,0,45,34176
4178723157,3353179404,59060,19995,TCP,1521118750469356,40,4,5,0,15351,2,0,114,21895
1442251532,4109904406,80,63862,TCP,1521118750469360,1480,4,5,0,0,2,0,56,50462
3672201827,1962334045,80,49894,TCP,1521118750469369,52,4,5,0,25182,2,0,61,22989
624952870,1962334113,80,49894,TCP,1521118750469374,68,4,5,8,34772,0,0,46,36063
353412874,4225762974,443,59860,TCP,1521118750469375,52,4,5,0,55436,2,0,52,44958
517385572,4093843478,80,50531,TCP,1521118750469377,1450,4,5,2,57218,2,0,59,33397
517385572,4093843478,80,50531,TCP,1521118750469379,1450,4,5,2,57219,2,0,59,33396
517385572,4093843478,80,50531,TCP,1521118750469380,1450,4,5,2,57220,2,0,59,33395
517385572,4093843478,80,50531,TCP,1521118750469381,1450,4,5,2,57221,2,0,59,33394
2005801108,3450102589,443,45200,UDP,1521118750469383,1378,4,5,8,0,2,0,58,31359
2190571929,3390981274,38987,23822,UDP,1521118750469384,48,4,5,0,8564,0,0,120,5734
718026920,4225819688,7008,32412,UDP,1521118750469384,51,4,5,9,59447,2,0,55,6140
942637450,1074109367,443,45442,TCP,1521118750469386,1500,4,5,8,36783,2,0,246,23022
942637450,1074109367,443,45442,TCP,1521118750469387,1500,4,5,8,36784,2,0,246,23021
942637450,1074109367,443,45442,TCP,1521118750469389,1500,4,5,8,36785,2,0,246,23020
942637450,1074109367,443,45442,TCP,1521118750469390,1500,4,5,8,36786,2,0,246,23019
942637450,1074109367,443,45442,TCP,1521118750469392,1500,4,5,8,36787,2,0,246,23018
942637450,1074109367,443,45442,TCP,1521118750469393,1500,4,5,8,36788,2,0,246,23017
942637450,1074109367,443,45442,TCP,1521118750469396,1500,4,5,8,36789,2,0,246,23016
3312310486,3978971499,443,62924,TCP,1521118750469398,40,4,5,0,13028,2,0,53,15890
942637450,1074109367,443,45442,TCP,1521118750469399,1500,4,5,8,36790,2,0,246,23015
942637450,1074109367,443,45442,TCP,1521118750469404,1500,4,5,8,36791,2,0,246,23014
360213853,2338149405,443,51909,TCP,1521118750469406,40,4,5,0,59649,2,0,241,15998
942637450,1074109367,443,45442,TCP,1521118750469406,1500,4,5,8,36792,2,0,246,23013
938035624,3978971494,80,40504,TCP,1521118750469407,1500,4,5,0,58001,2,0,59,40808
942637450,1074109367,443,45442,TCP,1521118750469408,1500,4,5,8,36793,2,0,246,23012
942637450,1074109367,443,45442,TCP,1521118750469409,561,4,5,8,36794,2,0,246,23950
938035624,3978971494,80,40504,TCP,1521118750469410,1500,4,5,0,58002,2,0,59,40807
938035624,3978971494,80,40504,TCP,1521118750469411,1500,4,5,0,58003,2,0,59,40806
739603984,3348630743,443,23827,TCP,1521118750469423,52,4,5,0,36423,2,0,237,35047
268651690,3452473946,65299,40643,UDP,1521118750469429,1400,4,5,0,0,2,0,57,32677
740304834,3454970693,80,19566,TCP,1521118750469432,52,4,5,0,31686,2,0,237,17639
268651690,3452473946,65299,40643,UDP,1521118750469435,1400,4,5,0,0,2,0,57,32677
268651690,3452473946,65299,40643,UDP,1521118750469436,1400,4,5,0,0,2,0,57,32677
1054474658,3257294266,443,35788,TCP,1521118750469437,80,4,5,0,26572,2,0,45,34175
517385572,4093843478,80,50531,TCP,1521118750469448,1450,4,5,2,57222,2,0,59,33393
1226557197,3978971496,443,36452,TCP,1521118750469450,1500,4,5,0,43341,2,0,241,37906
517385572,4093843478,80,50531,TCP,1521118750469451,1450,4,5,2,57223,2,0,59,33392
1226557197,3978971496,443,36452,TCP,1521118750469452,1500,4,5,0,43342,2,0,241,37905
49875440,2325249398,445,65122,TCP,1521118750469454,52,4,5,0,13595,2,0,121,47025
3672201824,1962334045,443,60383,TCP,1521118750469454,569,4,5,0,56112,2,0,61,57080
3741785781,3978971496,443,64790,TCP,1521118750469455,465,4,5,0,58750,2,0,248,26456
2463797382,3348657920,50103,37194,TCP,1521118750469455,40,4,5,0,27324,2,0,114,15386
1235330485,846973179,62218,51204,UDP,1521118750469456,1259,4,5,0,21763,2,0,120,48689
1235330485,846973179,62218,51204,UDP,1521118750469466,1373,4,5,0,21764,2,0,120,48574
3307968851,3978971492,80,19364,TCP,1521118750469467,52,4,5,0,1505,2,0,60,41941
2340498649,1962334015,24939,80,TCP,1521118750469472,40,4,5,0,11138,2,0,114,55485
2075941676,3571979897,443,18769,TCP,1521118750469474,40,4,5,0,29040,2,0,59,3094
2353775061,4041192509,443,42908,TCP,1521118750469487,52,4,5,0,963,2,0,58,18883
1067741642,3452386553,443,57298,TCP,1521118750469491,80,4,5,0,22637,2,0,237,30987
3877058099,4030665138,443,57298,TCP,1521118750469493,168,4,5,32,28346,2,0,248,62476
2450592571,3890314064,53,25436,UDP,1521118750469494,106,4,5,0,24271,0,0,55,7222
790729470,3978971491,443,28398,TCP,1521118750469495,954,4,5,0,41271,2,0,240,60760
3741785781,3978971491,443,55532,TCP,1521118750469514,52,4,5,0,10636,2,0,248,9453
138800214,3452696865,80,45394,TCP,1521118750469514,265,4,5,0,11403,2,0,53,23771
3310683221,2317271739,53,34056,UDP,1521118750469518,1473,4,5,0,62396,0,0,59,28651
1844891053,3253812796,52567,23,TCP,1521118750469519,64,4,5,0,17931,2,0,55,49627
1303952863,3641371901,443,53662,TCP,1521118750469532,52,4,5,0,44053,2,0,60,49422
1053672582,3978971490,443,15768,TCP,1521118750469536,1500,4,5,0,21433,2,0,241,63105
269242583,3978971491,443,5152,TCP,1521118750469539,1480,4,5,0,7696,2,0,58,34223
269242583,3978971491,443,5152,TCP,1521118750469540,1412,4,5,0,7697,2,0,58,34290
1053672582,3978971490,443,15768,TCP,1521118750469546,641,4,5,0,21434,2,0,241,63963
3542516036,3618740955,443,57287,UDP,1521118750469548,1378,4,5,0,0,2,0,58,29843
269242583,3978971491,443,5152,TCP,1521118750469550,1480,4,5,0,7698,2,0,58,34221
269242583,3978971491,443,5152,TCP,1521118750469551,836,4,5,0,7699,2,0,58,34864
1056685515,3618636787,443,27308,TCP,1521118750469556,596,4,5,0,8752,2,0,234,37897
2339094053,3473705568,443,57245,TCP,1521118750469560,1440,4,5,0,56489,2,0,56,48560
1226557197,3978971496,443,36452,TCP,1521118750469568,1500,4,5,0,43343,2,0,241,37904
3885269870,3352311649,443,55106,TCP,1521118750469570,40,4,5,0,51719,2,0,54,4244
1054369973,846840993,443,26855,TCP,1521118750469571,52,4,5,0,37441,2,0,46,7131
816175274,842649887,80,54372,TCP,1521118750469574,52,4,5,0,60401,2,0,54,19498
1226557197,3978971496,443,36452,TCP,1521118750469580,1500,4,5,0,43344,2,0,241,37903
2167377713,3569506847,443,26353,TCP,1521118750469586,60,4,5,0,0,2,0,52,1914
552558890,3618743570,1043,50625,UDP,1521118750469587,1308,4,5,0,23160,0,0,119,58747
3877058099,4030665138,1043,50625,UDP,1521118750469588,168,4,5,32,28347,2,0,248,62475
269183204,3350329545,65422,48602,UDP,1521118750469591,1400,4,5,8,0,2,0,54,1539
1830086855,2324812050,50794,18606,UDP,1521118750469592,165,4,5,0,18399,0,0,113,20457
269183204,3350329545,65422,48602,UDP,1521118750469598,1400,4,5,8,0,2,0,54,1539
1410417952,3399954127,11822,6881,UDP,1521118750469599,48,4,5,0,11142,0,0,116,34959
269183204,3350329545,65422,48602,UDP,1521118750469601,1400,4,5,8,0,2,0,54,1539
269183204,3350329545,65422,48602,UDP,1521118750469607,1400,4,5,8,0,2,0,54,1539
504319647,2324810533,65422,48602,UDP,1521118750469608,60,4,5,0,45164,2,0,52,54255
2263454583,2324813241,61233,2871,UDP,1521118750469611,212,4,5,0,13554,2,0,120,21115
800783747,3347702009,443,46485,TCP,1521118750469613,64,4,5,0,14451,2,0,237,32643
799626776,2270145351,443,42471,TCP,1521118750469620,52,4,5,0,12460,2,0,240,41407
269183204,3350329545,65422,48602,UDP,1521118750469621,1400,4,5,8,0,2,0,54,1539
504317775,3472993356,443,59492,TCP,1521118750469623,1450,4,5,0,45342,2,0,91,34947
269183204,3350329545,65422,48602,UDP,1521118750469625,1400,4,5,8,0,2,0,54,1539
1303952863,3641371901,443,53662,TCP,1521118750469627,1354,4,5,0,44054,2,0,60,48119
269183204,3350329545,65422,48602,UDP,1521118750469629,1400,4,5,8,0,2,0,54,1539
269183204,3350329545,65422,48602,UDP,1521118750469631,1400,4,5,8,0,2,0,54,1539
269183204,3350329545,65422,48602,UDP,1521118750469640,1400,4,5,8,0,2,0,54,1539
269183204,3350329545,65422,48602,UDP,1521118750469642,1400,4,5,8,0,2,0,54,1539
2559864007,855531474,49991,63463,UDP,1521118750469643,399,4,5,0,26283,2,0,122,135
1352600947,3607972016,29801,60562,TCP,1521118750469652,52,4,5,0,25857,2,0,112,10227
3741785781,3978971490,443,10214,TCP,1521118750469671,52,4,5,0,1675,2,0,248,18415
1848632434,3445759478,35983,26736,UDP,1521118750469674,1453,4,5,0,24912,0,0,117,41205
3585508153,3455830228,10003,46210,UDP,1521118750469675,72,4,5,0,30123,2,0,51,57913
151947638,3450101976,53,38629,UDP,1521118750469678,107,4,5,0,16738,2,0,60,15391
2275972968,1074109321,9482,63053,TCP,1521118750469685,52,4,5,0,52920,2,0,58,30572
1771462590,3441432670,33943,14443,UDP,1521118750469687,1455,4,5,0,22880,0,0,115,14859
1053952491,3451632266,443,17071,TCP,1521118750469688,40,4,5,0,60240,2,0,238,53371
891466351,3233216747,32494,51857,UDP,1521118750469690,1454,4,5,0,577,0,0,51,57034
1303952863,3641371901,443,53662,TCP,1521118750469692,1354,4,5,0,44055,2,0,60,48118
2353775061,4041192509,443,42908,TCP,1521118750469695,1438,4,5,0,964,2,0,58,17496
2353775061,4041192509,443,42908,TCP,1521118750469696,1400,4,5,0,965,2,0,58,17533
132663703,1962400234,443,42908,TCP,1521118750469698,998,4,5,0,38706,0,0,57,18052
1248425206,3455650445,49160,20035,UDP,1521118750469699,1013,4,5,0,13913,0,0,115,30137
569714675,1962334033,80,38282,TCP,1521118750469700,857,4,5,0,52751,2,0,57,55903
2056003583,3472991432,39286,22,TCP,1521118750469702,1500,4,5,0,37290,2,0,80,34076
2056003583,3472991432,39286,22,TCP,1521118750469704,1500,4,5,0,37291,2,0,80,34075
504322805,2324810533,39286,22,TCP,1521118750469705,60,4,5,0,19260,2,0,56,10442
1226557197,3978971496,443,36452,TCP,1521118750469707,1500,4,5,0,43345,2,0,241,37902
2056003583,3472991432,39286,22,TCP,1521118750469709,1500,4,5,0,37292,2,0,80,34074
2056003583,3472991432,39286,22,TCP,1521118750469710,1500,4,5,0,37293,2,0,80,34073
1226557197,3978971496,443,36452,TCP,1521118750469712,1500,4,5,0,43346,2,0,241,37901
1699834378,3569745890,443,52637,TCP,1521118750469713,1400,4,5,0,8005,2,0,57,31031
2056003583,3472991432,39286,22,TCP,1521118750469714,1500,4,5,0,37294,2,0,80,34072
790729470,3978971491,443,28398,TCP,1521118750469715,1405,4,5,0,41272,2,0,240,60308
2056003583,3472991432,39286,22,TCP,1521118750469717,1500,4,5,0,37295,2,0,80,34071
791460543,1962334034,443,59777,TCP,1521118750469718,363,4,5,0,7869,2,0,237,14235
2056003583,3472991432,39286,22,TCP,1521118750469718,1500,4,5,0,37296,2,0,80,34070
2056003583,3472991432,39286,22,TCP,1521118750469719,244,4,5,0,37297,2,0,80,35325
1507927199,3472950125,45039,51517,TCP,1521118750469720,76,4,5,0,30381,2,0,46,34064
3672202051,3890314077,53,32235,UDP,1521118750469721,106,4,5,0,47254,0,0,61,11145
1053659411,1962334022,443,50901,TCP,1521118750469729,52,4,5,0,31535,2,0,240,62326
1962329749,1074109250,56356,1485,UDP,1521118750469729,1330,4,5,24,53475,2,0,54,22508
360218037,3453268034,443,57281,TCP,1521118750469735,40,4,5,0,55552,2,0,241,40842
828459153,3449051037,56696,82,TCP,1521118750469737,40,4,5,0,10121,0,0,246,65058
1868312282,4217659511,50824,10468,UDP,1521118750469738,576,4,5,0,55235,0,0,52,45783
2236282584,1235594664,50255,445,TCP,1521118750469740,218,4,5,0,17016,2,0,115,20789
791460543,1962334034,443,59777,TCP,1521118750469749,86,4,5,0,7870,2,0,237,14511
739847478,3978971491,443,33606,TCP,1521118750469757,52,4,5,0,17737,2,0,241,46237
2258940779,3978971490,2515,4258,TCP,1521118750469764,52,4,5,0,46533,2,0,58,6754
1235721153,4225200978,443,43521,TCP,1521118750469767,1500,4,5,0,34202,2,0,58,24815
1962329749,1074109250,56356,1485,UDP,1521118750469769,1403,4,5,24,53476,2,0,54,22434
1235721153,4225200978,443,43521,TCP,1521118750469771,1500,4,5,0,34203,2,0,58,24814
1235721153,4225200978,443,43521,TCP,1521118750469772,1500,4,5,0,34204,2,0,58,24813
1280619379,4041960589,8064,26481,TCP,1521118750469776,1452,4,5,0,58388,2,0,58,63990
1235721153,4225200978,443,43521,TCP,1521118750469778,1500,4,5,0,34205,2,0,58,24812
1235721153,4225200978,443,43521,TCP,1521118750469781,1500,4,5,0,34206,2,0,58,24811
1190350497,3453335979,443,59103,TCP,1521118750469782,263,4,5,0,29781,2,0,53,45958
3319708710,3680272005,40802,3389,TCP,1521118750469783,52,4,5,0,4603,2,0,121,5090
1235721153,4225200978,443,43521,TCP,1521118750469784,1500,4,5,0,34207,2,0,58,24810
1235721153,4225200978,443,43521,TCP,1521118750469785,1500,4,5,0,34208,2,0,58,24809
1235721153,4225200978,443,43521,TCP,1521118750469787,1500,4,5,0,34209,2,0,58,24808
3585853414,3448447998,5222,3534,TCP,1521118750469788,52,4,5,0,39724,2,0,54,6764
1235721153,4225200978,443,43521,TCP,1521118750469788,1500,4,5,0,34210,2,0,58,24807
1235721153,4225200978,443,43521,TCP,1521118750469789,1500,4,5,0,34211,2,0,58,24806
1235721153,4225200978,443,43521,TCP,1521118750469791,1500,4,5,0,34212,2,0,58,24805
1235721153,4225200978,443,43521,TCP,1521118750469792,1500,4,5,0,34213,2,0,58,24804
1235721153,4225200978,443,43521,TCP,1521118750469793,1500,4,5,0,34214,2,0,58,24803
1235721153,4225200978,443,43521,TCP,1521118750469796,1500,4,5,0,34215,2,0,58,24802
1235721153,4225200978,443,43521,TCP,1521118750469797,1500,4,5,0,34216,2,0,58,24801
1235721153,4225200978,443,43521,TCP,1521118750469798,1500,4,5,0,34217,2,0,58,24800
2275972968,1074109321,9482,63053,TCP,1521118750469799,52,4,5,0,52921,2,0,58,30571
1235721153,4225200978,443,43521,TCP,1521118750469800,1500,4,5,0,34218,2,0,58,24799
1235721153,4225200978,443,43521,TCP,1521118750469801,1500,4,5,0,34219,2,0,58,24798
1235721153,4225200978,443,43521,TCP,1521118750469802,1500,4,5,0,34220,2,0,58,24797
799733948,3978971484,443,57260,TCP,1521118750469803,52,4,5,0,62366,2,0,240,14391
1235721153,4225200978,443,43521,TCP,1521118750469803,1500,4,5,0,34221,2,0,58,24796
1962329749,1074109250,56356,1485,UDP,1521118750469812,1330,4,5,24,53477,2,0,54,22506
742361318,3442967282,443,28225,TCP,1521118750469813,1492,4,5,0,47508,2,0,238,51263
1280619379,4041960589,8064,26481,TCP,1521118750469819,1121,4,5,0,58389,2,0,58,64320
742361318,3442967282,443,28225,TCP,1521118750469820,1492,4,5,0,47509,2,0,238,51262
1056488277,1962334047,443,38750,TCP,1521118750469822,760,4,5,0,19929,2,0,240,62338
1226557197,3978971496,443,36452,TCP,1521118750469830,373,4,5,0,43347,2,0,241,39027
2198041731,3223149794,443,2148,TCP,1521118750469838,1436,4,5,0,61756,2,0,56,14233
2005835792,3618740934,443,26897,UDP,1521118750469839,1378,4,5,0,0,2,0,59,45172
751580906,3451331297,443,1941,TCP,1521118750469842,80,4,5,0,1660,2,0,240,12253
219819337,3447596482,24050,17529,UDP,1521118750469844,140,4,5,0,26465,2,0,50,45916
3494067038,3233157848,80,35246,TCP,1521118750469847,1500,4,5,0,46646,2,0,55,43189
3766890141,3450240834,443,56385,TCP,1521118750469848,1454,4,5,0,62734,2,0,59,59694
3766890141,3450240834,443,56385,TCP,1521118750469849,1454,4,5,0,62735,2,0,59,59693
3494067038,3233157848,80,35246,TCP,1521118750469851,1500,4,5,0,46647,2,0,55,43188
2281166803,842650237,46401,623,TCP,1521118750469856,40,4,5,0,55429,0,0,247,34504
2581081802,3455831494,11111,57237,UDP,1521118750469860,1455,4,5,0,27426,0,0,118,28599
739604588,3348704111,443,57613,TCP,1521118750469865,80,4,5,0,19354,2,0,237,43651
274892327,3569582285,25565,2858,TCP,1521118750469869,105,4,5,0,50779,2,0,58,36377
1056488277,1962334047,443,38750,TCP,1521118750469874,1500,4,5,0,19930,2,0,240,61597
133032597,4094965797,39116,1485,UDP,1521118750469875,388,4,5,24,16116,2,0,56,58272
3741785781,3978971485,443,38424,TCP,1521118750469885,52,4,5,0,10567,2,0,248,9528
1739435852,3334585552,80,43218,TCP,1521118750469887,1480,4,5,0,20578,2,0,57,20802
2145062129,3473705663,12818,26715,UDP,1521118750469890,188,4,5,32,27216,0,0,56,12585
942637450,1074109367,443,45442,TCP,1521118750469894,1500,4,5,8,37026,2,0,246,22779
942637450,1074109367,443,45442,TCP,1521118750469896,1500,4,5,8,37027,2,0,246,22778
3523515604,3617733492,49419,443,TCP,1521118750469897,52,4,5,0,31304,2,0,122,3212
739718493,4095595609,443,26370,TCP,1521118750469898,52,4,5,0,37181,2,0,47,37019
1808209957,3617749374,10000,10000,UDP,1521118750469899,78,4,5,0,25406,0,0,55,19284
942637450,1074109367,443,45442,TCP,1521118750469901,1500,4,5,8,37028,2,0,246,22777
942637450,1074109367,443,45442,TCP,1521118750469902,1500,4,5,8,37029,2,0,246,22776
942637450,1074109367,443,45442,TCP,1521118750469903,1500,4,5,8,37030,2,0,246,22775
2258940746,3978971494,2515,23852,TCP,1521118750469905,52,4,5,0,47338,2,0,58,5978
742361318,3442967282,443,28225,TCP,1521118750469907,1492,4,5,0,47510,2,0,238,51261
3978970918,3978971493,443,34406,TCP,1521118750469908,52,4,5,0,14374,2,0,60,39869
942637450,1074109367,443,45442,TCP,1521118750469910,1500,4,5,8,37031,2,0,246,22774
942637450,1074109367,443,45442,TCP,1521118750469912,1500,4,5,8,37032,2,0,246,22773
942637450,1074109367,443,45442,TCP,1521118750469913,1500,4,5,8,37033,2,0,246,22772
1250980814,3334526798,13968,23093,UDP,1521118750469914,48,4,5,20,30845,0,0,118,28606
942637450,1074109367,443,45442,TCP,1521118750469917,1500,4,5,8,37034,2,0,246,22771
942637450,1074109367,443,45442,TCP,1521118750469918,1500,4,5,8,37035,2,0,246,22770
1280621862,4107095776,27015,27005,UDP,1521118750469920,222,4,5,0,15476,2,0,58,46706
741895691,2340446734,443,51705,TCP,1521118750469921,83,4,5,0,60171,2,0,238,6599
3756983470,3335624920,443,51663,TCP,1521118750469925,1480,4,5,0,29022,2,0,56,34698
3756983470,3335624920,443,51663,TCP,1521118750469926,303,4,5,0,29023,2,0,56,35874
942637450,1074109367,443,45442,TCP,1521118750469926,1500,4,5,8,37036,2,0,246,22769
942637450,1074109367,443,45442,TCP,1521118750469927,561,4,5,8,37037,2,0,246,23707
742361318,3442967282,443,28225,TCP,1521118750469934,1369,4,5,0,47511,2,0,238,51383
718026144,3474331842,6008,64644,UDP,1521118750469939,52,4,5,9,27142,2,0,54,37477
1056488277,1962334047,443,38750,TCP,1521118750469939,1500,4,5,0,19931,2,0,240,61596
232302262,3447595366,5501,9238,UDP,1521118750469948,53,4,5,8,47811,2,0,46,61049
3312122544,3390936525,23952,14936,UDP,1521118750469951,48,4,5,0,33472,0,0,53,58102
274892327,3569582285,25565,2858,TCP,1521118750469954,89,4,5,0,50780,2,0,58,36392
3756989050,3453627381,443,58936,TCP,1521118750469955,40,4,5,0,16476,2,0,51,4923
4022675284,3255953097,80,62154,TCP,1521118750469955,52,4,5,8,20956,2,0,50,14059
2048620175,3472996994,80,50086,TCP,1521118750469957,1452,4,5,0,0,2,0,58,49437
3585093739,3229948802,443,49662,TCP,1521118750469958,133,4,5,0,40905,2,0,54,49798
232302262,3447595366,5501,9238,UDP,1521118750469958,49,4,5,8,47812,2,0,46,61052
2340595168,1962333969,52727,443,TCP,1521118750469959,52,4,5,0,0,2,0,51,51801
2087006429,3348721417,1935,51121,TCP,1521118750469963,1492,4,5,0,706,2,0,54,22653
2487273897,3618743570,27018,27368,UDP,1521118750469967,64,4,5,0,4924,2,0,121,5059
3585067453,3229949033,443,41767,TCP,1521118750469967,245,4,5,0,47979,2,0,54,3132
3527255911,4030665106,443,37352,UDP,1521118750469971,1378,4,5,0,0,2,0,58,49172
2245325238,3349748316,56274,21126,TCP,1521118750469976,108,4,5,0,1069,2,0,120,42190
1999529410,3391071829,9998,49297,TCP,1521118750469977,52,4,5,0,24647,2,0,119,22039
4022675284,3255953097,80,62154,TCP,1521118750469988,40,4,5,8,20957,2,0,50,14070
915545459,4211110795,4020,50805,UDP,1521118750469993,68,4,5,0,23907,2,0,48,10933
2648828962,4095603482,4500,4500,UDP,1521118750469994,160,4,5,0,23796,0,0,112,31772
1056488277,1962334047,443,38750,TCP,1521118750469998,1500,4,5,0,19932,2,0,240,61595
3254647947,1962334175,6412,80,TCP,1521118750470001,40,4,5,0,16043,2,0,108,50373
790729470,3978971491,443,28398,TCP,1521118750470014,677,4,5,0,41273,2,0,240,61035
3672228912,1962334045,443,64517,TCP,1521118750470025,876,4,5,0,28758,2,0,61,57039
685270432,3324026369,3232,30089,UDP,1521118750470027,48,4,5,0,1066,0,0,115,20729
4080452755,3268407727,80,51290,TCP,1521118750470032,98,4,5,0,8714,2,0,42,49730
1235330485,846973179,62218,51204,UDP,1521118750470034,352,4,5,0,21765,2,0,120,49594
1056488277,1962334047,443,38750,TCP,1521118750470036,1500,4,5,0,19933,2,0,240,61594
3672201752,1074109316,80,48770,TCP,1521118750470038,52,4,5,0,5751,2,0,61,5834
2228282798,3451396304,18369,6836,UDP,1521118750470038,48,4,5,0,35832,0,0,53,41149
743723064,2321226550,80,62769,TCP,1521118750470051,1393,4,5,0,25120,2,0,246,64328
538542359,3390957442,41972,55446,UDP,1521118750470053,48,4,5,0,16128,0,0,117,46060
3885270372,3353140473,443,53635,TCP,1521118750470054,40,4,5,0,56302,2,0,54,22290
743800122,3455830637,443,39808,TCP,1521118750470061,52,4,5,0,6280,2,0,245,11075
1754133476,3450222938,62557,59969,UDP,1521118750470082,385,4,5,0,21832,0,0,119,35249
3585067453,3229949033,443,41767,TCP,1521118750470091,357,4,5,0,47991,2,0,54,3008
1056488277,1962334047,443,38750,TCP,1521118750470102,1500,4,5,0,19934,2,0,240,61593
800795895,4109936570,443,50919,TCP,1521118750470105,64,4,5,0,19817,2,0,238,17897
738838174,3559060954,443,37579,TCP,1521118750470108,52,4,5,8,22849,2,0,237,30677
1001053429,3232159289,64308,64865,UDP,1521118750470113,80,4,5,0,3784,0,0,113,35669
739598999,3618636099,443,2469,TCP,1521118750470121,52,4,5,0,49022,2,0,237,26277
3310683221,2317271739,53,34056,UDP,1521118750470123,1473,4,5,0,62397,0,0,59,28650
33719528,2318944489,443,53594,TCP,1521118750470126,109,4,5,0,47631,2,0,247,28527
1056488277,1962334047,443,38750,TCP,1521118750470128,1500,4,5,0,19935,2,0,240,61592
739596440,3455830224,443,60484,TCP,1521118750470129,52,4,5,0,46454,2,0,237,48339
2247766087,1962333995,49363,80,TCP,1521118750470131,64,4,5,8,0,2,0,53,17229
1234923770,3453268147,443,35884,TCP,1521118750470143,1480,4,5,0,37722,2,0,57,28600
269092377,4107547168,80,11010,TCP,1521118750470144,40,4,5,0,26731,2,0,56,40269
1125595487,3391065886,6881,40500,UDP,1521118750470144,48,4,5,0,25429,2,0,55,2740
1054369973,846840993,443,26855,TCP,1521118750470145,52,4,5,0,37442,2,0,46,7130
3316396570,4030689915,52671,64854,TCP,1521118750470147,1480,4,5,8,45908,2,0,56,12114
3316396570,4030689915,52671,64854,TCP,1521118750470149,1480,4,5,8,45909,2,0,56,12113
739987840,3978971497,443,56838,TCP,1521118750470150,52,4,5,0,50094,2,0,241,4582
2005836005,3618740937,443,27197,UDP,1521118750470150,1378,4,5,0,0,2,0,58,45212
1234923770,3453268147,443,35884,TCP,1521118750470152,1480,4,5,0,37723,2,0,57,28599
1962329749,1074109250,56356,1485,UDP,1521118750470157,1402,4,5,24,53478,2,0,54,22433
844053820,3255955453,37819,389,UDP,1521118750470164,79,4,5,8,61831,0,0,247,45171
1056488277,1962334047,443,38750,TCP,1521118750470170,1500,4,5,0,19936,2,0,240,61591
4217867032,1074109418,443,44144,TCP,1521118750470176,293,4,5,0,58587,2,0,59,63367
274892327,3569582285,25565,2858,TCP,1521118750470182,73,4,5,0,50781,2,0,58,36407
3306927649,3242284146,22,48762,TCP,1521118750470187,41,4,5,0,23144,0,0,247,55413
3885270025,3223173357,443,50093,TCP,1521118750470188,1400,4,5,0,17642,2,0,54,5613
1190350650,3453720914,443,38066,TCP,1521118750470190,52,4,5,0,60461,2,0,53,23611
3885270025,3223173357,443,50093,TCP,1521118750470190,1400,4,5,0,17643,2,0,54,5612
1771462590,3441432670,33943,14443,UDP,1521118750470194,1455,4,5,0,22881,0,0,115,14858
938035630,3978971640,2001,2001,UDP,1521118750470195,135,4,5,0,34700,2,0,59,65311
3885270025,3223173357,443,50093,TCP,1521118750470200,1354,4,5,0,17644,2,0,54,5657
3885270082,3338646437,443,63201,TCP,1521118750470201,40,4,5,0,44096,2,0,54,45587
1962329749,1074109250,56356,1485,UDP,1521118750470203,1403,4,5,24,53479,2,0,54,22431
1056488277,1962334047,443,38750,TCP,1521118750470208,1500,4,5,0,19937,2,0,240,61590
3885270025,3223173357,443,50093,TCP,1521118750470209,1400,4,5,0,17645,2,0,54,5610
3885270025,3223173357,443,50093,TCP,1521118750470212,1400,4,5,0,17646,2,0,54,5609
1393566832,3455008402,80,32918,TCP,1521118750470214,40,4,5,0,15479,2,0,42,36951
790729470,3978971491,443,28398,TCP,1521118750470224,947,4,5,0,41274,2,0,240,60764
3885270025,3223173357,443,50093,TCP,1521118750470226,1400,4,5,0,17647,2,0,54,5608
2353100499,1074109393,443,36840,TCP,1521118750470229,52,4,5,0,18498,2,0,58,6551
3885270025,3223173357,443,50093,TCP,1521118750470233,1400,4,5,0,17648,2,0,54,5607
1583688866,3623864322,13512,59422,UDP,1521118750470234,1453,4,5,0,30116,0,0,115,41362
3741785781,3978971491,443,55532,TCP,1521118750470241,464,4,5,0,10667,2,0,248,9010
3885270025,3223173357,443,50093,TCP,1521118750470242,1400,4,5,0,17649,2,0,54,5606
1235992690,3352052244,80,63596,TCP,1521118750470243,52,4,5,0,0,2,0,52,12998
1583688866,3623864322,13512,59422,UDP,1521118750470245,1453,4,5,0,30117,0,0,115,41361
3885270025,3223173357,443,50093,TCP,1521118750470247,1399,4,5,0,17650,2,0,54,5606
738384357,3978971494,443,50122,TCP,1521118750470259,52,4,5,0,33217,2,0,241,52105
3331096248,1962334175,50338,80,TCP,1521118750470265,40,4,5,0,14637,2,0,111,16520
891728267,3233166919,25,44982,TCP,1521118750470274,98,4,5,0,12201,2,0,109,62
1962329749,1074109250,56356,1485,UDP,1521118750470285,1330,4,5,24,53480,2,0,54,22503
1056488277,1962334047,443,38750,TCP,1521118750470293,1500,4,5,0,19938,2,0,240,61589
3585080805,3570064318,443,26282,TCP,1521118750470296,97,4,5,0,12694,2,0,54,36578
1054459417,4217677069,9001,37117,TCP,1521118750470300,52,4,5,0,50591,2,0,237,8895
938035630,3978971640,2001,2001,UDP,1521118750470301,135,4,5,0,34701,2,0,59,65310
3766937918,3349866806,443,2170,TCP,1521118750470303,1400,4,5,32,41640,2,0,61,6929
3766937918,3349866806,443,2170,TCP,1521118750470305,1400,4,5,32,41641,2,0,61,6928
584534909,3352312756,6889,12270,UDP,1521118750470310,321,4,5,0,63966,2,0,51,56052
739816420,3348721200,4172,50002,UDP,1521118750470311,160,4,5,0,25018,2,0,232,6860
3741785781,3978971490,443,10214,TCP,1521118750470314,464,4,5,0,1713,2,0,248,17965
938035624,3978971494,80,40504,TCP,1521118750470317,1500,4,5,0,58004,2,0,59,40805
938035624,3978971494,80,40504,TCP,1521118750470318,1500,4,5,0,58005,2,0,59,40804
2270456669,3978971487,80,30430,TCP,1521118750470321,1500,4,5,0,53767,2,0,248,33240
938035624,3978971494,80,40504,TCP,1521118750470323,1500,4,5,0,58006,2,0,59,40803
2270456669,3978971487,80,30430,TCP,1521118750470324,445,4,5,0,27713,2,0,248,60349
1962329749,1074109250,56356,1485,UDP,1521118750470330,1330,4,5,24,53481,2,0,54,22502
4022675284,3255953097,80,62155,TCP,1521118750470331,52,4,5,8,20782,2,0,50,14233
2285203148,3560982193,80,55460,TCP,1521118750470340,1480,4,5,0,14299,2,0,55,62561
718026217,3453656624,7008,42711,UDP,1521118750470341,51,4,5,9,35494,2,0,54,60746
800795895,4109936570,443,50919,TCP,1521118750470341,52,4,5,0,19818,2,0,238,17908
2285203148,3560982193,80,55460,TCP,1521118750470341,1480,4,5,0,14300,2,0,55,62560
2285203148,3560982193,80,55460,TCP,1521118750470344,1480,4,5,0,14301,2,0,55,62559
2285203148,3560982193,80,55460,TCP,1521118750470345,1480,4,5,0,14302,2,0,55,62558
2285203148,3560982193,80,55460,TCP,1521118750470346,1480,4,5,0,14303,2,0,55,62557
2285203148,3560982193,80,55460,TCP,1521118750470348,1480,4,5,0,14304,2,0,55,62556
3742023935,3390980410,80,61499,TCP,1521118750470349,1500,4,5,0,4622,2,0,121,16043
3742023935,3390980410,80,61499,TCP,1521118750470351,1500,4,5,0,4623,2,0,121,16042
3602177,0,80,61499,TCP,1521118750470352,0,6,0,0,86,0,4405,217,57858
2285203148,3560982193,80,55460,TCP,1521118750470352,1480,4,5,0,14305,2,0,55,62555
2285203148,3560982193,80,55460,TCP,1521118750470353,1480,4,5,0,14306,2,0,55,62554
2285203148,3560982193,80,55460,TCP,1521118750470355,1480,4,5,0,14307,2,0,55,62553
269242584,3978971498,443,60418,TCP,1521118750470356,1480,4,5,0,36892,2,0,58,5019
282018607,4098085650,443,59552,TCP,1521118750470357,1492,4,5,0,6864,2,0,59,1024
269242584,3978971498,443,60418,TCP,1521118750470358,1205,4,5,0,36893,2,0,58,5293
517385514,3349897429,8080,53423,TCP,1521118750470360,52,4,5,0,5769,2,0,59,13498
2285203148,3560982193,80,55460,TCP,1521118750470360,1480,4,5,0,14308,2,0,55,62552
2285203148,3560982193,80,55460,TCP,1521118750470361,1480,4,5,0,14309,2,0,55,62551
2285203148,3560982193,80,55460,TCP,1521118750470362,1480,4,5,0,14310,2,0,55,62550
282018607,4098085650,443,59552,TCP,1521118750470364,1492,4,5,0,6865,2,0,59,1023
2285203148,3560982193,80,55460,TCP,1521118750470365,1480,4,5,0,14311,2,0,55,62549
2285203148,3560982193,80,55460,TCP,1521118750470366,1480,4,5,0,14312,2,0,55,62548
1962329749,1074109250,56356,1485,UDP,1521118750470372,1330,4,5,24,53482,2,0,54,22501
4022675284,3255953097,80,62155,TCP,1521118750470373,40,4,5,8,20783,2,0,50,14244
1056488277,1962334047,443,38750,TCP,1521118750470374,1500,4,5,0,19939,2,0,240,61588
697554980,4107109331,443,49489,TCP,1521118750470380,44,4,5,0,0,2,0,239,4467
1053308601,4095675140,443,48534,TCP,1521118750470390,40,4,5,0,5294,2,0,240,381
3741785781,3978971492,443,4200,TCP,1521118750470394,465,4,5,0,62408,2,0,248,22802
1117152289,3349796571,443,57253,TCP,1521118750470395,1500,4,5,0,32405,2,0,58,30538
3585067453,3229949033,443,41767,TCP,1521118750470403,146,4,5,0,48010,2,0,54,3200
1786169902,3262273342,23982,38049,UDP,1521118750470407,317,4,5,0,26317,0,0,118,36493
1117152289,3349796571,443,57253,TCP,1521118750470408,1500,4,5,0,32406,2,0,58,30537
1785792974,3452105374,13985,36406,UDP,1521118750470417,98,4,5,0,26273,0,0,117,43593
1962329749,1074109250,56356,1485,UDP,1521118750470419,1330,4,5,24,53483,2,0,54,22500
2280917093,3618109625,19132,55589,UDP,1521118750470422,291,4,5,0,0,2,0,52,58639
1645394518,3455008409,20496,1024,UDP,1521118750470425,1453,4,5,0,20183,0,0,114,52087
232315769,3455661505,24020,27113,UDP,1521118750470431,244,4,5,8,49096,2,0,46,40732
3917902905,2205379272,80,52567,TCP,1521118750470442,1452,4,5,0,22798,2,0,53,39746
2277879271,3390990589,993,63259,TCP,1521118750470445,1500,4,5,0,59740,2,0,56,60150
1264309152,3978971497,80,17922,TCP,1521118750470452,60,4,5,0,0,2,0,62,59180
3917902905,2205379272,80,52567,TCP,1521118750470457,1452,4,5,0,22799,2,0,53,39745
280758871,1074109365,80,60956,TCP,1521118750470458,1500,4,5,8,18169,2,0,60,64333
3527241872,3618741206,443,60529,UDP,1521118750470461,1378,4,5,0,0,2,0,59,33845
3585291215,3571692393,443,55706,TCP,1521118750470462,52,4,5,0,1932,2,0,54,43880
2277879271,3390990589,993,63259,TCP,1521118750470462,1500,4,5,0,59741,2,0,56,60149
1962329749,1074109250,56356,1485,UDP,1521118750470464,1328,4,5,24,53484,2,0,54,22501
3917902905,2205379272,80,52567,TCP,1521118750470465,1452,4,5,0,22800,2,0,53,39744
738838174,3559060954,443,37579,TCP,1521118750470466,89,4,5,8,22850,2,0,237,30639
738838174,3559060954,443,37579,TCP,1521118750470466,52,4,5,8,22851,2,0,237,30675
942637450,1074109367,443,45442,TCP,1521118750470467,1500,4,5,8,37332,2,0,246,22473
942637450,1074109367,443,45442,TCP,1521118750470468,1500,4,5,8,37333,2,0,246,22472
1234336790,3324086020,35207,40000,TCP,1521118750470470,52,4,5,16,894,2,0,60,10344
942637450,1074109367,443,45442,TCP,1521118750470470,1500,4,5,8,37334,2,0,246,22471
280758871,1074109365,80,60956,TCP,1521118750470471,1500,4,5,8,18170,2,0,60,64332
2043848862,3347702556,3074,15329,UDP,1521118750470472,174,4,5,0,17185,0,0,51,30471
282375725,3337041290,443,49082,TCP,1521118750470474,1381,4,5,0,21567,2,0,239,28384
942637450,1074109367,443,45442,TCP,1521118750470475,1500,4,5,8,37335,2,0,246,22470
942637450,1074109367,443,45442,TCP,1521118750470477,1500,4,5,8,37336,2,0,246,22469
2359938973,1962334037,443,48510,TCP,1521118750470478,848,4,5,0,46391,2,0,58,57309
942637450,1074109367,443,45442,TCP,1521118750470480,1500,4,5,8,37337,2,0,246,22468
1056488277,1962334047,443,38750,TCP,1521118750470481,1500,4,5,0,19940,2,0,240,61587
942637450,1074109367,443,45442,TCP,1521118750470482,1500,4,5,8,37338,2,0,246,22467
280758871,1074109365,80,60956,TCP,1521118750470484,1500,4,5,8,18171,2,0,60,64331
942637450,1074109367,443,45442,TCP,1521118750470485,1500,4,5,8,37339,2,0,246,22466
942637450,1074109367,443,45442,TCP,1521118750470486,1500,4,5,8,37340,2,0,246,22465
4023727628,3571889179,5222,60271,TCP,1521118750470488,52,4,5,0,15352,2,0,56,22504
3741785781,3978971487,443,34130,TCP,1521118750470488,52,4,5,0,25363,2,0,248,60265
942637450,1074109367,443,45442,TCP,1521118750470488,1500,4,5,8,37341,2,0,246,22464
3223949995,2332752498,50527,443,TCP,1521118750470490,40,4,5,0,8569,2,0,115,3589
942637450,1074109367,443,45442,TCP,1521118750470490,1500,4,5,8,37342,2,0,246,22463
942637450,1074109367,443,45442,TCP,1521118750470491,561,4,5,8,37343,2,0,246,23401
2083349641,2343841756,38500,33440,UDP,1521118750470492,44,4,5,0,0,2,0,5,55674
280758871,1074109365,80,60956,TCP,1521118750470493,1500,4,5,8,18172,2,0,60,64330
1653412125,3257584071,443,27480,TCP,1521118750470496,1480,4,5,0,33769,2,0,56,47530
132663099,1962334108,39880,9043,UDP,1521118750470502,160,4,5,8,64022,2,0,59,43384
280758871,1074109365,80,60956,TCP,1521118750470505,1500,4,5,8,18173,2,0,60,64329
268651564,3335626617,65404,58487,UDP,1521118750470509,1400,4,5,0,0,2,0,52,32507
3556630309,3447547608,54127,56015,UDP,1521118750470512,381,4,5,0,22971,2,0,121,48955
1235721153,4225200978,443,43521,TCP,1521118750470515,1500,4,5,0,34222,2,0,58,24795
1235721153,4225200978,443,43521,TCP,1521118750470517,1500,4,5,0,34223,2,0,58,24794
3470372370,3338136458,30603,61751,TCP,1521118750470518,1452,4,5,0,3768,2,0,116,49957
1235721153,4225200978,443,43521,TCP,1521118750470519,1500,4,5,0,34224,2,0,58,24793
1235721153,4225200978,443,43521,TCP,1521118750470521,1500,4,5,0,34225,2,0,58,24792
280758871,1074109365,80,60956,TCP,1521118750470522,1500,4,5,8,18174,2,0,60,64328
1235721153,4225200978,443,43521,TCP,1521118750470523,1500,4,5,0,34226,2,0,58,24791
269242584,3978971498,443,60418,TCP,1521118750470525,1480,4,5,0,36894,2,0,58,5017
1235721153,4225200978,443,43521,TCP,1521118750470526,1500,4,5,0,34227,2,0,58,24790
269242584,3978971498,443,60418,TCP,1521118750470527,1393,4,5,0,36895,2,0,58,5103
1056488277,1962334047,443,38750,TCP,1521118750470528,1500,4,5,0,19941,2,0,240,61586
2513602416,3391056306,80,58121,TCP,1521118750470530,1500,4,5,0,29933,2,0,119,14362
268651564,3335626617,65404,58487,UDP,1521118750470531,1400,4,5,0,0,2,0,52,32507
1235721153,4225200978,443,43521,TCP,1521118750470532,1500,4,5,0,34228,2,0,58,24789
2209280781,3978971488,443,3302,TCP,1521118750470534,232,4,5,0,56245,2,0,56,47379
1235721153,4225200978,443,43521,TCP,1521118750470534,1500,4,5,0,34229,2,0,58,24788
1235721153,4225200978,443,43521,TCP,1521118750470535,1500,4,5,0,34230,2,0,58,24787
1235721153,4225200978,443,43521,TCP,1521118750470537,1500,4,5,0,34231,2,0,58,24786
1235721153,4225200978,443,43521,TCP,1521118750470538,1500,4,5,0,34232,2,0,58,24785
1235721153,4225200978,443,43521,TCP,1521118750470539,1500,4,5,0,34233,2,0,58,24784
1235721153,4225200978,443,43521,TCP,1521118750470540,1500,4,5,0,34234,2,0,58,24783
1235721153,4225200978,443,43521,TCP,1521118750470542,1500,4,5,0,34235,2,0,58,24782
280758871,1074109365,80,60956,TCP,1521118750470543,1500,4,5,8,18175,2,0,60,64327
1235721153,4225200978,443,43521,TCP,1521118750470545,1500,4,5,0,34236,2,0,58,24781
2005801108,3450102589,443,45200,UDP,1521118750470546,1378,4,5,8,0,2,0,58,31359
1235721153,4225200978,443,43521,TCP,1521118750470547,1500,4,5,0,34237,2,0,58,24780
1235721153,4225200978,443,43521,TCP,1521118750470548,1500,4,5,0,34238,2,0,58,24779
1903298194,3349796406,443,43521,TCP,1521118750470550,108,4,5,192,34040,0,0,51,60404
1235721153,4225200978,443,43521,TCP,1521118750470550,1500,4,5,0,34239,2,0,58,24778
1235721153,4225200978,443,43521,TCP,1521118750470551,1500,4,5,0,34240,2,0,58,24777
1235721153,4225200978,443,43521,TCP,1521118750470552,1500,4,5,0,34241,2,0,58,24776
2513602416,3391056306,80,58121,TCP,1521118750470554,1500,4,5,0,29934,2,0,119,14361
280758871,1074109365,80,60956,TCP,1521118750470555,1500,4,5,8,18176,2,0,60,64326
2513602416,3391056306,80,58121,TCP,1521118750470556,1500,4,5,0,29935,2,0,119,14360
3672219406,1074109286,443,57482,TCP,1521118750470557,1500,4,5,0,6613,2,0,60,51691
3672219406,1074109286,443,57482,TCP,1521118750470559,793,4,5,0,6614,2,0,60,52397
3766937918,3334585693,443,49526,TCP,1521118750470560,1400,4,5,40,13128,2,0,61,46891
3766937918,3334585693,443,49526,TCP,1521118750470561,1400,4,5,40,13129,2,0,61,46890
3672201731,1074109413,80,56472,TCP,1521118750470562,233,4,5,0,34293,2,0,61,42570
2513602416,3391056306,80,58121,TCP,1521118750470563,1500,4,5,0,29936,2,0,119,14359
280758871,1074109365,80,60956,TCP,1521118750470564,1500,4,5,8,18177,2,0,60,64325
517385465,3347702545,80,25890,TCP,1521118750470565,1452,4,5,0,30237,2,0,59,19908
1226551553,3978971493,443,3054,TCP,1521118750470566,52,4,5,0,76,2,0,241,22731
280758871,1074109365,80,60956,TCP,1521118750470567,1500,4,5,8,18178,2,0,60,64324
3585067730,3446787617,443,60436,TCP,1521118750470568,92,4,5,0,32644,2,0,54,35074
2513602416,3391056306,80,58121,TCP,1521118750470572,1500,4,5,0,29937,2,0,119,14358
1264559648,4223981642,33000,27468,UDP,1521118750470574,297,4,5,0,25650,0,0,122,5635
3672219406,1074109286,443,57482,TCP,1521118750470574,1500,4,5,0,6615,2,0,60,51689
3672219406,1074109286,443,57482,TCP,1521118750470575,1500,4,5,0,6616,2,0,60,51688
3672219406,1074109286,443,57482,TCP,1521118750470579,1500,4,5,0,6617,2,0,60,51687
280758871,1074109365,80,60956,TCP,1521118750470581,1500,4,5,8,18179,2,0,60,64323
3672219406,1074109286,443,57482,TCP,1521118750470582,1500,4,5,0,6618,2,0,60,51686
828459153,3449289583,56696,82,TCP,1521118750470584,40,4,5,0,62793,0,0,246,35980
2513602416,3391056306,80,58121,TCP,1521118750470587,1500,4,5,0,29938,2,0,119,14357
517385465,3347702545,80,25890,TCP,1521118750470588,1452,4,5,0,30238,2,0,59,19907
3294484827,1074109301,45436,9050,TCP,1521118750470590,52,4,5,0,47555,2,0,54,4557
1054474658,3257294266,443,35788,TCP,1521118750470590,80,4,5,0,26573,2,0,45,34174
280758871,1074109365,80,60956,TCP,1521118750470592,1500,4,5,8,18180,2,0,60,64322
2513602416,3391056306,80,58121,TCP,1521118750470596,1500,4,5,0,29939,2,0,119,14356
268651564,3335626617,65406,39664,UDP,1521118750470597,1400,4,5,0,0,2,0,52,32507
3366171495,3474337134,49742,26624,UDP,1521118750470599,99,4,5,0,12050,0,0,51,57320
739671986,4094986093,443,53516,TCP,1521118750470601,52,4,5,0,49164,2,0,237,42604
280758871,1074109365,80,60956,TCP,1521118750470604,1500,4,5,8,18181,2,0,60,64321
3672219406,1074109286,443,57482,TCP,1521118750470608,1500,4,5,0,6619,2,0,60,51685
3672219406,1074109286,443,57482,TCP,1521118750470609,96,4,5,0,6620,2,0,60,53088
268651564,3335626617,65406,39664,UDP,1521118750470610,1400,4,5,0,0,2,0,52,32507
2513602416,3391056306,80,58121,TCP,1521118750470612,1500,4,5,0,29940,2,0,119,14355
1053308601,4095675140,443,48534,TCP,1521118750470614,185,4,5,0,5295,2,0,240,235
280758871,1074109365,80,60956,TCP,1521118750470616,1500,4,5,8,18182,2,0,60,64320
2513602416,3391056306,80,58121,TCP,1521118750470624,1500,4,5,0,29941,2,0,119,14354
718027554,3443988797,7008,50876,UDP,1521118750470627,69,4,5,9,27860,2,0,55,35416
280758871,1074109365,80,60956,TCP,1521118750470629,1500,4,5,8,18183,2,0,60,64319
1056488277,1962334047,443,38750,TCP,1521118750470630,1500,4,5,0,19942,2,0,240,61585
3672188166,1962334039,443,51094,TCP,1521118750470632,234,4,5,0,63281,2,0,58,64678
3331092240,1962334005,52350,80,TCP,1521118750470632,40,4,5,0,27390,2,0,112,7689
938031650,3455662776,53147,65426,UDP,1521118750470640,528,4,5,0,21016,2,0,117,14088
280758871,1074109365,80,60956,TCP,1521118750470640,1500,4,5,8,18184,2,0,60,64318
1633182954,843169213,63279,445,TCP,1521118750470642,40,4,5,0,30800,2,0,120,54334
1208420258,3257478675,58352,8080,TCP,1521118750470643,52,4,5,0,15334,2,0,114,36088
799586877,3978971492,443,32560,TCP,1521118750470648,52,4,5,0,63292,2,0,240,29458
1906882630,3349715154,16564,36968,UDP,1521118750470648,48,4,5,0,12680,0,0,54,51403
4023727685,4218199185,5222,49148,TCP,1521118750470651,52,4,5,0,45651,2,0,56,53847
280758871,1074109365,80,60956,TCP,1521118750470653,1500,4,5,8,18185,2,0,60,64317
2258940747,3978971498,2515,64624,TCP,1521118750470664,52,4,5,0,42958,2,0,58,10353
1056488277,1962334047,443,38750,TCP,1521118750470665,1500,4,5,0,19943,2,0,240,61584
280758871,1074109365,80,60956,TCP,1521118750470666,1500,4,5,8,18186,2,0,60,64316
280758871,1074109365,80,60956,TCP,1521118750470679,1500,4,5,8,18187,2,0,60,64315
790716453,2270145478,443,20100,TCP,1521118750470680,52,4,5,0,47042,2,0,240,4261
280758871,1074109365,80,60956,TCP,1521118750470692,1500,4,5,8,18188,2,0,60,64314
269242579,3978971487,443,32384,TCP,1521118750470694,1480,4,5,0,43929,2,0,58,63533
269242579,3978971487,443,32384,TCP,1521118750470696,316,4,5,0,43930,2,0,58,64696
800783747,3347702009,443,46485,TCP,1521118750470696,64,4,5,0,14452,2,0,237,32642
4251322546,3390876118,123,44349,UDP,1521118750470697,76,4,5,0,0,2,0,53,52117
2117919493,3453268733,25,43042,TCP,1521118750470700,96,4,5,0,518,2,0,49,25982
4187927662,1962334028,443,43889,TCP,1521118750470701,52,4,5,0,54393,2,0,240,48121
280758871,1074109365,80,60956,TCP,1521118750470702,1500,4,5,8,18189,2,0,60,64313
4187927662,1962334028,443,43889,TCP,1521118750470704,52,4,5,0,54394,2,0,240,48120
1056488277,1962334047,443,38750,TCP,1521118750470704,1500,4,5,0,19944,2,0,240,61583
3885270083,3262274445,443,59560,TCP,1521118750470707,52,4,5,0,46388,2,0,54,1464
845061622,3347605267,5056,57002,UDP,1521118750470707,1195,4,5,0,31253,2,0,120,34108
356827871,3617784879,443,49301,TCP,1521118750470708,52,4,5,0,40604,2,0,241,14129
1053114451,1962334034,443,58844,TCP,1521118750470713,52,4,5,0,37224,2,0,241,11514
280758871,1074109365,80,60956,TCP,1521118750470714,1500,4,5,8,18190,2,0,60,64312
799551737,3448447786,443,51492,TCP,1521118750470716,52,4,5,0,33988,2,0,241,45992
280758871,1074109365,80,60956,TCP,1521118750470727,1500,4,5,8,18191,2,0,60,64311
742987708,855585138,4050,11281,UDP,1521118750470733,146,4,5,0,18332,2,0,49,22857
280758871,1074109365,80,60956,TCP,1521118750470740,1500,4,5,8,18192,2,0,60,64310
3385650274,1235573035,1538,445,TCP,1521118750470741,40,4,5,0,3840,2,0,119,39888
1056488277,1962334047,443,38750,TCP,1521118750470744,1500,4,5,0,19945,2,0,240,61582
3310683221,2317271739,53,34056,UDP,1521118750470745,1473,4,5,0,62398,0,0,59,28649
280758871,1074109365,80,60956,TCP,1521118750470752,1500,4,5,8,18193,2,0,60,64309
3742064001,3391033691,443,58333,TCP,1521118750470759,70,4,5,0,7154,2,0,124,51896
280758871,1074109365,80,60956,TCP,1521118750470764,1500,4,5,8,18194,2,0,60,64308
3585093679,2341451651,5222,37378,TCP,1521118750470765,52,4,5,0,55995,2,0,54,8470
1056488277,1962334047,443,38750,TCP,1521118750470777,1500,4,5,0,19946,2,0,240,61581
280758871,1074109365,80,60956,TCP,1521118750470778,1500,4,5,8,18195,2,0,60,64307
280758871,1074109365,80,60956,TCP,1521118750470789,1500,4,5,8,18196,2,0,60,64306
743460946,3338135244,443,46310,TCP,1521118750470792,64,4,5,0,8970,2,0,236,16711
3291977249,1074109394,53,46954,UDP,1521118750470792,311,4,5,0,52745,0,0,46,34684
2488505399,3242289590,53,56547,UDP,1521118750470793,492,4,5,0,43705,0,0,50,35013
2673447529,3223149794,28964,8080,TCP,1521118750470795,54,4,5,2,24677,2,0,112,23448
3992032822,842932778,443,56226,TCP,1521118750470800,1450,4,5,0,53026,2,0,87,30363
3992032822,842932778,443,56226,TCP,1521118750470801,1450,4,5,0,53027,2,0,87,30362
280758871,1074109365,80,60956,TCP,1521118750470802,1500,4,5,8,18197,2,0,60,64305
2340596306,1962334175,52502,80,TCP,1521118750470803,52,4,5,0,15384,2,0,112,19457
3672239315,1962334192,43025,9042,UDP,1521118750470807,1472,4,5,0,31659,2,0,61,42981
280758871,1074109365,80,60956,TCP,1521118750470813,1500,4,5,8,18198,2,0,60,64304
3527241872,3618741206,443,60529,UDP,1521118750470815,1378,4,5,0,0,2,0,59,33845
1056361337,3569581336,4080,1927,UDP,1521118750470818,190,4,5,0,37703,2,0,49,22940
3672239315,1962334192,43025,9042,UDP,1521118750470820,1472,4,5,0,31660,2,0,61,42980
1056488277,1962334047,443,38750,TCP,1521118750470822,1500,4,5,0,19947,2,0,240,61580
718026217,3453656624,7008,42711,UDP,1521118750470824,112,4,5,9,35495,2,0,54,60684
280758871,1074109365,80,60956,TCP,1521118750470825,1500,4,5,8,18199,2,0,60,64303
2055939992,4223982265,443,37509,TCP,1521118750470829,52,4,5,0,59927,2,0,56,57354
43812247,3453268196,49907,53457,UDP,1521118750470830,296,4,5,0,13315,2,0,52,2774
3672239315,1962334192,43025,9042,UDP,1521118750470832,1472,4,5,0,31661,2,0,61,42979
280758871,1074109365,80,60956,TCP,1521118750470838,1500,4,5,8,18200,2,0,60,64302
2258940747,3978971495,2515,61168,TCP,1521118750470846,52,4,5,0,43061,2,0,58,10253
942637450,1074109367,443,45442,TCP,1521118750470847,1500,4,5,8,37505,2,0,246,22300
718026217,3453656624,7008,42711,UDP,1521118750470849,117,4,5,9,35497,2,0,54,60677
718026217,3453656624,7008,42711,UDP,1521118750470849,116,4,5,9,35496,2,0,54,60679
718026217,3453656624,7008,42711,UDP,1521118750470849,113,4,5,9,35498,2,0,54,60680
740012927,3978971496,443,25056,TCP,1521118750470849,1500,4,5,0,57642,2,0,240,36291
942637450,1074109367,443,45442,TCP,1521118750470851,1500,4,5,8,37506,2,0,246,22299
942637450,1074109367,443,45442,TCP,1521118750470852,1500,4,5,8,37507,2,0,246,22298
280758871,1074109365,80,60956,TCP,1521118750470853,1500,4,5,8,18201,2,0,60,64301
2259470768,2270145432,53,8886,UDP,1521118750470855,136,4,5,0,23567,0,0,58,41233
942637450,1074109367,443,45442,TCP,1521118750470855,1500,4,5,8,37508,2,0,246,22297
3672239315,1962334192,43025,9042,UDP,1521118750470856,1472,4,5,0,31662,2,0,61,42978
740012927,3978971496,443,25056,TCP,1521118750470857,1500,4,5,0,57643,2,0,240,36290
942637450,1074109367,443,45442,TCP,1521118750470859,1500,4,5,8,37509,2,0,246,22296
1056488277,1962334047,443,38750,TCP,1521118750470860,1500,4,5,0,19948,2,0,240,61579
942637450,1074109367,443,45442,TCP,1521118750470861,1500,4,5,8,37510,2,0,246,22295
942637450,1074109367,443,45442,TCP,1521118750470863,1500,4,5,8,37511,2,0,246,22294
942637450,1074109367,443,45442,TCP,1521118750470864,1500,4,5,8,37512,2,0,246,22293
121919425,3390956177,38608,24444,UDP,1521118750470866,327,4,5,0,16059,0,0,118,63798
280758871,1074109365,80,60956,TCP,1521118750470866,1500,4,5,8,18202,2,0,60,64300
942637450,1074109367,443,45442,TCP,1521118750470867,1500,4,5,8,37513,2,0,246,22292
942637450,1074109367,443,45442,TCP,1521118750470868,1500,4,5,8,37514,2,0,246,22291
942637450,1074109367,443,45442,TCP,1521118750470870,1500,4,5,8,37515,2,0,246,22290
942637450,1074109367,443,45442,TCP,1521118750470871,561,4,5,8,37516,2,0,246,23228
3672239315,1962334192,43025,9042,UDP,1521118750470871,1472,4,5,0,31663,2,0,61,42977
3527255913,3618740937,443,26744,UDP,1521118750470874,1378,4,5,0,0,2,0,58,20329
3527255913,3618740937,443,26744,UDP,1521118750470876,1378,4,5,0,0,2,0,58,20329
280758871,1074109365,80,60956,TCP,1521118750470877,1500,4,5,8,18203,2,0,60,64299
738648670,3978971493,443,2868,TCP,1521118750470879,52,4,5,0,64760,2,0,240,18646
3672239315,1962334192,43025,9042,UDP,1521118750470879,1472,4,5,0,31664,2,0,61,42976
799551737,3448447786,443,51492,TCP,1521118750470886,52,4,5,0,33989,2,0,241,45991
280758871,1074109365,80,60956,TCP,1521118750470886,1436,4,5,8,18204,2,0,60,64362
3672201824,1962334038,80,43853,TCP,1521118750470889,532,4,5,0,55466,2,0,61,57770
3293905294,3391005211,48258,40785,UDP,1521118750470891,96,4,5,0,11767,2,0,50,59512
3885269751,2321225302,443,14981,TCP,1521118750470893,40,4,5,0,55742,2,0,54,24532
740012927,3978971496,443,25056,TCP,1521118750470895,1500,4,5,0,57644,2,0,240,36289
280758871,1074109365,80,60956,TCP,1521118750470899,1500,4,5,8,18205,2,0,60,64297
1056488277,1962334047,443,38750,TCP,1521118750470900,1500,4,5,0,19949,2,0,240,61578
740012927,3978971496,443,25056,TCP,1521118750470902,1500,4,5,0,57645,2,0,240,36288
3262121340,3447595201,32222,57701,UDP,1521118750470904,1453,4,5,0,1312,0,0,119,33524
3527239210,3455830136,443,5742,TCP,1521118750470909,1472,4,5,0,46633,0,0,59,62770
280758871,1074109365,80,60956,TCP,1521118750470912,1500,4,5,8,18206,2,0,60,64296
3294484903,1962333974,63948,9050,TCP,1521118750470913,52,4,5,0,12389,2,0,54,10829
3801788594,3454820213,443,48676,TCP,1521118750470913,1280,4,5,0,15584,2,0,55,16745
743460946,3338135244,443,46310,TCP,1521118750470914,64,4,5,0,8971,2,0,236,16710
1636059042,1962334034,443,64224,TCP,1521118750470914,1500,4,5,8,53536,2,0,60,29316
3801788594,3454820213,443,48676,TCP,1521118750470915,1280,4,5,0,15585,2,0,55,16744
3520540551,3396737234,21045,34146,UDP,1521118750470916,1453,4,5,0,15073,0,0,115,8888
2005836919,3455830764,443,51192,UDP,1521118750470918,1378,4,5,0,0,2,0,57,34717
1442306346,3450307074,7001,33038,TCP,1521118750470923,40,4,5,0,16464,2,0,50,35252
2270134194,3350331175,50724,49840,UDP,1521118750470923,607,4,5,0,13174,2,0,119,61
280758871,1074109365,80,60956,TCP,1521118750470924,1500,4,5,8,18207,2,0,60,64295
1636059042,1962334034,443,64224,TCP,1521118750470925,1500,4,5,8,53537,2,0,60,29315
3672201824,1962334038,80,43853,TCP,1521118750470927,95,4,5,0,55467,2,0,61,58206
1056488277,1962334047,443,38750,TCP,1521118750470934,1466,4,5,0,19950,2,0,240,61611
743800122,3455830637,443,39808,TCP,1521118750470935,591,4,5,0,6281,2,0,245,10535
2456080734,3390571658,6012,24139,UDP,1521118750470936,48,4,5,0,30751,0,0,115,40248
280758871,1074109365,80,60956,TCP,1521118750470937,1500,4,5,8,18208,2,0,60,64294
1636059042,1962334034,443,64224,TCP,1521118750470939,1500,4,5,8,53538,2,0,60,29314
504317775,3472993356,443,59492,TCP,1521118750470940,1450,4,5,0,45343,2,0,91,34946
504317775,3472993356,443,59492,TCP,1521118750470942,1450,4,5,0,45344,2,0,91,34945
3741785781,3978971485,443,38424,TCP,1521118750470943,465,4,5,0,10610,2,0,248,9072
280758871,1074109365,80,60956,TCP,1521118750470949,1500,4,5,8,18209,2,0,60,64293
1636059042,1962334034,443,64224,TCP,1521118750470951,1500,4,5,8,53539,2,0,60,29313
138701718,3233185819,80,49234,TCP,1521118750470954,1347,4,5,0,39158,0,0,246,29202
138701718,3233185819,80,49234,TCP,1521118750470955,1347,4,5,0,39159,0,0,246,29201
795717928,3978971484,443,60100,TCP,1521118750470956,52,4,5,0,60165,2,0,240,34977
2199225522,1074109365,80,61058,TCP,1521118750470958,52,4,5,0,38089,2,0,247,2936
3527255851,3618740937,443,49752,TCP,1521118750470959,1472,4,5,0,39095,0,0,58,63132
280758871,1074109365,80,60956,TCP,1521118750470962,1500,4,5,8,18210,2,0,60,64292
795824475,3448432827,443,35282,TCP,1521118750470963,52,4,5,0,51970,2,0,240,34992
1636059042,1962334034,443,64224,TCP,1521118750470963,1500,4,5,8,53540,2,0,60,29312
2359939015,1962334034,443,64035,TCP,1521118750470971,531,4,5,0,39937,2,0,58,64041
280758871,1074109365,80,60956,TCP,1521118750470973,1500,4,5,8,18211,2,0,60,64291
1636059042,1962334034,443,64224,TCP,1521118750470975,1500,4,5,8,53541,2,0,60,29311
743460946,3338135244,443,46310,TCP,1521118750470980,52,4,5,0,8972,2,0,236,16721
739795645,1962334036,443,39676,TCP,1521118750470982,52,4,5,0,3803,2,0,240,41160
740012927,3978971496,443,25056,TCP,1521118750470984,1500,4,5,0,57646,2,0,240,36287
280758871,1074109365,80,60956,TCP,1521118750470986,1500,4,5,8,18212,2,0,60,64290
819305240,4176509865,80,60956,TCP,1521118750470987,84,4,5,0,52763,2,0,54,13830
3741785781,3978971499,443,40308,TCP,1521118750470987,52,4,5,0,47440,2,0,248,38176
740012927,3978971496,443,25056,TCP,1521118750470989,1288,4,5,0,57647,2,0,240,36498
1636059042,1962334034,443,64224,TCP,1521118750470990,1500,4,5,8,53542,2,0,60,29310
3430701592,3569494444,55289,40382,UDP,1521118750470992,48,4,5,0,31114,0,0,55,58671
3430701592,3569494444,55289,40382,UDP,1521118750470994,48,4,5,0,8865,0,0,55,15385
280758871,1074109365,80,60956,TCP,1521118750470997,1500,4,5,8,18213,2,0,60,64289
1692329291,3447595505,51900,26588,TCP,1521118750471003,40,4,5,0,25426,2,0,53,43236
1636059042,1962334034,443,64224,TCP,1521118750471004,1500,4,5,8,53543,2,0,60,29309
3674009502,3608894358,80,50394,TCP,1521118750471005,52,4,5,0,0,2,0,57,17527
280758871,1074109365,80,60956,TCP,1521118750471009,1500,4,5,8,18214,2,0,60,64288
3370022631,4093898830,80,3424,TCP,1521118750471010,40,4,5,0,39561,2,0,50,35374
1264309462,3978971496,14602,443,TCP,1521118750471011,52,4,5,0,25564,2,0,58,34339
739833915,3978971495,443,22368,TCP,1521118750471020,52,4,5,0,47930,2,0,241,29603
280758871,1074109365,80,60956,TCP,1521118750471022,1500,4,5,8,18215,2,0,60,64287
280758871,1074109365,80,60956,TCP,1521118750471023,284,4,5,8,18216,2,0,60,65502
2277879271,3390990589,993,63259,TCP,1521118750471024,1500,4,5,0,59742,2,0,56,60148
2256962297,3978971489,443,60576,TCP,1521118750471028,1500,4,5,0,63122,2,0,54,2174
3798349075,3390992937,443,55858,TCP,1521118750471030,64,4,5,0,44056,2,0,60,16094
1479562025,3255952460,65446,6370,UDP,1521118750471030,70,4,5,0,200,0,0,110,64039
1054190578,3349748500,80,51037,TCP,1521118750471032,52,4,5,0,1672,2,0,238,47286
280758871,1074109365,80,60956,TCP,1521118750471037,1500,4,5,8,18217,2,0,60,64285
3527405613,3455831494,80,50599,TCP,1521118750471038,1452,4,5,0,7492,2,0,120,33240
2277879271,3390990589,993,63259,TCP,1521118750471039,1500,4,5,0,59743,2,0,56,60147
1054400365,3337040746,443,12969,TCP,1521118750471045,1500,4,5,0,19610,2,0,46,57834
1054400365,3337040746,443,12969,TCP,1521118750471046,1500,4,5,0,19611,2,0,46,57833
1052992568,3453500624,443,12482,TCP,1521118750471048,137,4,5,0,11960,2,0,49,27923
1710490629,3396742282,60514,445,TCP,1521118750471049,52,4,5,0,21851,2,0,121,19311
744358254,4041960738,443,39691,TCP,1521118750471050,1450,4,5,0,16531,2,0,237,48096
1465466201,3617785383,16762,1214,UDP,1521118750471051,48,4,5,0,26037,0,0,115,28555
280758871,1074109365,80,60956,TCP,1521118750471051,1500,4,5,8,18218,2,0,60,64284
2277879271,3390990589,993,63259,TCP,1521118750471052,1500,4,5,0,59744,2,0,56,60146
3527405613,3455831494,80,50599,TCP,1521118750471054,1452,4,5,0,7493,2,0,120,33239
2256962297,3978971489,443,60576,TCP,1521118750471056,1500,4,5,0,63123,2,0,54,2173
1636059042,1962334034,443,64224,TCP,1521118750471060,1500,4,5,8,53544,2,0,60,29308
131922607,3569582285,44334,35582,UDP,1521118750471061,1454,4,5,0,32053,0,0,117,27373
280758871,1074109365,80,60956,TCP,1521118750471063,1500,4,5,8,18219,2,0,60,64283
3527405613,3455831494,80,50599,TCP,1521118750471064,1452,4,5,0,7494,2,0,120,33238
1054265492,1962334044,443,63032,TCP,1521118750471065,52,4,5,0,65114,2,0,238,12971
2277879271,3390990589,993,63259,TCP,1521118750471066,1500,4,5,0,59745,2,0,56,60145
1307490269,3447596377,62857,19907,UDP,1521118750471068,1454,4,5,0,3720,0,0,116,14868
2256962297,3978971489,443,60576,TCP,1521118750471069,1500,4,5,0,63124,2,0,54,2172
2056003583,3472991432,39286,22,TCP,1521118750471070,1500,4,5,0,37298,2,0,80,34068
2056003583,3472991432,39286,22,TCP,1521118750471071,1500,4,5,0,37299,2,0,80,34067
3885269751,2321225302,443,14981,TCP,1521118750471073,82,4,5,0,55743,2,0,54,24489
1636059042,1962334034,443,64224,TCP,1521118750471073,1500,4,5,8,53545,2,0,60,29307
280758871,1074109365,80,60956,TCP,1521118750471075,1500,4,5,8,18220,2,0,60,64282
2056003583,3472991432,39286,22,TCP,1521118750471076,1500,4,5,0,37300,2,0,80,34066
2056003583,3472991432,39286,22,TCP,1521118750471077,1500,4,5,0,37301,2,0,80,34065
2270456640,3978971488,80,33608,TCP,1521118750471078,770,4,5,0,6699,2,0,248,15531
2056003583,3472991432,39286,22,TCP,1521118750471079,1500,4,5,0,37302,2,0,80,34064
816296514,3349900533,80,54934,TCP,1521118750471080,40,4,5,0,28844,2,0,48,49817
2056003583,3472991432,39286,22,TCP,1521118750471080,1500,4,5,0,37303,2,0,80,34063
517385586,3618075281,8080,41932,TCP,1521118750471082,1480,4,5,0,32236,2,0,59,42434
743800122,3455830637,443,39808,TCP,1521118750471083,1480,4,5,0,6282,2,0,245,9645
2256962297,3978971489,443,60576,TCP,1521118750471084,1500,4,5,0,63125,2,0,54,2171
2056003583,3472991432,39286,22,TCP,1521118750471086,1500,4,5,0,37304,2,0,80,34062
743800122,3455830637,443,39808,TCP,1521118750471087,1480,4,5,0,6283,2,0,245,9644
743800122,3455830637,443,39808,TCP,1521118750471089,1480,4,5,0,6284,2,0,245,9643
2056003583,3472991432,39286,22,TCP,1521118750471090,1500,4,5,0,37305,2,0,80,34061
2056003583,3472991432,39286,22,TCP,1521118750471091,1500,4,5,0,37306,2,0,80,34060
2056003583,3472991432,39286,22,TCP,1521118750471092,1500,4,5,0,37307,2,0,80,34059
743800122,3455830637,443,39808,TCP,1521118750471094,1480,4,5,0,6285,2,0,245,9642
743800122,3455830637,443,39808,TCP,1521118750471095,1480,4,5,0,6286,2,0,245,9641
2005836026,4030665149,443,58171,TCP,1521118750471096,1440,4,5,0,56493,0,0,58,33829
280758871,1074109365,80,60956,TCP,1521118750471097,1500,4,5,8,18221,2,0,60,64281
2056003583,3472991432,39286,22,TCP,1521118750471099,1500,4,5,0,37308,2,0,80,34058
2056003583,3472991432,39286,22,TCP,1521118750471100,1500,4,5,0,37309,2,0,80,34057
2056003583,3472991432,39286,22,TCP,1521118750471102,1500,4,5,0,37310,2,0,80,34056
2056003583,3472991432,39286,22,TCP,1521118750471103,1500,4,5,0,37311,2,0,80,34055
2056003583,3472991432,39286,22,TCP,1521118750471104,1500,4,5,0,37312,2,0,80,34054
743800122,3455830637,443,39808,TCP,1521118750471106,1480,4,5,0,6287,2,0,245,9640
2056003583,3472991432,39286,22,TCP,1521118750471107,1500,4,5,0,37313,2,0,80,34053
2056003583,3472991432,39286,22,TCP,1521118750471108,1372,4,5,0,37314,2,0,80,34180
2211447547,3451134150,61456,1024,UDP,1521118750471109,133,4,5,0,23725,2,0,112,14453
739671986,4094986093,443,53516,TCP,1521118750471109,52,4,5,0,49165,2,0,237,42603
2256962297,3978971489,443,60576,TCP,1521118750471109,1500,4,5,0,63126,2,0,54,2170
280758871,1074109365,80,60956,TCP,1521118750471111,1500,4,5,8,18222,2,0,60,64280
3741785781,3978971487,443,34130,TCP,1521118750471112,465,4,5,0,25386,2,0,248,59829
1534230695,2345958949,44482,10138,UDP,1521118750471112,48,4,5,0,9368,0,0,112,16402
2256962297,3978971489,443,60576,TCP,1521118750471112,1500,4,5,0,63127,2,0,54,2169
2256962297,3978971489,443,60576,TCP,1521118750471114,321,4,5,0,63128,2,0,54,3347
278984898,4041149617,64327,60985,UDP,1521118750471115,52,4,5,0,25509,2,0,119,39200
280758871,1074109365,80,60956,TCP,1521118750471115,1500,4,5,8,18223,2,0,60,64279
1264309462,3978971496,14602,443,TCP,1521118750471116,103,4,5,0,25565,2,0,58,34287
1442306346,3450307074,7001,33038,TCP,1521118750471120,71,4,5,0,16465,2,0,50,35220
280758871,1074109365,80,60956,TCP,1521118750471123,1500,4,5,8,18224,2,0,60,64278
1235330562,2336765218,56318,51774,UDP,1521118750471125,217,4,5,0,5277,2,0,120,15721
743800122,3455830637,443,39808,TCP,1521118750471129,1480,4,5,0,6288,2,0,245,9639
743800122,3455830637,443,39808,TCP,1521118750471130,1480,4,5,0,6289,2,0,245,9638
280758871,1074109365,80,60956,TCP,1521118750471135,1500,4,5,8,18225,2,0,60,64277
1056842318,3353374370,443,26546,TCP,1521118750471143,52,4,5,0,32255,2,0,240,29941
743800122,3455830637,443,39808,TCP,1521118750471145,1480,4,5,0,6290,2,0,245,9637
743800122,3455830637,443,39808,TCP,1521118750471146,1480,4,5,0,6291,2,0,245,9636
280758871,1074109365,80,60956,TCP,1521118750471148,1500,4,5,8,18226,2,0,60,64276
938035621,3978971640,2001,2001,UDP,1521118750471150,133,4,5,0,34140,2,0,59,347
1235601538,3223150245,80,52776,TCP,1521118750471158,1500,4,5,0,21242,2,0,59,46647
3317683339,3391063705,47092,60268,UDP,1521118750471159,54,4,5,0,29099,0,0,119,59143
1235601538,3223150245,80,52776,TCP,1521118750471159,1500,4,5,0,21243,2,0,59,46646
280758871,1074109365,80,60956,TCP,1521118750471160,1500,4,5,8,18227,2,0,60,64275
280758871,1074109365,80,60956,TCP,1521118750471162,284,4,5,8,18228,2,0,60,65490
1235601538,3223150245,80,52776,TCP,1521118750471163,1500,4,5,0,21244,2,0,59,46645
743801239,3446717633,443,57283,TCP,1521118750471164,1400,4,5,0,19289,2,0,243,65287
1235601538,3223150245,80,52776,TCP,1521118750471165,1500,4,5,0,21245,2,0,59,46644
232281353,4107111365,24040,11040,UDP,1521118750471166,340,4,5,8,19540,2,0,46,7113
743801239,3446717633,443,57283,TCP,1521118750471167,1400,4,5,0,19290,2,0,243,65286
738709536,3978971494,443,38104,TCP,1521118750471168,52,4,5,0,54108,2,0,240,33966
3771191998,2332752486,8736,443,UDP,1521118750471168,217,4,5,0,22966,0,0,116,45926
1074069377,3890314062,53,23590,UDP,1521118750471170,135,4,5,0,55304,0,0,60,936
3771191998,2332752486,8736,443,UDP,1521118750471173,121,4,5,0,22967,0,0,116,46021
1234923770,3245036763,443,26492,TCP,1521118750471174,52,4,5,0,40554,2,0,57,53885
280758871,1074109365,80,60956,TCP,1521118750471175,1500,4,5,8,18229,2,0,60,64273
1235601538,3223150245,80,52776,TCP,1521118750471176,1500,4,5,0,21246,2,0,59,46643
3771191998,2332752486,8736,443,UDP,1521118750471177,137,4,5,0,22968,0,0,116,46004
1235601538,3223150245,80,52776,TCP,1521118750471177,1500,4,5,0,21247,2,0,59,46642
1802261656,3484693806,27032,26544,UDP,1521118750471179,48,4,5,0,8209,0,0,114,25541
139068335,3450219699,80,35072,TCP,1521118750471179,40,4,5,0,58521,2,0,247,39139
2277879271,3390990589,993,63259,TCP,1521118750471181,1500,4,5,0,59746,2,0,56,60144
3771191998,2332752486,8736,443,UDP,1521118750471182,153,4,5,0,22969,0,0,116,45987
232312873,3445857822,443,51212,TCP,1521118750471186,40,4,5,8,17519,2,0,237,65492
280758871,1074109365,80,60956,TCP,1521118750471188,1500,4,5,8,18230,2,0,60,64272
1235601538,3223150245,80,52776,TCP,1521118750471190,1500,4,5,0,21248,2,0,59,46641
1235601538,3223150245,80,52776,TCP,1521118750471191,1500,4,5,0,21249,2,0,59,46640
1235601538,3223150245,80,52776,TCP,1521118750471193,1500,4,5,0,21250,2,0,59,46639
2364717772,3484911095,443,54794,TCP,1521118750471194,40,4,5,0,38191,0,0,57,20275
3527246821,3618740955,443,26916,UDP,1521118750471194,1378,4,5,0,0,2,0,58,29403
3527246821,3618740955,443,26916,UDP,1521118750471195,1378,4,5,0,0,2,0,58,29403
2277879271,3390990589,993,63259,TCP,1521118750471196,1500,4,5,0,59747,2,0,56,60143
1235601538,3223150245,80,52776,TCP,1521118750471198,1500,4,5,0,21251,2,0,59,46638
280758871,1074109365,80,60956,TCP,1521118750471199,1500,4,5,8,18231,2,0,60,64271
1054400365,3337040746,443,12969,TCP,1521118750471201,1500,4,5,0,19612,2,0,46,57832
2364717772,3484911095,443,54794,TCP,1521118750471203,40,4,5,0,38192,0,0,57,20274
1054400365,3337040746,443,12969,TCP,1521118750471204,1500,4,5,0,19613,2,0,46,57831
360214277,3474332239,443,51732,TCP,1521118750471208,40,4,5,0,51008,2,0,241,21676
3317683339,3391063705,47092,60268,UDP,1521118750471209,65,4,5,0,29100,0,0,119,59131
1235601538,3223150245,80,52776,TCP,1521118750471211,1500,4,5,0,21252,2,0,59,46637
280758871,1074109365,80,60956,TCP,1521118750471213,1500,4,5,8,18232,2,0,60,64270
1234920282,3337734268,55516,443,TCP,1521118750471214,52,4,5,0,44724,2,0,57,22188
1235601538,3223150245,80,52776,TCP,1521118750471214,1500,4,5,0,21253,2,0,59,46636
1280595937,3390862981,61331,54558,UDP,1521118750471215,44,4,5,0,24559,2,0,122,48122
1802261656,3484693806,27032,26544,UDP,1521118750471215,48,4,5,0,8210,0,0,114,25540
1736968003,846942886,58181,57374,TCP,1521118750471221,40,4,5,0,0,2,0,238,39139
280758871,1074109365,80,60956,TCP,1521118750471225,1500,4,5,8,18233,2,0,60,64269
280758871,1074109365,80,60956,TCP,1521118750471236,1500,4,5,8,18234,2,0,60,64268
938035624,3978971494,80,40504,TCP,1521118750471237,1500,4,5,0,58007,2,0,59,40802
938035624,3978971494,80,40504,TCP,1521118750471239,1500,4,5,0,58008,2,0,59,40801
1055948943,3571853892,443,63449,TCP,1521118750471240,40,4,5,0,36667,2,0,240,15594
938035624,3978971494,80,40504,TCP,1521118750471240,1500,4,5,0,58009,2,0,59,40800
3771191998,2332752486,8736,443,UDP,1521118750471242,153,4,5,0,22970,0,0,116,45986
3771191998,2332752486,8736,443,UDP,1521118750471247,137,4,5,0,22971,0,0,116,46001
3421920103,4225200758,18649,21025,UDP,1521118750471247,41,4,5,0,766,0,0,49,61722
3421920103,4225200758,18649,21025,UDP,1521118750471248,41,4,5,0,768,0,0,49,61720
280758871,1074109365,80,60956,TCP,1521118750471248,1500,4,5,8,18235,2,0,60,64267
460636572,1074109431,9482,51484,TCP,1521118750471250,52,4,5,0,18198,2,0,48,19105
3801788594,4211110795,80,14156,TCP,1521118750471251,1280,4,5,0,27027,2,0,55,54155
3421920103,4225200758,18649,21025,UDP,1521118750471252,41,4,5,0,767,0,0,49,61721
3421920103,4225200758,18649,21025,UDP,1521118750471252,41,4,5,0,769,0,0,49,61719
3421920103,4225200758,18649,21025,UDP,1521118750471252,41,4,5,0,770,0,0,49,61718
1053659277,3443716621,80,49242,TCP,1521118750471254,371,4,5,0,50996,2,0,240,13221
3771191998,2332752486,8736,443,UDP,1521118750471254,137,4,5,0,22972,0,0,116,46000
3801788594,4211110795,80,14156,TCP,1521118750471256,1280,4,5,0,27028,2,0,55,54154
2285186916,4107077754,30232,47967,UDP,1521118750471259,55,4,5,0,0,2,0,51,37589
280758871,1074109365,80,60956,TCP,1521118750471260,1500,4,5,8,18236,2,0,60,64266
3771191998,2332752486,8736,443,UDP,1521118750471261,121,4,5,0,22973,0,0,116,46015
232312873,3445857822,443,51212,TCP,1521118750471266,40,4,5,8,17520,2,0,237,65491
3331091545,1962334005,59117,80,TCP,1521118750471269,40,4,5,0,19743,2,0,113,15775
1898886974,3353372333,53368,36725,UDP,1521118750471270,48,4,5,0,2608,0,0,116,58770
1898886974,3353372333,53368,36725,UDP,1521118750471270,48,4,5,0,2609,0,0,116,58769
133075837,1074109367,80,61254,TCP,1521118750471271,1500,4,5,0,59708,2,0,56,56503
133075837,1074109367,80,61254,TCP,1521118750471272,1500,4,5,0,59709,2,0,56,56502
133075837,1074109367,80,61254,TCP,1521118750471274,1500,4,5,0,59710,2,0,56,56501
133075837,1074109367,80,61254,TCP,1521118750471275,495,4,5,0,59711,2,0,56,57505
280758871,1074109365,80,60956,TCP,1521118750471275,1500,4,5,8,18237,2,0,60,64265
3801788594,4211110795,80,14156,TCP,1521118750471278,1280,4,5,0,27029,2,0,55,54153
3801788594,4211110795,80,14156,TCP,1521118750471281,1280,4,5,0,27030,2,0,55,54152
280758871,1074109365,80,60956,TCP,1521118750471284,1500,4,5,8,18238,2,0,60,64264
942637450,1074109367,443,45442,TCP,1521118750471290,1500,4,5,8,37700,2,0,246,22105
942637450,1074109367,443,45442,TCP,1521118750471294,1500,4,5,8,37701,2,0,246,22104
1054156251,1962334036,443,37497,TCP,1521118750471295,793,4,5,0,44485,2,0,237,11294
942637450,1074109367,443,45442,TCP,1521118750471296,1500,4,5,8,37702,2,0,246,22103
280758871,1074109365,80,60956,TCP,1521118750471299,1500,4,5,8,18239,2,0,60,64263
280758871,1074109365,80,60956,TCP,1521118750471300,284,4,5,8,18240,2,0,60,65478
942637450,1074109367,443,45442,TCP,1521118750471307,1500,4,5,8,37703,2,0,246,22102
938035621,3978971640,2001,2001,UDP,1521118750471309,133,4,5,0,34141,2,0,59,346
942637450,1074109367,443,45442,TCP,1521118750471309,1500,4,5,8,37704,2,0,246,22101
1123059657,2336051423,6882,36789,UDP,1521118750471310,1485,4,5,0,35613,0,0,54,19757
2279000371,3242286394,80,51666,TCP,1521118750471312,1476,4,5,0,64666,2,0,59,52755
942637450,1074109367,443,45442,TCP,1521118750471313,1500,4,5,8,37705,2,0,246,22100
280758871,1074109365,80,60956,TCP,1521118750471314,1500,4,5,8,18241,2,0,60,64261
1171196707,4030689852,48886,80,TCP,1521118750471315,52,4,5,0,27815,2,0,45,11695
3527241946,3618741021,443,41423,UDP,1521118750471315,1378,4,5,0,0,2,0,58,34212
1054400365,3337040746,443,12969,TCP,1521118750471317,1500,4,5,0,19614,2,0,46,57830
795087857,3347702556,3074,15332,UDP,1521118750471318,194,4,5,0,26985,2,0,113,45510
1054400365,3337040746,443,12969,TCP,1521118750471318,1500,4,5,0,19615,2,0,46,57829
942637450,1074109367,443,45442,TCP,1521118750471319,1500,4,5,8,37706,2,0,246,22099
1636059042,1962334034,443,64224,TCP,1521118750471321,1500,4,5,8,53546,2,0,60,29306
942637450,1074109367,443,45442,TCP,1521118750471322,1500,4,5,8,37707,2,0,246,22098
2211448036,3335622162,61456,27300,UDP,1521118750471324,86,4,5,0,8718,2,0,119,1009
942637450,1074109367,443,45442,TCP,1521118750471325,1500,4,5,8,37708,2,0,246,22097
3673961955,2346381373,20890,60337,UDP,1521118750471326,72,4,5,0,8553,2,0,250,53827
942637450,1074109367,443,45442,TCP,1521118750471326,1500,4,5,8,37709,2,0,246,22096
280758871,1074109365,80,60956,TCP,1521118750471327,1500,4,5,8,18242,2,0,60,64260
1636059042,1962334034,443,64224,TCP,1521118750471331,1500,4,5,8,53547,2,0,60,29305
942637450,1074109367,443,45442,TCP,1521118750471334,1500,4,5,8,37710,2,0,246,22095
942637450,1074109367,443,45442,TCP,1521118750471335,561,4,5,8,37711,2,0,246,23033
4187343136,3450125858,443,50378,TCP,1521118750471335,1452,4,5,0,19920,2,0,49,43006
280758871,1074109365,80,60956,TCP,1521118750471337,1500,4,5,8,18243,2,0,60,64259
3556624159,3347702618,64739,2627,UDP,1521118750471339,65,4,5,0,7624,2,0,119,40930
1234923768,3445811768,443,62864,TCP,1521118750471340,64,4,5,0,33048,2,0,57,20081
1636059042,1962334034,443,64224,TCP,1521118750471343,1500,4,5,8,53548,2,0,60,29304
2487475774,3338559146,53,32135,UDP,1521118750471345,122,4,5,0,39705,2,0,58,3375
280758871,1074109365,80,60956,TCP,1521118750471350,1500,4,5,8,18244,2,0,60,64258
3877058099,4030665138,80,60956,TCP,1521118750471354,1464,4,5,32,28404,2,0,248,61122
1636059042,1962334034,443,64224,TCP,1521118750471355,1500,4,5,8,53549,2,0,60,29303
280758871,1074109365,80,60956,TCP,1521118750471362,1500,4,5,8,18245,2,0,60,64257
1286694892,4109936437,443,27375,TCP,1521118750471363,110,4,5,0,8538,2,0,56,53348
938035621,3978971486,80,24900,TCP,1521118750471364,1500,4,5,0,7271,2,0,59,26014
938035621,3978971486,80,24900,TCP,1521118750471366,1500,4,5,0,7272,2,0,59,26013
2197914076,3617679701,8360,63015,TCP,1521118750471373,48,4,5,8,0,2,0,57,64491
280758871,1074109365,80,60956,TCP,1521118750471374,1500,4,5,8,18246,2,0,60,64256
517385484,3223199110,8080,49803,TCP,1521118750471376,1480,4,5,0,7885,2,0,59,29148
738863740,2340554220,443,27326,TCP,1521118750471380,1480,4,5,0,43102,2,0,237,63452
738863740,2340554220,443,27326,TCP,1521118750471382,1480,4,5,0,43103,2,0,237,63451
1636059042,1962334034,443,64224,TCP,1521118750471386,1500,4,5,8,53550,2,0,60,29302
280758871,1074109365,80,60956,TCP,1521118750471387,1500,4,5,8,18247,2,0,60,64255
280758871,1074109365,80,60956,TCP,1521118750471399,1500,4,5,8,18248,2,0,60,64254
1636059042,1962334034,443,64224,TCP,1521118750471400,1500,4,5,8,53551,2,0,60,29301
3542516066,4030665149,443,52920,UDP,1521118750471402,1378,4,5,0,0,2,0,58,58629
739718493,4095595609,443,26370,TCP,1521118750471403,52,4,5,0,37182,2,0,47,37018
2353185730,4225200978,443,31443,TCP,1521118750471405,52,4,5,0,31740,2,0,59,1177
280758871,1074109365,80,60956,TCP,1521118750471413,1500,4,5,8,18249,2,0,60,64253
4106699041,3347600936,109,36787,UDP,1521118750471415,1473,4,5,0,37716,2,0,56,22078
1234920282,3337734268,55516,443,TCP,1521118750471416,52,4,5,0,44725,2,0,57,22187
280758871,1074109365,80,60956,TCP,1521118750471425,1500,4,5,8,18250,2,0,60,64252
2260922634,3390970029,80,51540,TCP,1521118750471429,48,4,5,0,0,2,0,57,59183
280758871,1074109365,80,60956,TCP,1521118750471436,1500,4,5,8,18251,2,0,60,64251
3523515604,3617733503,55154,443,TCP,1521118750471445,52,4,5,0,5576,2,0,122,28929
280758871,1074109365,80,60956,TCP,1521118750471448,1500,4,5,8,18252,2,0,60,64250
3776263888,3348655255,51448,61502,UDP,1521118750471450,1223,4,5,0,16108,0,0,117,46628
460636572,1074109431,9482,51484,TCP,1521118750471456,97,4,5,0,18199,2,0,48,19059
280758871,1074109365,80,60956,TCP,1521118750471460,1500,4,5,8,18253,2,0,60,64249
2087007424,2270145426,443,22114,TCP,1521118750471467,1053,4,5,0,29279,2,0,118,43636
517385572,4093843478,80,50531,TCP,1521118750471469,1450,4,5,2,57224,2,0,59,33391
1741917864,3223149578,33513,26690,UDP,1521118750471470,44,4,5,0,55744,2,0,53,22877
517385572,4093843478,80,50531,TCP,1521118750471472,1450,4,5,2,57225,2,0,59,33390
3310683221,2317271739,53,34056,UDP,1521118750471473,1473,4,5,0,62399,0,0,59,28648
280758871,1074109365,80,60956,TCP,1521118750471475,1500,4,5,8,18254,2,0,60,64248
1636059042,1962334034,443,64224,TCP,1521118750471476,1500,4,5,8,53552,2,0,60,29300
2055939992,3608324866,443,57011,TCP,1521118750471478,377,4,5,0,3010,2,0,56,4485
3585654803,3446717638,443,58252,TCP,1521118750471484,64,4,5,0,6100,2,0,56,2785
3414141015,846935570,22,45468,TCP,1521118750471484,908,4,5,16,26053,2,0,52,307
280758871,1074109365,80,60956,TCP,1521118750471485,1500,4,5,8,18255,2,0,60,64247
1636059042,1962334034,443,64224,TCP,1521118750471486,1500,4,5,8,53553,2,0,60,29299
1272873842,1074109290,80,35620,TCP,1521118750471488,871,4,5,0,2701,2,0,58,34884
280758871,1074109365,80,60956,TCP,1521118750471498,1500,4,5,8,18256,2,0,60,64246
2055939992,3608324866,443,57011,TCP,1521118750471501,83,4,5,0,3011,2,0,56,4778
1054156251,1962334036,443,37497,TCP,1521118750471502,105,4,5,0,44486,2,0,237,11981
3318356324,3391070402,443,64610,TCP,1521118750471508,1500,4,5,0,11562,2,0,59,49889
1258992058,3607620812,56472,29806,UDP,1521118750471509,1293,4,5,0,7458,2,0,121,7973
3318356324,3391070402,443,64610,TCP,1521118750471510,1500,4,5,0,11563,2,0,59,49888
280758871,1074109365,80,60956,TCP,1521118750471512,1500,4,5,8,18257,2,0,60,64245
1258992058,3607620812,56472,29806,UDP,1521118750471515,310,4,5,0,7459,2,0,121,8955
280758871,1074109365,80,60956,TCP,1521118750471522,1500,4,5,8,18258,2,0,60,64244
3877058099,4030665138,80,60956,TCP,1521118750471532,1464,4,5,32,28405,2,0,248,61121
280758871,1074109365,80,60956,TCP,1521118750471534,1500,4,5,8,18259,2,0,60,64243
1480008577,3257478675,56591,8080,TCP,1521118750471536,653,4,5,2,29928,2,0,109,10892
621456621,4030689852,43010,80,TCP,1521118750471540,52,4,5,0,31423,2,0,45,40593
280758871,1074109365,80,60956,TCP,1521118750471546,1500,4,5,8,18260,2,0,60,64242
1235828074,3349796572,4877,4311,TCP,1521118750471547,1460,4,5,0,16829,2,0,54,55277
1226518379,3978971499,443,5036,TCP,1521118750471548,52,4,5,0,50469,2,0,241,5506
280758871,1074109365,80,60956,TCP,1521118750471559,1500,4,5,8,18261,2,0,60,64241
3877058099,4030665138,80,60956,TCP,1521118750471562,1464,4,5,32,28406,2,0,248,61120
1636059042,1962334034,443,64224,TCP,1521118750471564,1500,4,5,8,53554,2,0,60,29298
3294383313,1962334038,443,56087,TCP,1521118750471567,52,4,5,0,7302,2,0,58,50883
280758871,1074109365,80,60956,TCP,1521118750471570,1500,4,5,8,18262,2,0,60,64240
1673990812,3472952229,443,56151,TCP,1521118750471575,1480,4,5,0,31168,2,0,122,12390
1636059042,1962334034,443,64224,TCP,1521118750471577,1500,4,5,8,53555,2,0,60,29297
1791216486,3391002542,443,12876,TCP,1521118750471582,1500,4,5,0,13547,2,0,55,28986
280758871,1074109365,80,60956,TCP,1521118750471583,1500,4,5,8,18263,2,0,60,64239
751214477,3890314074,53,14830,UDP,1521118750471585,152,4,5,0,62956,2,0,50,8921
1791216486,3391002542,443,12876,TCP,1521118750471594,1500,4,5,0,13548,2,0,55,28985
1235828074,3349796572,4877,4311,TCP,1521118750471596,1460,4,5,0,16830,2,0,54,55276
280758871,1074109365,80,60956,TCP,1521118750471597,1500,4,5,8,18264,2,0,60,64238
1673990812,3472952229,443,56151,TCP,1521118750471601,1480,4,5,0,31169,2,0,122,12389
1054369973,846840993,443,26855,TCP,1521118750471603,52,4,5,0,37443,2,0,46,7129
280758871,1074109365,80,60956,TCP,1521118750471610,1500,4,5,8,18265,2,0,60,64237
1673990812,3472952229,443,56151,TCP,1521118750471621,1480,4,5,0,31171,2,0,122,12387
280758871,1074109365,80,60956,TCP,1521118750471622,1500,4,5,8,18266,2,0,60,64236
799551737,3448447786,443,51492,TCP,1521118750471629,52,4,5,0,33990,2,0,241,45990
1074069377,3890314056,53,52179,UDP,1521118750471629,126,4,5,0,55228,0,0,60,1027
741464060,3571692339,80,57827,TCP,1521118750471631,52,4,5,0,3828,2,0,237,62090
280758871,1074109365,80,60956,TCP,1521118750471633,1500,4,5,8,18267,2,0,60,64235
2005170349,3257630601,443,2628,TCP,1521118750471636,52,4,5,0,5880,2,0,244,15845
3978970917,3978971498,46682,80,TCP,1521118750471637,60,4,5,0,21566,2,0,60,32665
1636059042,1962334034,443,64224,TCP,1521118750471639,1500,4,5,8,53556,2,0,60,29296
1636059042,1962334034,443,64224,TCP,1521118750471642,490,4,5,8,53557,2,0,60,30305
1172792288,3257294572,27710,443,TCP,1521118750471642,64,4,5,0,0,2,0,44,33758
280758871,1074109365,80,60956,TCP,1521118750471645,1500,4,5,8,18268,2,0,60,64234
461936890,3390991460,3724,62494,TCP,1521118750471646,98,4,5,0,12323,2,0,54,10606
1264309518,3978971487,53112,80,TCP,1521118750471647,52,4,5,0,60199,2,0,61,64424
3591512861,843176094,57430,445,TCP,1521118750471651,40,4,5,0,26623,2,0,115,39873
3306889443,3453165133,80,1657,TCP,1521118750471654,1400,4,5,0,864,2,0,61,25345
3306889443,3453165133,80,1657,TCP,1521118750471657,1400,4,5,0,865,2,0,61,25344
280758871,1074109365,80,60956,TCP,1521118750471658,1500,4,5,8,18269,2,0,60,64233
1884400776,3242278034,80,51015,TCP,1521118750471659,40,4,5,0,51592,2,0,57,23962
1264309518,3978971487,53112,80,TCP,1521118750471663,93,4,5,0,60200,2,0,61,64382
49752211,3455831477,34678,54725,TCP,1521118750471666,1452,4,5,0,31920,2,0,120,47456
33719528,2318944489,443,53594,TCP,1521118750471667,125,4,5,0,47633,2,0,247,28509
280758871,1074109365,80,60956,TCP,1521118750471671,1500,4,5,8,18270,2,0,60,64232
3591512861,843176094,57430,445,TCP,1521118750471677,180,4,5,0,26624,2,0,115,39732
3591512861,843176094,57430,445,TCP,1521118750471677,218,4,5,0,26625,2,0,115,39693
280758871,1074109365,80,60956,TCP,1521118750471681,1500,4,5,8,18271,2,0,60,64231
2213222157,3617826595,80,26561,TCP,1521118750471684,52,4,5,0,0,2,0,58,9989
738389268,3978971498,443,59754,TCP,1521118750471686,52,4,5,0,23342,2,0,240,57321
280758871,1074109365,80,60956,TCP,1521118750471696,1500,4,5,8,18272,2,0,60,64230
2353185730,4225200978,443,31443,TCP,1521118750471699,1500,4,5,2,31741,2,0,59,65261
2353185730,4225200978,443,31443,TCP,1521118750471701,1500,4,5,2,31742,2,0,59,65260
3306120868,3484683487,80,58782,TCP,1521118750471702,1480,4,5,0,36932,2,0,53,42916
2353185730,4225200978,443,31443,TCP,1521118750471703,1252,4,5,2,31743,2,0,59,65507
280758871,1074109365,80,60956,TCP,1521118750471708,1500,4,5,8,18273,2,0,60,64229
2353181900,1962334020,9482,62346,TCP,1521118750471712,52,4,5,0,25300,2,0,61,19878
1264309528,3978971485,443,23390,TCP,1521118750471713,1500,4,5,32,65016,2,0,61,58119
1264309528,3978971485,443,23390,TCP,1521118750471714,1500,4,5,32,65017,2,0,61,58118
1275008069,1074109416,443,64951,TCP,1521118750471715,52,4,5,0,2106,2,0,56,65112
2609691320,1962334162,443,64951,TCP,1521118750471715,84,4,5,0,0,2,0,44,43931
3741785781,3978971498,443,3898,TCP,1521118750471716,52,4,5,0,32025,2,0,248,53592
2117365713,3222709346,80,26558,TCP,1521118750471717,1480,4,5,0,2539,2,0,59,56774
280758871,1074109365,80,60956,TCP,1521118750471718,1500,4,5,8,18274,2,0,60,64228
269092377,4107547168,80,11010,TCP,1521118750471719,556,4,5,0,26732,2,0,56,39752
3672241883,1962334036,443,46825,TCP,1521118750471721,52,4,5,0,51882,2,0,60,22033
274892327,3569582285,25565,2858,TCP,1521118750471722,47,4,5,0,50782,2,0,58,36432
3766937918,3608304950,443,37722,TCP,1521118750471723,1500,4,5,40,22274,2,0,61,58083
3672241883,1962334036,443,46825,TCP,1521118750471724,52,4,5,0,51883,2,0,60,22032
3766937918,3608304950,443,37722,TCP,1521118750471724,1500,4,5,40,22275,2,0,61,58082
3306120868,3484683487,80,58782,TCP,1521118750471726,1480,4,5,0,36933,2,0,53,42915
3672241883,1962334036,443,46825,TCP,1521118750471730,52,4,5,0,51884,2,0,60,22031
280758871,1074109365,80,60956,TCP,1521118750471731,1500,4,5,8,18275,2,0,60,64227
793837735,3978971485,443,37346,TCP,1521118750471740,1500,4,5,0,63461,2,0,240,9910
793837735,3978971485,443,37346,TCP,1521118750471741,263,4,5,0,63462,2,0,240,11146
280758871,1074109365,80,60956,TCP,1521118750471743,1500,4,5,8,18276,2,0,60,64226
1054278355,855485017,443,46821,TCP,1521118750471747,52,4,5,0,16353,2,0,236,12258
1091848974,4223574941,80,53770,TCP,1521118750471749,666,4,5,0,62886,2,0,53,8761
1091848974,4223574941,80,53770,TCP,1521118750471750,40,4,5,0,62887,2,0,53,9386
132803794,3242272814,80,33098,TCP,1521118750471754,1420,4,5,8,1218,2,0,59,55158
280758871,1074109365,80,60956,TCP,1521118750471755,1500,4,5,8,18277,2,0,60,64225
132803794,3242272814,80,33098,TCP,1521118750471757,1420,4,5,8,1219,2,0,59,55157
2381070234,3890314062,53,6452,UDP,1521118750471760,228,4,5,8,0,2,0,55,4683
1613523865,3223180533,32777,27566,UDP,1521118750471764,317,4,5,0,13198,0,0,119,44617
1235721153,4225200978,443,43521,TCP,1521118750471767,1500,4,5,0,34242,2,0,58,24775
1235721153,4225200978,443,43521,TCP,1521118750471768,1500,4,5,0,34243,2,0,58,24774
280758871,1074109365,80,60956,TCP,1521118750471770,1500,4,5,8,18278,2,0,60,64224
1258992058,3607620812,56472,29806,UDP,1521118750471771,1356,4,5,0,7460,2,0,121,7908
1235721153,4225200978,443,43521,TCP,1521118750471772,1500,4,5,0,34244,2,0,58,24773
1355782037,4223574900,22568,1085,UDP,1521118750471773,88,4,5,0,6422,0,0,116,42471
744366437,1962334035,443,49360,TCP,1521118750471773,516,4,5,0,23987,2,0,237,37939
942637450,1074109367,443,45442,TCP,1521118750471774,1500,4,5,8,37862,2,0,246,21943
795639691,3978971495,443,37814,TCP,1521118750471775,52,4,5,0,30349,2,0,240,11949
1235721153,4225200978,443,43521,TCP,1521118750471775,1500,4,5,0,34245,2,0,58,24772
1235721153,4225200978,443,43521,TCP,1521118750471776,1500,4,5,0,34246,2,0,58,24771
942637450,1074109367,443,45442,TCP,1521118750471778,1500,4,5,8,37863,2,0,246,21942
1235721153,4225200978,443,43521,TCP,1521118750471779,1500,4,5,0,34247,2,0,58,24770
1235721153,4225200978,443,43521,TCP,1521118750471781,1500,4,5,0,34248,2,0,58,24769
1235721153,4225200978,443,43521,TCP,1521118750471782,1500,4,5,0,34249,2,0,58,24768
744366437,1962334035,443,49360,TCP,1521118750471783,86,4,5,0,23988,2,0,237,38368
1235721153,4225200978,443,43521,TCP,1521118750471783,1500,4,5,0,34250,2,0,58,24767
1235721153,4225200978,443,43521,TCP,1521118750471785,1500,4,5,0,34251,2,0,58,24766
1235721153,4225200978,443,43521,TCP,1521118750471786,1500,4,5,0,34252,2,0,58,24765
280758871,1074109365,80,60956,TCP,1521118750471787,1500,4,5,8,18279,2,0,60,64223
1235721153,4225200978,443,43521,TCP,1521118750471788,1500,4,5,0,34253,2,0,58,24764
1235721153,4225200978,443,43521,TCP,1521118750471790,1500,4,5,0,34254,2,0,58,24763
942637450,1074109367,443,45442,TCP,1521118750471791,1500,4,5,8,37864,2,0,246,21941
1235721153,4225200978,443,43521,TCP,1521118750471792,1500,4,5,0,34255,2,0,58,24762
2280564170,3484684035,1935,49910,TCP,1521118750471794,1474,4,5,0,8346,2,0,54,4652
1235721153,4225200978,443,43521,TCP,1521118750471795,1500,4,5,0,34256,2,0,58,24761
1235721153,4225200978,443,43521,TCP,1521118750471797,1500,4,5,0,34257,2,0,58,24760
1235721153,4225200978,443,43521,TCP,1521118750471798,1500,4,5,0,34258,2,0,58,24759
942637450,1074109367,443,45442,TCP,1521118750471799,1500,4,5,8,37865,2,0,246,21940
942637450,1074109367,443,45442,TCP,1521118750471800,1500,4,5,8,37866,2,0,246,21939
1235721153,4225200978,443,43521,TCP,1521118750471802,1500,4,5,0,34259,2,0,58,24758
942637450,1074109367,443,45442,TCP,1521118750471803,1500,4,5,8,37867,2,0,246,21938
1235721153,4225200978,443,43521,TCP,1521118750471804,1500,4,5,0,34260,2,0,58,24757
2005170346,3223149794,443,55169,TCP,1521118750471806,1436,4,5,0,27312,2,0,247,1661
280758871,1074109365,80,60956,TCP,1521118750471807,1500,4,5,8,18280,2,0,60,64222
942637450,1074109367,443,45442,TCP,1521118750471809,1500,4,5,8,37868,2,0,246,21937
1235721153,4225200978,443,43521,TCP,1521118750471810,1500,4,5,0,34261,2,0,58,24756
942637450,1074109367,443,45442,TCP,1521118750471811,1500,4,5,8,37869,2,0,246,21936
1170505466,3454818632,80,49682,TCP,1521118750471812,40,4,5,0,37622,2,0,49,51942
942637450,1074109367,443,45442,TCP,1521118750471812,1500,4,5,8,37870,2,0,246,21935
942637450,1074109367,443,45442,TCP,1521118750471814,1500,4,5,8,37871,2,0,246,21934
942637450,1074109367,443,45442,TCP,1521118750471815,1500,4,5,8,37872,2,0,246,21933
942637450,1074109367,443,45442,TCP,1521118750471816,561,4,5,8,37873,2,0,246,22871
280758871,1074109365,80,60956,TCP,1521118750471817,1500,4,5,8,18281,2,0,60,64221
1888671443,4244118338,55529,44600,UDP,1521118750471818,1438,4,5,0,14212,0,0,118,43050
1673990812,3472952229,443,56151,TCP,1521118750471819,1480,4,5,0,31172,2,0,122,12386
1802261656,3484693806,27032,26544,UDP,1521118750471821,48,4,5,0,8211,0,0,114,25539
280758871,1074109365,80,60956,TCP,1521118750471821,1500,4,5,8,18282,2,0,60,64220
269242584,3978971494,443,5624,TCP,1521118750471823,1301,4,5,0,53305,2,0,58,54324
795639691,3978971495,443,37814,TCP,1521118750471824,52,4,5,0,30350,2,0,240,11948
1821906474,3455648090,21469,64110,UDP,1521118750471825,48,4,5,0,24328,0,0,120,37279
752730998,3618636787,443,27382,TCP,1521118750471829,40,4,5,0,42188,2,0,231,8972
738370014,3978971486,443,10660,TCP,1521118750471829,52,4,5,0,21220,2,0,240,13174
280758871,1074109365,80,60956,TCP,1521118750471830,1500,4,5,8,18283,2,0,60,64219
2353181900,1962334020,9482,62346,TCP,1521118750471833,52,4,5,0,25301,2,0,61,19877
3885270467,4095563436,443,51738,TCP,1521118750471833,48,4,5,0,0,2,0,54,36006
3470670620,1235573152,62088,445,TCP,1521118750471838,52,4,5,0,13972,2,0,116,8944
738249156,3978971488,443,20240,TCP,1521118750471841,52,4,5,0,38002,2,0,232,53761
280758871,1074109365,80,60956,TCP,1521118750471842,1500,4,5,8,18284,2,0,60,64218
274892444,3608323035,25565,3426,TCP,1521118750471846,59,4,5,0,60800,2,0,58,16720
800783747,3347702009,443,46485,TCP,1521118750471848,64,4,5,0,14453,2,0,237,32641
280758871,1074109365,80,60956,TCP,1521118750471853,1500,4,5,8,18285,2,0,60,64217
791703317,3347703686,9339,54786,TCP,1521118750471855,52,4,5,0,24732,2,0,46,40658
1067626283,4041960866,80,37579,TCP,1521118750471856,52,4,5,0,37858,2,0,238,43909
1876989196,3399953926,443,37500,TCP,1521118750471863,1452,4,5,0,51846,2,0,57,29739
1853594975,3338559042,25307,63115,TCP,1521118750471865,40,4,5,0,6805,2,0,119,47135
3584888496,3455831437,5222,58868,TCP,1521118750471865,52,4,5,0,37561,2,0,54,12836
1876989196,3399953926,443,37500,TCP,1521118750471865,1452,4,5,0,51847,2,0,57,29738
280758871,1074109365,80,60956,TCP,1521118750471866,1500,4,5,8,18286,2,0,60,64216
3527239387,3455830190,443,49585,TCP,1521118750471868,1452,4,5,0,60836,0,0,59,48356
752730998,3618636787,443,27382,TCP,1521118750471869,71,4,5,0,42189,2,0,231,8940
2581081802,3455831494,11111,57237,UDP,1521118750471869,1455,4,5,0,27427,0,0,118,28598
228504387,3618747205,443,41750,TCP,1521118750471870,178,4,5,0,6959,2,0,241,8766
742318877,3618763302,80,26948,TCP,1521118750471871,52,4,5,0,60145,2,0,237,51613
1067495545,4102003830,80,57165,TCP,1521118750471873,52,4,5,0,57058,2,0,237,11729
280758871,1074109365,80,60956,TCP,1521118750471879,1500,4,5,8,18287,2,0,60,64215
228504387,3618747205,443,41750,TCP,1521118750471883,90,4,5,0,6960,2,0,241,8853
517385465,3347702545,80,25861,TCP,1521118750471886,1452,4,5,0,41411,2,0,59,8734
1054278355,4041960793,443,34397,TCP,1521118750471888,72,4,5,0,20540,2,0,237,40324
280758871,1074109365,80,60956,TCP,1521118750471890,1500,4,5,8,18288,2,0,60,64214
1226543713,3978971493,443,16502,TCP,1521118750471895,535,4,5,0,28395,2,0,240,2025
1250980814,3334526798,13968,23093,UDP,1521118750471900,48,4,5,20,30846,0,0,118,28605
280758871,1074109365,80,60956,TCP,1521118750471903,1500,4,5,8,18289,2,0,60,64213
517385465,3347702545,80,25861,TCP,1521118750471907,1452,4,5,0,41412,2,0,59,8733
280758871,1074109365,80,60956,TCP,1521118750471915,1500,4,5,8,18290,2,0,60,64212
269286578,3614102158,8198,49340,TCP,1521118750471917,1400,4,5,0,21896,2,0,54,13120
359686491,3347702634,443,10183,TCP,1521118750471921,60,4,5,0,9424,2,0,241,17196
2087007429,2270145478,443,59917,TCP,1521118750471924,303,4,5,0,26846,2,0,118,46762
269242597,3978971489,443,2262,TCP,1521118750471926,60,4,5,0,0,2,0,58,43327
280758871,1074109365,80,60956,TCP,1521118750471927,1500,4,5,8,18291,2,0,60,64211
752730998,3618636787,443,27382,TCP,1521118750471930,40,4,5,0,42190,2,0,231,8970
2005170349,3257630601,443,2628,TCP,1521118750471935,1372,4,5,0,5897,2,0,244,14508
4187342582,3233153680,80,23175,TCP,1521118750471938,52,4,5,0,19112,2,0,109,16201
280758871,1074109365,80,60956,TCP,1521118750471940,1500,4,5,8,18292,2,0,60,64210
1053942572,3350331325,443,26428,TCP,1521118750471941,40,4,5,0,5417,2,0,237,36665
2005170349,3257630601,443,2628,TCP,1521118750471944,1329,4,5,0,5898,2,0,244,14550
269242602,3978971491,80,49050,TCP,1521118750471949,1480,4,5,0,32283,2,0,58,9617
3585093750,3448447922,443,43084,TCP,1521118750471950,52,4,5,0,14968,2,0,54,4840
269242602,3978971491,80,49050,TCP,1521118750471950,1160,4,5,0,32284,2,0,58,9936
269242602,3978971491,80,49050,TCP,1521118750471952,72,4,5,0,32285,2,0,58,11023
255853351,3569688772,51846,55614,TCP,1521118750471953,40,4,5,0,4618,2,0,119,59861
280758871,1074109365,80,60956,TCP,1521118750471954,1500,4,5,8,18293,2,0,60,64209
744158558,3352310600,80,58333,TCP,1521118750471955,40,4,5,0,4009,2,0,239,24405
1190350650,3390572253,80,23811,TCP,1521118750471956,1064,4,5,0,48695,2,0,53,7286
1190350650,3390572253,80,23811,TCP,1521118750471957,579,4,5,0,48696,2,0,53,7770
280758871,1074109365,80,60956,TCP,1521118750471964,1500,4,5,8,18294,2,0,60,64208
800869628,3569497240,80,49504,TCP,1521118750471966,900,4,5,8,51746,2,0,237,14902
2353181900,1962334020,9482,62346,TCP,1521118750471970,52,4,5,0,25302,2,0,61,19876
3420731111,4244117880,43939,123,UDP,1521118750471974,36,4,5,0,15990,0,0,245,28182
800869628,3569497240,80,49504,TCP,1521118750471974,57,4,5,8,51747,2,0,237,15744
796655546,3607982301,9339,25711,TCP,1521118750471976,1480,4,5,0,21392,2,0,46,31871
280758871,1074109365,80,60956,TCP,1521118750471978,1500,4,5,8,18295,2,0,60,64207
796655546,3607982301,9339,25711,TCP,1521118750471979,1480,4,5,0,21393,2,0,46,31870
269242602,3978971491,80,49050,TCP,1521118750471981,1480,4,5,0,32286,2,0,58,9614
269242602,3978971491,80,49050,TCP,1521118750471982,960,4,5,0,32287,2,0,58,10133
2353181900,1962334020,9482,62346,TCP,1521118750471988,52,4,5,0,25303,2,0,61,19875
280758871,1074109365,80,60956,TCP,1521118750471990,1500,4,5,8,18296,2,0,60,64206
280758871,1074109365,80,60956,TCP,1521118750472001,1500,4,5,8,18297,2,0,60,64205
1053510898,3617813330,12000,3410,TCP,1521118750472011,52,4,5,0,33035,2,0,49,61957
280758871,1074109365,80,60956,TCP,1521118750472014,1500,4,5,8,18298,2,0,60,64204
3223949995,2332752498,50527,443,TCP,1521118750472016,40,4,5,0,8570,2,0,115,3588
2258940746,3978971494,2515,23852,TCP,1521118750472018,52,4,5,0,47339,2,0,58,5977
3527239300,4030665106,443,58518,TCP,1521118750472022,1440,4,5,0,41480,0,0,58,40636
2360209648,3337833862,443,57704,TCP,1521118750472025,40,4,5,0,880,2,0,58,43848
280758871,1074109365,80,60956,TCP,1521118750472027,1500,4,5,8,18299,2,0,60,64203
740684364,3338519290,80,34596,TCP,1521118750472028,1500,4,5,0,24418,2,0,240,32079
1699834451,3451144556,80,53937,TCP,1521118750472029,1372,4,5,0,15301,2,0,57,6674
1699834451,3451144556,80,53937,TCP,1521118750472031,1372,4,5,0,15302,2,0,57,6673
742151924,4217671506,443,43732,TCP,1521118750472037,64,4,5,0,22436,2,0,237,10284
280758871,1074109365,80,60956,TCP,1521118750472038,1500,4,5,8,18300,2,0,60,64202
360218189,2343840181,443,63778,TCP,1521118750472046,40,4,5,0,45186,2,0,241,36894
1066608581,3978971484,80,10880,TCP,1521118750472046,40,4,5,0,40195,2,0,243,19693
740684364,3338519290,80,34596,TCP,1521118750472046,1500,4,5,0,24419,2,0,240,32078
280758871,1074109365,80,60956,TCP,1521118750472051,1500,4,5,8,18301,2,0,60,64201
3766890141,3453678741,443,51477,TCP,1521118750472052,1412,4,5,8,8586,2,0,59,18254
2279000371,3390574635,443,45470,TCP,1521118750472057,1140,4,5,0,60698,2,0,59,8988
2279000371,3390574635,443,45470,TCP,1521118750472058,1140,4,5,0,60699,2,0,59,8987
740012927,3978971487,443,27048,TCP,1521118750472059,1500,4,5,0,39183,2,0,240,54759
739876646,3453615988,443,51663,TCP,1521118750472060,71,4,5,0,11631,2,0,240,50355
740012927,3978971487,443,27048,TCP,1521118750472063,1500,4,5,0,39184,2,0,240,54758
280758871,1074109365,80,60956,TCP,1521118750472064,1500,4,5,8,18302,2,0,60,64200
739876646,3453615988,443,51663,TCP,1521118750472065,40,4,5,0,11632,2,0,240,50385
3992031758,3337740662,443,51466,TCP,1521118750472066,1450,4,5,0,41832,2,0,88,20861
3992031758,3337740662,443,51466,TCP,1521118750472067,1450,4,5,0,41833,2,0,88,20860
1003745002,3353371325,443,40480,TCP,1521118750472068,1500,4,5,0,55119,0,0,53,21361
280758871,1074109365,80,60956,TCP,1521118750472075,1500,4,5,8,18303,2,0,60,64199
4114359097,3391033508,29598,50477,UDP,1521118750472077,48,4,5,0,20441,0,0,114,1451
740684364,3338519290,80,34596,TCP,1521118750472079,1500,4,5,0,24420,2,0,240,32077
718026144,3443987929,6008,11682,UDP,1521118750472080,97,4,5,9,8705,2,0,54,57077
278984898,4041149617,64327,60985,UDP,1521118750472083,44,4,5,0,25510,2,0,119,39207
280758871,1074109365,80,60956,TCP,1521118750472088,1500,4,5,8,18304,2,0,60,64198
792054776,3268407343,20100,41896,TCP,1521118750472095,103,4,5,0,5303,2,0,113,18093
3672201754,1962334038,80,47531,TCP,1521118750472097,1155,4,5,0,5283,2,0,61,41865
744459430,2321225338,443,30138,TCP,1521118750472098,72,4,5,0,34176,2,0,237,44628
2462487749,3569582285,59760,61016,UDP,1521118750472100,143,4,5,0,3688,0,0,118,47321
280758871,1074109365,80,60956,TCP,1521118750472101,1500,4,5,8,18305,2,0,60,64197
2353181900,1962334020,9482,62346,TCP,1521118750472102,52,4,5,0,25304,2,0,61,19874
1743798491,2270145487,443,53677,TCP,1521118750472104,473,4,5,0,1157,2,0,116,9392
3672201754,1962334038,80,47531,TCP,1521118750472105,95,4,5,0,5284,2,0,61,42924
740684364,3338519290,80,34596,TCP,1521118750472107,1500,4,5,0,24421,2,0,240,32076
3403274093,3259945409,57275,2999,TCP,1521118750472108,40,4,5,0,43679,0,0,248,57816
2364717772,3484911095,443,54794,TCP,1521118750472110,602,4,5,0,38214,0,0,57,19690
3673961955,2346381373,20890,60337,UDP,1521118750472111,72,4,5,0,8554,2,0,250,53826
2364717772,3484911095,443,54794,TCP,1521118750472112,455,4,5,0,38215,0,0,57,19836
280758871,1074109365,80,60956,TCP,1521118750472115,1500,4,5,8,18306,2,0,60,64196
1003745002,3353371325,443,40480,TCP,1521118750472116,1500,4,5,0,55120,0,0,53,21360
744358254,4041960738,443,39691,TCP,1521118750472117,1450,4,5,0,16532,2,0,237,48095
504317775,3472993356,443,59492,TCP,1521118750472119,1450,4,5,0,45345,2,0,91,34944
504317775,3472993356,443,59492,TCP,1521118750472120,1450,4,5,0,45346,2,0,91,34943
2285206418,3455008402,80,33473,TCP,1521118750472121,52,4,5,0,11758,2,0,55,1421
280758871,1074109365,80,60956,TCP,1521118750472125,1500,4,5,8,18307,2,0,60,64195
1053347566,4217688611,2050,50850,TCP,1521118750472127,40,4,5,0,11190,2,0,49,17115
942637450,1074109367,443,45442,TCP,1521118750472134,1500,4,5,8,38035,2,0,246,21770
942637450,1074109367,443,45442,TCP,1521118750472135,1500,4,5,8,38036,2,0,246,21769
942637450,1074109367,443,45442,TCP,1521118750472136,1500,4,5,8,38037,2,0,246,21768
280758871,1074109365,80,60956,TCP,1521118750472138,1500,4,5,8,18308,2,0,60,64194
942637450,1074109367,443,45442,TCP,1521118750472139,1500,4,5,8,38038,2,0,246,21767
1262717388,3472905749,119,26497,UDP,1521118750472140,1427,4,5,0,53205,2,0,59,28767
938035624,3978971494,80,40504,TCP,1521118750472142,1500,4,5,0,58010,2,0,59,40799
938035624,3978971494,80,40504,TCP,1521118750472143,1500,4,5,0,58011,2,0,59,40798
942637450,1074109367,443,45442,TCP,1521118750472144,1500,4,5,8,38039,2,0,246,21766
938035624,3978971494,80,40504,TCP,1521118750472146,1500,4,5,0,58012,2,0,59,40797
280166527,1074109387,443,50911,TCP,1521118750472147,52,4,5,0,27438,2,0,58,59539
278984898,4041149617,64327,60985,UDP,1521118750472147,1151,4,5,0,25511,2,0,119,38099
4106714314,3350330209,1253,52209,TCP,1521118750472148,1428,4,5,0,4744,2,0,58,62518
4106714314,3350330209,1253,52209,TCP,1521118750472149,1428,4,5,0,4745,2,0,58,62517
278984898,4041149617,64327,60985,UDP,1521118750472150,534,4,5,0,25512,2,0,119,38715
942637450,1074109367,443,45442,TCP,1521118750472151,1500,4,5,8,38040,2,0,246,21765
942637450,1074109367,443,45442,TCP,1521118750472152,1500,4,5,8,38041,2,0,246,21764
942637450,1074109367,443,45442,TCP,1521118750472153,1500,4,5,8,38042,2,0,246,21763
280758871,1074109365,80,60956,TCP,1521118750472155,1500,4,5,8,18309,2,0,60,64193
942637450,1074109367,443,45442,TCP,1521118750472157,1500,4,5,8,38043,2,0,246,21762
942637450,1074109367,443,45442,TCP,1521118750472158,1500,4,5,8,38044,2,0,246,21761
942637450,1074109367,443,45442,TCP,1521118750472159,1500,4,5,8,38045,2,0,246,21760
942637450,1074109367,443,45442,TCP,1521118750472160,561,4,5,8,38046,2,0,246,22698
280758871,1074109365,80,60956,TCP,1521118750472161,1500,4,5,8,18310,2,0,60,64192
2279000368,3455008409,443,52248,TCP,1521118750472167,1404,4,5,0,27926,2,0,59,28630
2279000368,3455008409,443,52248,TCP,1521118750472168,1404,4,5,0,27927,2,0,59,28629
3310683221,2317271739,53,34056,UDP,1521118750472174,1473,4,5,0,62400,0,0,59,28647
280758871,1074109365,80,60956,TCP,1521118750472175,1500,4,5,8,18311,2,0,60,64191
1442251532,4109904406,80,63862,TCP,1521118750472176,1480,4,5,0,0,2,0,56,50462
3885270173,3257646882,443,61009,TCP,1521118750472177,1500,4,5,0,57923,2,0,54,28504
3885270173,3257646882,443,61009,TCP,1521118750472179,140,4,5,0,57924,2,0,54,29863
1056423580,3338137179,49576,50384,TCP,1521118750472181,47,4,5,0,40481,2,0,240,14784
280758871,1074109365,80,60956,TCP,1521118750472186,1500,4,5,8,18312,2,0,60,64190
280758871,1074109365,80,60956,TCP,1521118750472198,1500,4,5,8,18313,2,0,60,64189
3527405613,3455831494,80,50599,TCP,1521118750472200,1452,4,5,0,7496,2,0,120,33236
718027811,3336876433,6008,26648,UDP,1521118750472202,52,4,5,9,42594,2,0,53,49128
3877058099,4030665138,6008,26648,UDP,1521118750472208,312,4,5,32,28407,2,0,248,62271
3527405613,3455831494,80,50599,TCP,1521118750472209,1452,4,5,0,7497,2,0,120,33235
280758871,1074109365,80,60956,TCP,1521118750472211,1500,4,5,8,18314,2,0,60,64188
3801788594,3454820213,443,48675,TCP,1521118750472214,1280,4,5,0,52763,2,0,55,45101
1355977744,3390875008,1024,43600,UDP,1521118750472215,48,4,5,0,5806,0,0,116,56207
3885270173,3257646882,443,61009,TCP,1521118750472215,78,4,5,0,57925,2,0,54,29924
3801788594,3454820213,443,48675,TCP,1521118750472215,1280,4,5,0,52764,2,0,55,45100
3527405613,3455831494,80,50599,TCP,1521118750472220,1452,4,5,0,7498,2,0,120,33234
280758871,1074109365,80,60956,TCP,1521118750472223,1500,4,5,8,18315,2,0,60,64187
4193073753,2336071820,80,60956,TCP,1521118750472224,632,4,5,0,31772,0,0,58,41511
3527405613,3455831494,80,50599,TCP,1521118750472231,1452,4,5,0,7499,2,0,120,33233
280758871,1074109365,80,60956,TCP,1521118750472235,1500,4,5,8,18316,2,0,60,64186
3527405613,3455831494,80,50599,TCP,1521118750472243,1452,4,5,0,7500,2,0,120,33232
280758871,1074109365,80,60956,TCP,1521118750472248,1500,4,5,8,18317,2,0,60,64185
3572223249,3617813330,80,44406,TCP,1521118750472251,40,4,5,16,2608,2,0,57,19101
3527405613,3455831494,80,50599,TCP,1521118750472255,1452,4,5,0,7501,2,0,120,33231
1233677774,3451157097,49965,59572,UDP,1521118750472259,1278,4,5,0,22720,2,0,118,42938
280758871,1074109365,80,60956,TCP,1521118750472260,1500,4,5,8,18318,2,0,60,64184
1233677774,3451157097,49965,59572,UDP,1521118750472266,1354,4,5,0,22721,2,0,118,42861
504319494,2324810533,49965,59572,UDP,1521118750472268,60,4,5,0,48695,2,0,51,51133
359686491,3347702634,443,10183,TCP,1521118750472268,125,4,5,0,9427,2,0,241,17128
3672239237,1962334039,443,64311,TCP,1521118750472270,52,4,5,0,18683,2,0,61,57619
3527405613,3455831494,80,50599,TCP,1521118750472272,1452,4,5,0,7503,2,0,120,33229
280758871,1074109365,80,60956,TCP,1521118750472273,1500,4,5,8,18319,2,0,60,64183
790367182,3978971484,80,27122,TCP,1521118750472282,57,4,5,0,10527,2,0,239,61742
3527405613,3455831494,80,50599,TCP,1521118750472284,1452,4,5,0,7504,2,0,120,33228
280758871,1074109365,80,60956,TCP,1521118750472285,1500,4,5,8,18320,2,0,60,64182
796346927,1962334027,443,54509,TCP,1521118750472287,52,4,5,0,39465,2,0,237,11698
359928294,3473429989,443,51657,TCP,1521118750472287,40,4,5,0,53565,2,0,242,27466
1235593011,3347766206,7171,52872,TCP,1521118750472288,118,4,5,0,2076,2,0,59,41796
3877058099,4030665138,7171,52872,TCP,1521118750472290,760,4,5,32,28443,0,0,248,12636
280758871,1074109365,80,60956,TCP,1521118750472296,1500,4,5,8,18321,2,0,60,64181
3527405613,3455831494,80,50599,TCP,1521118750472298,1452,4,5,0,7505,2,0,120,33227
1056296069,3978971495,443,59018,TCP,1521118750472303,60,4,5,0,0,2,0,232,20655
280758871,1074109365,80,60956,TCP,1521118750472310,1500,4,5,8,18322,2,0,60,64180
3527405613,3455831494,80,50599,TCP,1521118750472311,1452,4,5,0,7506,2,0,120,33226
3527255911,4030665106,443,37352,UDP,1521118750472313,1378,4,5,0,0,2,0,58,49172
1783879933,3451180811,30651,52202,TCP,1521118750472316,1480,4,5,0,26347,2,0,120,44595
2141754651,3390613202,7079,17259,TCP,1521118750472318,1140,4,5,0,16067,2,0,58,30738
1445460635,3455649345,57257,37203,UDP,1521118750472320,48,4,5,40,34109,0,0,53,56154
280758871,1074109365,80,60956,TCP,1521118750472321,1500,4,5,8,18323,2,0,60,64179
3269379257,3390997236,16762,12817,UDP,1521118750472323,48,4,5,0,10417,0,0,55,34401
3523515604,3617733492,49419,443,TCP,1521118750472327,52,4,5,0,31306,2,0,122,3210
2141754651,3390613202,7079,17259,TCP,1521118750472330,1140,4,5,0,16068,2,0,58,30737
280758871,1074109365,80,60956,TCP,1521118750472330,1180,4,5,8,18324,2,0,60,64498
2466191692,3447622240,60315,50337,UDP,1521118750472332,48,4,5,0,21489,0,0,116,61089
1783879933,3451180811,30651,52202,TCP,1521118750472338,1480,4,5,0,26348,2,0,120,44594
2198041731,3223149794,443,2148,TCP,1521118750472341,1436,4,5,0,61757,2,0,56,14232
2171311930,4095674680,25461,48910,TCP,1521118750472342,1492,4,5,0,2597,2,0,61,6146
739849429,3978971486,443,33886,TCP,1521118750472343,52,4,5,0,55995,2,0,240,6289
2171311930,4095674680,25461,48910,TCP,1521118750472344,1492,4,5,0,2598,2,0,61,6145
280758871,1074109365,80,60956,TCP,1521118750472345,1500,4,5,8,18325,2,0,60,64177
2171311930,4095674680,25461,48910,TCP,1521118750472347,1492,4,5,0,2599,2,0,61,6144
2171311930,4095674680,25461,48910,TCP,1521118750472349,1492,4,5,0,2600,2,0,61,6143
740010714,3484901191,443,3562,TCP,1521118750472351,40,4,5,0,60872,2,0,240,38674
2141754651,3390613202,7079,17259,TCP,1521118750472352,1140,4,5,0,16069,2,0,58,30736
280758871,1074109365,80,60956,TCP,1521118750472356,1500,4,5,8,18326,2,0,60,64176
3672201827,1074109394,443,39619,TCP,1521118750472358,52,4,5,0,18344,2,0,61,58623
1407631917,4211110797,25940,1795,UDP,1521118750472367,48,4,5,0,8042,0,0,116,41649
280758871,1074109365,80,60956,TCP,1521118750472370,1500,4,5,8,18327,2,0,60,64175
1407631917,4211110797,25940,1795,UDP,1521118750472379,48,4,5,0,8043,0,0,116,41648
270958118,1962334033,9482,50842,TCP,1521118750472379,52,4,5,0,16931,2,0,57,9485
1286693780,3623843582,80,56946,TCP,1521118750472380,1400,4,5,0,22469,2,0,56,58999
280758871,1074109365,80,60956,TCP,1521118750472382,1500,4,5,8,18328,2,0,60,64174
2353100481,1074109416,443,54903,TCP,1521118750472383,677,4,5,0,17923,2,0,58,6496
1645394518,3455008409,20496,1024,UDP,1521118750472390,1453,4,5,0,20184,0,0,114,52086
2211447513,3233171219,3074,3074,UDP,1521118750472392,174,4,5,0,0,0,0,48,64460
266795606,3453720909,43462,60096,TCP,1521118750472392,64,4,5,0,27660,2,0,48,27974
741748435,1962334034,443,55821,TCP,1521118750472394,1500,4,5,0,43973,2,0,240,12804
280758871,1074109365,80,60956,TCP,1521118750472395,1500,4,5,8,18329,2,0,60,64173
741748435,1962334034,443,55821,TCP,1521118750472399,1500,4,5,0,43974,2,0,240,12803
836538808,3890314065,53,58740,UDP,1521118750472400,204,4,5,8,25899,2,0,53,47398
816296502,3569688684,80,27121,TCP,1521118750472400,40,4,5,0,8588,2,0,45,21557
816296502,3569688684,80,27121,TCP,1521118750472400,40,4,5,0,8589,2,0,45,21556
741748435,1962334034,443,55821,TCP,1521118750472400,1500,4,5,0,43975,2,0,240,12802
741748435,1962334034,443,55821,TCP,1521118750472402,1500,4,5,0,43976,2,0,240,12801
280758871,1074109365,80,60956,TCP,1521118750472405,1500,4,5,8,18330,2,0,60,64172
741748435,1962334034,443,55821,TCP,1521118750472407,1500,4,5,0,43977,2,0,240,12800
710419710,3390901202,56075,62731,UDP,1521118750472410,1308,4,5,0,22423,0,0,117,50164
3741785781,3978971499,443,40308,TCP,1521118750472411,465,4,5,0,47506,2,0,248,37697
269242590,3978971499,443,16984,TCP,1521118750472416,52,4,5,0,21632,2,0,58,21700
280758871,1074109365,80,60956,TCP,1521118750472417,1500,4,5,8,18331,2,0,60,64171
280758871,1074109365,80,60956,TCP,1521118750472429,1500,4,5,8,18332,2,0,60,64170
2482664372,3558786857,80,34249,TCP,1521118750472431,1020,4,5,0,42018,2,0,52,64482
1406958703,3336945463,23805,23,TCP,1521118750472432,40,4,5,0,3209,0,0,48,10207
1055948943,3571853892,443,63449,TCP,1521118750472435,1452,4,5,0,36668,2,0,240,14181
1055948943,3571853892,443,63449,TCP,1521118750472437,61,4,5,0,36669,2,0,240,15571
718026144,3474331842,6008,64644,UDP,1521118750472437,51,4,5,9,27145,2,0,54,37475
1055948943,3571853892,443,63449,TCP,1521118750472439,78,4,5,0,36670,2,0,240,15553
280758871,1074109365,80,60956,TCP,1521118750472441,1500,4,5,8,18333,2,0,60,64169
742123328,3455005157,443,39065,TCP,1521118750472444,89,4,5,0,53547,2,0,237,43298
742123328,3455005157,443,39065,TCP,1521118750472444,52,4,5,0,53548,2,0,237,43334
2005801108,3450102589,443,45200,UDP,1521118750472448,1378,4,5,8,0,2,0,58,31359
3585292146,4038534060,443,48366,TCP,1521118750472450,40,4,5,0,36539,2,0,54,38027
280758871,1074109365,80,60956,TCP,1521118750472454,1500,4,5,8,18334,2,0,60,64168
2005801108,3450102589,443,45200,UDP,1521118750472455,1378,4,5,8,0,2,0,58,31359
1699834451,3451144556,80,53937,TCP,1521118750472464,1372,4,5,0,15303,2,0,57,6672
280758871,1074109365,80,60956,TCP,1521118750472467,1500,4,5,8,18335,2,0,60,64167
3992032700,3391015605,443,43973,TCP,1521118750472469,190,4,5,0,61611,2,0,88,6412
791703317,3347703686,9339,54786,TCP,1521118750472470,75,4,5,0,24733,2,0,46,40634
1699834451,3451144556,80,53937,TCP,1521118750472475,1372,4,5,0,15304,2,0,57,6671
1006410646,3390574991,123,14441,UDP,1521118750472477,76,4,5,24,27838,0,0,54,25745
3585093880,3441490730,443,26984,TCP,1521118750472477,52,4,5,0,49445,2,0,54,46250
2582212730,2270145408,80,40688,TCP,1521118750472477,181,4,5,0,55021,2,0,248,28193
280758871,1074109365,80,60956,TCP,1521118750472478,1500,4,5,8,18336,2,0,60,64166
741748435,1962334034,443,55821,TCP,1521118750472483,1500,4,5,0,43978,2,0,240,12799
356828717,4093838712,443,54390,TCP,1521118750472485,40,4,5,0,9566,2,0,241,36740
741748435,1962334034,443,55821,TCP,1521118750472486,1500,4,5,0,43979,2,0,240,12798
741748435,1962334034,443,55821,TCP,1521118750472488,1500,4,5,0,43980,2,0,240,12797
741748435,1962334034,443,55821,TCP,1521118750472490,1500,4,5,0,43981,2,0,240,12796
353416737,2343839235,443,53102,TCP,1521118750472491,52,4,5,0,51147,2,0,57,64783
280758871,1074109365,80,60956,TCP,1521118750472491,1500,4,5,8,18337,2,0,60,64165
270958118,1962334033,9482,50842,TCP,1521118750472492,97,4,5,0,16932,2,0,57,9439
3672202050,3890314079,53,2651,UDP,1521118750472503,120,4,5,0,47922,0,0,61,10462
280758871,1074109365,80,60956,TCP,1521118750472504,1500,4,5,8,18338,2,0,60,64164
2340498649,1962334015,61635,80,TCP,1521118750472505,40,4,5,0,11139,2,0,114,55484
1699834451,3451144556,80,53937,TCP,1521118750472511,1372,4,5,0,15305,2,0,57,6670
1699834451,3451144556,80,53937,TCP,1521118750472513,1372,4,5,0,15306,2,0,57,6669
280758871,1074109365,80,60956,TCP,1521118750472515,1500,4,5,8,18339,2,0,60,64163
280758871,1074109365,80,60956,TCP,1521118750472528,1500,4,5,8,18340,2,0,60,64162
942637450,1074109367,443,45442,TCP,1521118750472539,1500,4,5,8,38211,2,0,246,21594
280758871,1074109365,80,60956,TCP,1521118750472540,1500,4,5,8,18341,2,0,60,64161
942637450,1074109367,443,45442,TCP,1521118750472542,1500,4,5,8,38212,2,0,246,21593
799628869,3978971484,443,57470,TCP,1521118750472546,1500,4,5,0,27390,2,0,240,21928
942637450,1074109367,443,45442,TCP,1521118750472548,1500,4,5,8,38213,2,0,246,21592
799628869,3978971484,443,57470,TCP,1521118750472549,1500,4,5,0,27391,2,0,240,21927
942637450,1074109367,443,45442,TCP,1521118750472550,1500,4,5,8,38214,2,0,246,21591
942637450,1074109367,443,45442,TCP,1521118750472552,1500,4,5,8,38215,2,0,246,21590
280758871,1074109365,80,60956,TCP,1521118750472553,1500,4,5,8,18342,2,0,60,64160
942637450,1074109367,443,45442,TCP,1521118750472554,1500,4,5,8,38216,2,0,246,21589
942637450,1074109367,443,45442,TCP,1521118750472556,1500,4,5,8,38217,2,0,246,21588
942637450,1074109367,443,45442,TCP,1521118750472558,1500,4,5,8,38218,2,0,246,21587
942637450,1074109367,443,45442,TCP,1521118750472560,1500,4,5,8,38219,2,0,246,21586
1274521016,1074109359,52712,1485,UDP,1521118750472561,342,4,5,24,40340,2,0,54,55430
353416737,2343839235,443,53102,TCP,1521118750472561,52,4,5,0,51148,2,0,57,64782
942637450,1074109367,443,45442,TCP,1521118750472561,1500,4,5,8,38220,2,0,246,21585
742721138,3978971485,443,14444,TCP,1521118750472563,1500,4,5,0,13566,2,0,240,59102
742721138,3978971485,443,14444,TCP,1521118750472564,1500,4,5,0,13567,2,0,240,59101
741748435,1962334034,443,55821,TCP,1521118750472566,1500,4,5,0,43982,2,0,240,12795
280758871,1074109365,80,60956,TCP,1521118750472567,1500,4,5,8,18343,2,0,60,64159
942637450,1074109367,443,45442,TCP,1521118750472569,1500,4,5,8,38221,2,0,246,21584
942637450,1074109367,443,45442,TCP,1521118750472570,561,4,5,8,38222,2,0,246,22522
741748435,1962334034,443,55821,TCP,1521118750472571,1500,4,5,0,43983,2,0,240,12794
741748435,1962334034,443,55821,TCP,1521118750472573,537,4,5,0,43984,2,0,240,13756
280758871,1074109365,80,60956,TCP,1521118750472578,1500,4,5,8,18344,2,0,60,64158
742721138,3978971485,443,14444,TCP,1521118750472580,1500,4,5,0,13568,2,0,240,59100
1793783526,3447595073,42747,26863,UDP,1521118750472584,54,4,5,8,30516,0,0,116,32746
742721138,3978971485,443,14444,TCP,1521118750472587,1500,4,5,0,13569,2,0,240,59099
1052818813,4223963664,443,54323,TCP,1521118750472589,1340,4,5,0,4458,2,0,240,59966
1052818813,4223963664,443,54323,TCP,1521118750472591,1340,4,5,0,4459,2,0,240,59965
280758871,1074109365,80,60956,TCP,1521118750472592,1500,4,5,8,18345,2,0,60,64157
3542516036,3618740955,443,57287,UDP,1521118750472593,1378,4,5,0,0,2,0,58,29843
517385572,4093843478,80,50531,TCP,1521118750472594,1450,4,5,2,57226,2,0,59,33389
1699834451,3451144556,80,53937,TCP,1521118750472595,1372,4,5,0,15307,2,0,57,6668
1699834451,3451144556,80,53937,TCP,1521118750472597,1372,4,5,0,15308,2,0,57,6667
517385572,4093843478,80,50531,TCP,1521118750472598,1450,4,5,2,57227,2,0,59,33388
517385572,4093843478,80,50531,TCP,1521118750472599,1450,4,5,2,57228,2,0,59,33387
517385572,4093843478,80,50531,TCP,1521118750472601,1450,4,5,2,57229,2,0,59,33386
1636066619,3450240834,80,58932,TCP,1521118750472602,1480,4,5,0,17614,2,0,57,58297
1636066619,3450240834,80,58932,TCP,1521118750472603,1480,4,5,0,17615,2,0,57,58296
280758871,1074109365,80,60956,TCP,1521118750472604,1500,4,5,8,18346,2,0,60,64156
2247766087,1962333995,49363,80,TCP,1521118750472606,64,4,5,8,0,2,0,53,17229
3527255965,4030665149,443,6270,TCP,1521118750472613,1440,4,5,0,38616,0,0,58,26792
1052818813,4223963664,443,54323,TCP,1521118750472615,1340,4,5,0,4460,2,0,240,59964
1052818813,4223963664,443,54323,TCP,1521118750472616,327,4,5,0,4461,2,0,240,60976
280758871,1074109365,80,60956,TCP,1521118750472616,1500,4,5,8,18347,2,0,60,64155
1902972905,3353385922,6890,55858,TCP,1521118750472617,576,4,5,0,62655,2,0,56,26367
799628869,3978971484,443,57470,TCP,1521118750472620,1500,4,5,0,27392,2,0,240,21926
799628869,3978971484,443,57470,TCP,1521118750472622,1500,4,5,0,27393,2,0,240,21925
1226370953,2270145478,443,27848,TCP,1521118750472623,617,4,5,0,44916,2,0,240,28002
2835347327,0,443,27848,TCP,1521118750472624,0,6,0,0,89,0,4410,217,57984
799707707,3445810803,80,53751,TCP,1521118750472625,52,4,5,0,0,2,0,240,5384
280758871,1074109365,80,60956,TCP,1521118750472627,1500,4,5,8,18348,2,0,60,64154
742721138,3978971485,443,14444,TCP,1521118750472629,1500,4,5,0,13570,2,0,240,59098
1235330106,3455830764,54506,54295,UDP,1521118750472633,1422,4,5,0,27551,2,0,120,2812
742721138,3978971485,443,14444,TCP,1521118750472635,1308,4,5,0,13571,2,0,240,59289
2278722369,3455830540,8000,57068,TCP,1521118750472636,1440,4,5,20,14867,2,0,53,23317
280758871,1074109365,80,60956,TCP,1521118750472640,1500,4,5,8,18349,2,0,60,64153
3766937918,3484910926,443,49182,TCP,1521118750472643,1400,4,5,32,37927,2,0,61,34157
3766937918,3484910926,443,49182,TCP,1521118750472644,1400,4,5,32,37928,2,0,61,34156
1235330106,3455830764,54506,54295,UDP,1521118750472645,1396,4,5,0,27552,2,0,120,2837
269242584,3978971498,443,60418,TCP,1521118750472647,1480,4,5,0,36896,2,0,58,5015
697671511,3391001394,9998,37692,TCP,1521118750472648,52,4,5,0,3635,2,0,119,53075
744358254,4041960738,443,39691,TCP,1521118750472648,1450,4,5,0,16533,2,0,237,48094
1052818813,4223963664,443,54323,TCP,1521118750472649,1340,4,5,0,4462,2,0,240,59962
269242584,3978971498,443,60418,TCP,1521118750472650,1393,4,5,0,36897,2,0,58,5101
1052818813,4223963664,443,54323,TCP,1521118750472651,1340,4,5,0,4463,2,0,240,59961
280758871,1074109365,80,60956,TCP,1521118750472653,1500,4,5,8,18350,2,0,60,64152
1178308133,3233209457,43308,55917,UDP,1521118750472654,48,4,5,0,4718,0,0,45,2503
3741785781,3978971498,443,52048,TCP,1521118750472654,52,4,5,0,13639,2,0,248,6443
790535833,1962334028,443,49040,TCP,1521118750472658,1500,4,5,8,15076,2,0,237,13109
790535833,1962334028,443,49040,TCP,1521118750472659,149,4,5,8,15077,2,0,237,14459
788831939,3455661120,443,14921,TCP,1521118750472659,52,4,5,0,56133,2,0,236,58236
2075950033,846812968,80,52147,TCP,1521118750472659,40,4,5,0,60981,2,0,58,53611
280758871,1074109365,80,60956,TCP,1521118750472665,1500,4,5,8,18351,2,0,60,64151
271675536,1962334023,443,38296,TCP,1521118750472666,52,4,5,0,47959,2,0,58,47213
280758871,1074109365,80,60956,TCP,1521118750472672,1244,4,5,8,18352,2,0,60,64406
789291060,3978971493,443,11430,TCP,1521118750472691,52,4,5,0,35203,2,0,240,64368
1052818813,4223963664,443,54323,TCP,1521118750472693,1340,4,5,0,4464,2,0,240,59960
1052818813,4223963664,443,54323,TCP,1521118750472694,342,4,5,0,4465,2,0,240,60957
740012927,3978971487,443,27048,TCP,1521118750472700,1500,4,5,0,39185,2,0,240,54757
740012927,3978971487,443,27048,TCP,1521118750472701,246,4,5,0,39186,2,0,240,56010
828459153,3443988142,56696,82,TCP,1521118750472701,40,4,5,0,11577,0,0,246,14767
697304791,3978971499,80,59948,TCP,1521118750472703,398,4,5,0,12867,2,0,49,44842
3742023905,4217659850,80,3112,TCP,1521118750472705,1492,4,5,0,5136,2,0,120,60408
3742023905,4217659850,80,3112,TCP,1521118750472706,1492,4,5,0,5137,2,0,120,60407
3742023905,4217659850,80,3112,TCP,1521118750472707,1492,4,5,0,5138,2,0,120,60406
3742023905,4217659850,80,3112,TCP,1521118750472709,1492,4,5,0,5139,2,0,120,60405
2482664220,3607972016,443,13039,TCP,1521118750472712,40,4,5,0,10522,2,0,52,63201
3310683221,2317271739,53,34056,UDP,1521118750472716,1473,4,5,0,62401,0,0,59,28646
2359938962,1962334037,443,45022,TCP,1521118750472720,477,4,5,0,41795,2,0,58,62287
799628869,3978971484,443,57470,TCP,1521118750472730,1500,4,5,0,27394,2,0,240,21924
799628869,3978971484,443,57470,TCP,1521118750472731,1269,4,5,0,27395,2,0,240,22154
3585853421,3445858243,443,2113,TCP,1521118750472733,52,4,5,0,51280,2,0,54,29091
796346927,1962334027,443,56025,TCP,1521118750472738,52,4,5,8,14991,2,0,237,36164
3442360673,3350329547,26170,2463,UDP,1521118750472745,48,4,5,0,15314,0,0,52,31710
3442360673,3350329547,26170,2463,UDP,1521118750472745,48,4,5,0,15315,0,0,52,31709
1235721153,4225200978,443,43521,TCP,1521118750472748,1500,4,5,0,34262,2,0,58,24755
1235721153,4225200978,443,43521,TCP,1521118750472752,1500,4,5,0,34263,2,0,58,24754
1235721153,4225200978,443,43521,TCP,1521118750472754,1500,4,5,0,34264,2,0,58,24753
1235721153,4225200978,443,43521,TCP,1521118750472756,1500,4,5,0,34265,2,0,58,24752
1235721153,4225200978,443,43521,TCP,1521118750472757,1500,4,5,0,34266,2,0,58,24751
1235721153,4225200978,443,43521,TCP,1521118750472758,1500,4,5,0,34267,2,0,58,24750
1235721153,4225200978,443,43521,TCP,1521118750472760,1500,4,5,0,34268,2,0,58,24749
1235721153,4225200978,443,43521,TCP,1521118750472762,1500,4,5,0,34269,2,0,58,24748
2211447547,3451134150,61456,1024,UDP,1521118750472763,193,4,5,0,23726,2,0,112,14392
1235721153,4225200978,443,43521,TCP,1521118750472763,1500,4,5,0,34270,2,0,58,24747
1235721153,4225200978,443,43521,TCP,1521118750472764,1500,4,5,0,34271,2,0,58,24746
1235721153,4225200978,443,43521,TCP,1521118750472766,1500,4,5,0,34272,2,0,58,24745
1235721153,4225200978,443,43521,TCP,1521118750472767,1500,4,5,0,34273,2,0,58,24744
2546502277,3472982101,443,58006,TCP,1521118750472769,73,4,5,0,46195,2,0,241,25494
1235721153,4225200978,443,43521,TCP,1521118750472769,1500,4,5,0,34274,2,0,58,24743
1497850362,3349794490,39344,4343,TCP,1521118750472770,40,4,5,0,9459,2,0,114,37431
1235721153,4225200978,443,43521,TCP,1521118750472770,1500,4,5,0,34275,2,0,58,24742
1235721153,4225200978,443,43521,TCP,1521118750472771,1500,4,5,0,34276,2,0,58,24741
832347433,1235577784,54880,445,TCP,1521118750472773,40,4,5,0,15275,2,0,119,17410
1235721153,4225200978,443,43521,TCP,1521118750472773,1500,4,5,0,34277,2,0,58,24740
1235721153,4225200978,443,43521,TCP,1521118750472774,1500,4,5,0,34278,2,0,58,24739
1235721153,4225200978,443,43521,TCP,1521118750472775,1500,4,5,0,34279,2,0,58,24738
1235721153,4225200978,443,43521,TCP,1521118750472777,1500,4,5,0,34280,2,0,58,24737
1235721153,4225200978,443,43521,TCP,1521118750472778,1500,4,5,0,34281,2,0,58,24736
2378915520,2336071757,443,43521,TCP,1521118750472779,1368,4,5,0,10825,0,0,245,32276
3651547920,1962333990,57720,443,TCP,1521118750472781,52,4,5,0,0,2,0,49,61680
3978970917,3978971485,443,37760,TCP,1521118750472781,52,4,5,0,11704,2,0,60,42548
2206341611,3390572274,443,25214,TCP,1521118750472787,1140,4,5,0,55744,2,0,59,62283
2206341611,3390572274,443,25214,TCP,1521118750472788,1140,4,5,0,55745,2,0,59,62282
901830532,1235573267,50125,445,TCP,1521118750472789,52,4,5,0,12334,2,0,117,9369
353416737,2343839235,443,53102,TCP,1521118750472791,52,4,5,0,51149,2,0,57,64781
2047703765,3569572274,443,23903,TCP,1521118750472796,52,4,5,0,47305,2,0,245,43425
270077760,3242275442,445,57312,TCP,1521118750472809,41,4,5,0,48162,0,0,119,29856
2571612656,3455648731,443,38135,TCP,1521118750472813,1400,4,5,0,30450,2,0,52,44417
1052863752,1962334025,443,59074,TCP,1521118750472815,1500,4,5,0,30474,2,0,240,5640
2571612656,3455648731,443,38135,TCP,1521118750472817,1400,4,5,0,30451,2,0,52,44416
2571612656,3455648731,443,38135,TCP,1521118750472819,1400,4,5,0,30452,2,0,52,44415
4127149705,3348720744,26991,63320,TCP,1521118750472820,1452,4,5,0,8237,2,0,115,27028
1052863752,1962334025,443,59074,TCP,1521118750472821,1500,4,5,0,30475,2,0,240,5639
1052863752,1962334025,443,59074,TCP,1521118750472823,1500,4,5,0,30476,2,0,240,5638
1052863752,1962334025,443,59074,TCP,1521118750472824,1500,4,5,0,30477,2,0,240,5637
2571612656,3455648731,443,38135,TCP,1521118750472825,1400,4,5,0,30453,2,0,52,44414
1052863752,1962334025,443,59074,TCP,1521118750472826,1500,4,5,0,30478,2,0,240,5636
1052863752,1962334025,443,59074,TCP,1521118750472828,1500,4,5,0,30479,2,0,240,5635
1052863752,1962334025,443,59074,TCP,1521118750472829,1500,4,5,0,30480,2,0,240,5634
1052863752,1962334025,443,59074,TCP,1521118750472830,1500,4,5,0,30481,2,0,240,5633
359928294,3473429989,443,51657,TCP,1521118750472832,574,4,5,0,53567,2,0,242,26930
2571612656,3455648731,443,38135,TCP,1521118750472832,1400,4,5,0,30454,2,0,52,44413
2571612656,3455648731,443,38135,TCP,1521118750472833,1400,4,5,0,30455,2,0,52,44412
1052863752,1962334025,443,59074,TCP,1521118750472839,1500,4,5,0,30482,2,0,240,5632
2343125221,1962334044,443,36270,TCP,1521118750472841,40,4,5,0,11295,2,0,42,3024
1052863752,1962334025,443,59074,TCP,1521118750472842,1500,4,5,0,30483,2,0,240,5631
1052863752,1962334025,443,59074,TCP,1521118750472843,1500,4,5,0,30484,2,0,240,5630
1052818813,4223963664,443,54323,TCP,1521118750472844,1340,4,5,0,4466,2,0,240,59958
1052863752,1962334025,443,59074,TCP,1521118750472846,1500,4,5,0,30485,2,0,240,5629
1052818813,4223963664,443,54323,TCP,1521118750472847,1340,4,5,0,4467,2,0,240,59957
1052863752,1962334025,443,59074,TCP,1521118750472848,1500,4,5,0,30486,2,0,240,5628
1052863752,1962334025,443,59074,TCP,1521118750472849,1500,4,5,0,30487,2,0,240,5627
1052863752,1962334025,443,59074,TCP,1521118750472851,1500,4,5,0,30488,2,0,240,5626
3585093666,3607559946,5222,46861,TCP,1521118750472852,52,4,5,0,57775,2,0,54,34608
1052863752,1962334025,443,59074,TCP,1521118750472852,1500,4,5,0,30489,2,0,240,5625
1054879380,3558759830,36000,28497,UDP,1521118750472857,56,4,5,0,9786,0,0,108,35154
743800120,3559061347,443,35113,TCP,1521118750472860,1400,4,5,0,599,2,0,245,2325
743800120,3559061347,443,35113,TCP,1521118750472861,1400,4,5,0,600,2,0,245,2324
1052863752,1962334025,443,59074,TCP,1521118750472862,1500,4,5,0,30490,2,0,240,5624
1052863752,1962334025,443,59074,TCP,1521118750472864,117,4,5,0,30491,2,0,240,7006
583012323,3347702637,29763,31907,UDP,1521118750472868,48,4,5,0,13256,0,0,113,14427
3585866603,1962334044,80,35366,TCP,1521118750472874,1500,4,5,0,12098,2,0,54,62047
2280559478,3447652678,8080,49401,TCP,1521118750472875,1400,4,5,0,52164,2,0,54,35217
3585866603,1962334044,80,35366,TCP,1521118750472878,1500,4,5,0,12099,2,0,54,62046
3585866603,1962334044,80,35366,TCP,1521118750472879,1500,4,5,0,12100,2,0,54,62045
3585866603,1962334044,80,35366,TCP,1521118750472881,608,4,5,0,12101,2,0,54,62936
942637450,1074109367,443,45442,TCP,1521118750472881,1500,4,5,8,38348,2,0,246,21457
942637450,1074109367,443,45442,TCP,1521118750472888,1500,4,5,8,38349,2,0,246,21456
942637450,1074109367,443,45442,TCP,1521118750472890,1500,4,5,8,38350,2,0,246,21455
942637450,1074109367,443,45442,TCP,1521118750472893,1500,4,5,8,38351,2,0,246,21454
1052818813,4223963664,443,54323,TCP,1521118750472895,1340,4,5,0,4468,2,0,240,59956
1052818813,4223963664,443,54323,TCP,1521118750472896,327,4,5,0,4469,2,0,240,60968
942637450,1074109367,443,45442,TCP,1521118750472897,1500,4,5,8,38352,2,0,246,21453
942637450,1074109367,443,45442,TCP,1521118750472899,1500,4,5,8,38353,2,0,246,21452
1226537264,4109948245,443,50615,TCP,1521118750472900,296,4,5,0,56769,2,0,240,8052
942637450,1074109367,443,45442,TCP,1521118750472900,1500,4,5,8,38354,2,0,246,21451
2571612656,3455648731,443,38135,TCP,1521118750472902,1400,4,5,0,30456,2,0,52,44411
942637450,1074109367,443,45442,TCP,1521118750472903,1500,4,5,8,38355,2,0,246,21450
942637450,1074109367,443,45442,TCP,1521118750472904,1500,4,5,8,38356,2,0,246,21449
2571612656,3455648731,443,38135,TCP,1521118750472906,1400,4,5,0,30457,2,0,52,44410
942637450,1074109367,443,45442,TCP,1521118750472907,1500,4,5,8,38357,2,0,246,21448
2525376330,3391053466,12216,52599,TCP,1521118750472909,472,4,5,0,253,2,0,110,7065
942637450,1074109367,443,45442,TCP,1521118750472909,1500,4,5,8,38358,2,0,246,21447
942637450,1074109367,443,45442,TCP,1521118750472910,561,4,5,8,38359,2,0,246,22385
2571612656,3455648731,443,38135,TCP,1521118750472911,1400,4,5,0,30458,2,0,52,44409
2571612656,3455648731,443,38135,TCP,1521118750472912,1400,4,5,0,30459,2,0,52,44408
1465466201,3617785383,16762,1214,UDP,1521118750472915,48,4,5,0,26041,0,0,115,28551
3741785781,3978971498,443,3898,TCP,1521118750472917,465,4,5,0,32092,2,0,248,53112
284309619,3890314062,53,39448,UDP,1521118750472919,131,4,5,0,22867,0,0,60,30850
799628869,3978971493,443,33642,TCP,1521118750472923,1500,4,5,0,40817,2,0,240,8492
3430697574,3453678741,4698,32640,UDP,1521118750472924,1447,4,5,0,11170,0,0,121,14161
1615216412,3390993593,63869,64241,UDP,1521118750472928,1308,4,5,0,3971,0,0,118,21012
799628869,3978971493,443,33642,TCP,1521118750472929,1500,4,5,0,40818,2,0,240,8491
4251322546,3473705644,123,123,UDP,1521118750472932,76,4,5,0,0,2,0,53,58831
1052818813,4223963664,443,54323,TCP,1521118750472939,1340,4,5,0,4470,2,0,240,59954
1052818813,4223963664,443,54323,TCP,1521118750472940,170,4,5,0,4471,2,0,240,61123
271675609,1074109386,443,50273,TCP,1521118750472941,52,4,5,0,2941,2,0,58,55405
1416650889,1235569029,57573,445,TCP,1521118750472941,52,4,5,0,9627,2,0,115,39429
3526009451,1074109333,80,47836,TCP,1521118750472942,1500,4,5,0,6381,2,0,59,53502
3526009451,1074109333,80,47836,TCP,1521118750472943,62,4,5,0,6382,2,0,59,54939
3272940864,3223150537,15360,58695,UDP,1521118750472948,48,4,5,16,31261,0,0,118,51795
3585080798,3452633906,5222,26262,TCP,1521118750472953,40,4,5,0,26630,2,0,54,14398
3556623627,3484683277,60899,48970,UDP,1521118750472956,65,4,5,0,26257,2,0,121,9808
1613482510,3390890321,64437,40500,UDP,1521118750472957,957,4,5,0,6924,0,0,114,21628
799628869,3978971493,443,33642,TCP,1521118750472958,1500,4,5,0,40819,2,0,240,8490
799628869,3978971493,443,33642,TCP,1521118750472964,1500,4,5,0,40820,2,0,240,8489
4169086584,3390992021,10982,61232,TCP,1521118750472972,40,4,5,0,0,2,0,53,56868
3672228960,1962334045,443,43323,TCP,1521118750472974,541,4,5,0,26246,2,0,61,59838
2258940747,3978971498,2515,64624,TCP,1521118750472978,52,4,5,0,42959,2,0,58,10352
228405953,3451161413,6992,39114,UDP,1521118750472979,106,4,5,0,8072,2,0,241,53410
800783747,3347702009,443,46485,TCP,1521118750472982,64,4,5,0,14454,2,0,237,32640
2198041738,3608324562,443,42895,TCP,1521118750472990,1460,4,5,0,1945,2,0,56,48440
751425249,3232159200,50037,30518,TCP,1521118750472992,40,4,5,0,11747,2,0,240,49850
2198041738,3608324562,443,42895,TCP,1521118750472993,1460,4,5,0,1946,2,0,56,48439
3366117868,1235564150,29052,445,TCP,1521118750472995,52,4,5,0,22095,2,0,113,35018
2835347327,0,29052,445,TCP,1521118750473000,0,6,0,0,86,0,4410,217,57984
271075324,1962334039,443,39394,TCP,1521118750473006,52,4,5,0,13464,2,0,58,26554
3556624588,2340554690,59299,62754,UDP,1521118750473007,408,4,5,0,2764,2,0,122,50298
790271742,4217677538,443,53441,TCP,1521118750473008,64,4,5,0,48873,2,0,46,9583
271075324,1962334039,443,39394,TCP,1521118750473010,52,4,5,0,13465,2,0,58,26553
3672228960,1962334045,443,43323,TCP,1521118750473015,124,4,5,0,26247,2,0,61,60254
42510340,3390571827,80,11764,TCP,1521118750473021,1140,4,5,0,5025,2,0,57,45067
1272954087,3447541848,443,57601,TCP,1521118750473024,52,4,5,0,0,2,0,61,5928
271675609,1074109386,443,50273,TCP,1521118750473024,52,4,5,0,2942,2,0,58,55404
799628869,3978971493,443,33642,TCP,1521118750473025,1500,4,5,0,40821,2,0,240,8488
799628869,3978971493,443,33642,TCP,1521118750473031,1500,4,5,0,40822,2,0,240,8487
42510340,3390571827,80,11764,TCP,1521118750473032,1140,4,5,0,5026,2,0,57,45066
356828618,3348631279,443,22687,TCP,1521118750473035,40,4,5,0,7025,2,0,241,48328
739815596,1074109393,443,37872,TCP,1521118750473046,105,4,5,0,215,2,0,50,36637
938035624,3978971494,80,40504,TCP,1521118750473049,1500,4,5,0,58013,2,0,59,40796
938035624,3978971494,80,40504,TCP,1521118750473052,1500,4,5,0,58014,2,0,59,40795
938035624,3978971494,80,40504,TCP,1521118750473053,805,4,5,0,58015,2,0,59,41489
816296502,3569688684,80,27121,TCP,1521118750473056,228,4,5,0,8590,2,0,45,21367
504317774,3447596377,3478,26393,UDP,1521118750473062,852,4,5,0,4454,2,0,91,45822
1052818813,4223963664,443,54323,TCP,1521118750473062,1340,4,5,0,4472,2,0,240,59952
1052818813,4223963664,443,54323,TCP,1521118750473064,1340,4,5,0,4473,2,0,240,59951
3317683339,3391063705,47092,60268,UDP,1521118750473083,48,4,5,0,29101,0,0,119,59147
3877058099,4030665138,47092,60268,UDP,1521118750473085,296,4,5,32,28469,0,0,248,13074
1908083160,3617785575,13662,1024,UDP,1521118750473088,1027,4,5,0,16721,0,0,118,42363
1052818813,4223963664,443,54323,TCP,1521118750473089,1340,4,5,0,4474,2,0,240,59950
1052818813,4223963664,443,54323,TCP,1521118750473090,327,4,5,0,4475,2,0,240,60962
1589849217,0,443,54323,TCP,1521118750473093,0,6,0,0,230,0,4407,217,5632
1636099152,3890314074,53,28387,UDP,1521118750473102,172,4,5,0,41449,0,0,56,14151
738389268,3978971491,443,24332,TCP,1521118750473102,674,4,5,0,30889,2,0,240,49159
738372476,3978971489,443,14874,TCP,1521118750473106,52,4,5,0,25678,2,0,240,6251
799628869,3978971493,443,33642,TCP,1521118750473108,1500,4,5,0,40823,2,0,240,8486
799628869,3978971493,443,33642,TCP,1521118750473109,863,4,5,0,40824,2,0,240,9122
1280595937,3390862981,61331,54558,UDP,1521118750473113,94,4,5,0,24560,2,0,122,48071
3527255851,3618740937,443,49752,TCP,1521118750473141,1472,4,5,0,39096,0,0,58,63131
282018607,4098085650,443,59552,TCP,1521118750473146,1492,4,5,0,6866,2,0,59,1022
282018607,4098085650,443,59552,TCP,1521118750473148,1492,4,5,0,6867,2,0,59,1021
3277020363,3390881467,1029,26969,UDP,1521118750473150,132,4,5,0,6497,0,0,115,34065
816296502,3569688684,80,27121,TCP,1521118750473160,40,4,5,0,8591,2,0,45,21554
799034694,2205393844,4060,26561,UDP,1521118750473161,1024,4,5,0,35385,2,0,49,6054
799034694,2205393844,4060,26561,UDP,1521118750473162,1024,4,5,0,35386,2,0,49,6053
991538699,2205393117,15000,33651,UDP,1521118750473163,48,4,5,0,29965,0,0,110,51770
991538699,2205393117,15000,33651,UDP,1521118750473163,48,4,5,0,29966,0,0,110,51769
799034694,2205393844,4060,26561,UDP,1521118750473166,1024,4,5,0,35387,2,0,49,6052
1052818813,4223963664,443,54323,TCP,1521118750473167,1340,4,5,0,4476,2,0,240,59948
1898886974,3353372333,53368,36725,UDP,1521118750473168,48,4,5,0,2610,0,0,116,58768
799034694,2205393844,4060,26561,UDP,1521118750473170,1024,4,5,0,35388,2,0,49,6051
2039823047,3680292703,33182,12965,UDP,1521118750473171,140,4,5,0,12564,2,0,56,45620
799034694,2205393844,4060,26561,UDP,1521118750473172,1024,4,5,0,35389,2,0,49,6050
1052818813,4223963664,443,54323,TCP,1521118750473173,1340,4,5,0,4477,2,0,240,59947
3291928588,3978971491,443,10884,TCP,1521118750473174,52,4,5,0,22333,2,0,49,8118
796655546,3607982301,9339,25711,TCP,1521118750473178,1480,4,5,0,21394,2,0,46,31869
799034694,2205393844,4060,26561,UDP,1521118750473179,1024,4,5,0,35390,2,0,49,6049
799034694,2205393844,4060,26561,UDP,1521118750473180,1024,4,5,0,35391,2,0,49,6048
799034694,2205393844,4060,26561,UDP,1521118750473182,1024,4,5,0,35392,2,0,49,6047
799034694,2205393844,4060,26561,UDP,1521118750473185,1024,4,5,0,35393,2,0,49,6046
3307968666,3978971486,443,36142,TCP,1521118750473186,52,4,5,0,44498,2,0,59,64930
360212181,3608323020,443,3054,TCP,1521118750473187,40,4,5,0,39075,2,0,241,63999
799034694,2205393844,4060,26561,UDP,1521118750473188,1024,4,5,0,35394,2,0,49,6045
3527255913,3618740937,443,26744,UDP,1521118750473191,1378,4,5,0,0,2,0,58,20329
799034694,2205393844,4060,26561,UDP,1521118750473195,1024,4,5,0,35395,2,0,49,6044
799034694,2205393844,4060,26561,UDP,1521118750473196,1024,4,5,0,35396,2,0,49,6043
1053320587,3978971497,80,41026,TCP,1521118750473197,52,4,5,0,0,2,0,41,30429
799034694,2205393844,4060,26561,UDP,1521118750473197,1024,4,5,0,35397,2,0,49,6042
799034694,2205393844,4060,26561,UDP,1521118750473198,1024,4,5,0,35398,2,0,49,6041
799034694,2205393844,4060,26561,UDP,1521118750473199,1024,4,5,0,35399,2,0,49,6040
3307324730,3447540937,4060,26561,UDP,1521118750473203,616,4,5,0,22532,0,0,53,34493
799034694,2205393844,4060,26561,UDP,1521118750473203,1024,4,5,0,35400,2,0,49,6039
3307324730,3447540937,4060,26561,UDP,1521118750473204,600,4,5,0,32348,0,0,53,24693
799034694,2205393844,4060,26561,UDP,1521118750473205,1024,4,5,0,35401,2,0,49,6038
799034694,2205393844,4060,26561,UDP,1521118750473205,1024,4,5,0,35402,2,0,49,6037
799034694,2205393844,4060,26561,UDP,1521118750473208,1024,4,5,0,35403,2,0,49,6036
799034694,2205393844,4060,26561,UDP,1521118750473209,1024,4,5,0,35404,2,0,49,6035
40241491,3452526040,50594,3389,TCP,1521118750473210,40,4,5,0,29988,2,0,121,21841
799034694,2205393844,4060,26561,UDP,1521118750473210,1024,4,5,0,35405,2,0,49,6034
796655546,3607982301,9339,25711,TCP,1521118750473212,1480,4,5,0,21395,2,0,46,31868
2377634709,4041960793,443,49913,TCP,1521118750473214,1480,4,5,0,62932,2,0,60,33737
1055945853,4041960793,443,9739,TCP,1521118750473215,52,4,5,0,1254,2,0,240,29739
2237574393,3451142767,60240,29656,TCP,1521118750473215,1440,4,5,0,4437,2,0,115,44679
2377634709,4041960793,443,49913,TCP,1521118750473216,1480,4,5,0,62933,2,0,60,33736
799034694,2205393844,4060,26561,UDP,1521118750473217,1024,4,5,0,35406,2,0,49,6033
799034694,2205393844,4060,26561,UDP,1521118750473218,1024,4,5,0,35407,2,0,49,6032
1235721153,4225200978,443,43521,TCP,1521118750473219,1500,4,5,0,34282,2,0,58,24735
1235721153,4225200978,443,43521,TCP,1521118750473220,1500,4,5,0,34283,2,0,58,24734
1235721153,4225200978,443,43521,TCP,1521118750473222,1500,4,5,0,34284,2,0,58,24733
1235721153,4225200978,443,43521,TCP,1521118750473223,1500,4,5,0,34285,2,0,58,24732
1235721153,4225200978,443,43521,TCP,1521118750473224,1500,4,5,0,34286,2,0,58,24731
799034694,2205393844,4060,26561,UDP,1521118750473226,1024,4,5,0,35408,2,0,49,6031
799034694,2205393844,4060,26561,UDP,1521118750473227,1024,4,5,0,35409,2,0,49,6030
1235721153,4225200978,443,43521,TCP,1521118750473228,1500,4,5,0,34287,2,0,58,24730
1235721153,4225200978,443,43521,TCP,1521118750473229,1500,4,5,0,34288,2,0,58,24729
1235721153,4225200978,443,43521,TCP,1521118750473230,1500,4,5,0,34289,2,0,58,24728
1235721153,4225200978,443,43521,TCP,1521118750473232,1500,4,5,0,34290,2,0,58,24727
1235721153,4225200978,443,43521,TCP,1521118750473233,1500,4,5,0,34291,2,0,58,24726
1235721153,4225200978,443,43521,TCP,1521118750473234,1500,4,5,0,34292,2,0,58,24725
799034694,2205393844,4060,26561,UDP,1521118750473236,1024,4,5,0,35410,2,0,49,6029
799034694,2205393844,4060,26561,UDP,1521118750473236,1024,4,5,0,35411,2,0,49,6028
1235721153,4225200978,443,43521,TCP,1521118750473237,1500,4,5,0,34293,2,0,58,24724
799034694,2205393844,4060,26561,UDP,1521118750473239,1024,4,5,0,35412,2,0,49,6027
1235721153,4225200978,443,43521,TCP,1521118750473240,1500,4,5,0,34294,2,0,58,24723
1235721153,4225200978,443,43521,TCP,1521118750473241,1500,4,5,0,34295,2,0,58,24722
1235721153,4225200978,443,43521,TCP,1521118750473242,1500,4,5,0,34296,2,0,58,24721
1235721153,4225200978,443,43521,TCP,1521118750473244,1500,4,5,0,34297,2,0,58,24720
1235721153,4225200978,443,43521,TCP,1521118750473245,1500,4,5,0,34298,2,0,58,24719
1235721153,4225200978,443,43521,TCP,1521118750473246,1500,4,5,0,34299,2,0,58,24718
1052818813,4223963664,443,54323,TCP,1521118750473248,1340,4,5,0,4478,2,0,240,59946
1052818813,4223963664,443,54323,TCP,1521118750473249,335,4,5,0,4479,2,0,240,60950
1235721153,4225200978,443,43521,TCP,1521118750473249,1500,4,5,0,34300,2,0,58,24717
1235721153,4225200978,443,43521,TCP,1521118750473250,1500,4,5,0,34301,2,0,58,24716
1868312282,4217659511,50824,10468,UDP,1521118750473252,576,4,5,0,41303,0,0,52,59715
1868312282,4217659511,50824,10468,UDP,1521118750473252,576,4,5,0,38309,0,0,52,62709
983452550,3623864333,19159,2487,UDP,1521118750473253,56,4,5,16,18916,0,0,54,5264
942637450,1074109367,443,45442,TCP,1521118750473253,1500,4,5,8,38568,2,0,246,21237
942637450,1074109367,443,45442,TCP,1521118750473254,1500,4,5,8,38569,2,0,246,21236
942637450,1074109367,443,45442,TCP,1521118750473256,1500,4,5,8,38570,2,0,246,21235
942637450,1074109367,443,45442,TCP,1521118750473257,1500,4,5,8,38571,2,0,246,21234
942637450,1074109367,443,45442,TCP,1521118750473258,1500,4,5,8,38572,2,0,246,21233
942637450,1074109367,443,45442,TCP,1521118750473262,1500,4,5,8,38573,2,0,246,21232
942637450,1074109367,443,45442,TCP,1521118750473265,1500,4,5,8,38574,2,0,246,21231
942637450,1074109367,443,45442,TCP,1521118750473266,1500,4,5,8,38575,2,0,246,21230
3453525675,283451530,52535,443,TCP,1521118750473268,52,4,5,0,39983,2,0,56,2210
942637450,1074109367,443,45442,TCP,1521118750473268,1500,4,5,8,38576,2,0,246,21229
942637450,1074109367,443,45442,TCP,1521118750473269,1500,4,5,8,38577,2,0,246,21228
942637450,1074109367,443,45442,TCP,1521118750473271,1500,4,5,8,38578,2,0,246,21227
942637450,1074109367,443,45442,TCP,1521118750473272,561,4,5,8,38579,2,0,246,22165
2578297236,3441433320,5938,49168,TCP,1521118750473272,64,4,5,8,11898,2,0,117,41963
743460946,3338135244,443,46310,TCP,1521118750473278,238,4,5,0,8973,2,0,236,16534
796655546,3607982301,9339,25711,TCP,1521118750473285,1480,4,5,0,21396,2,0,46,31867
1644771375,3455649344,54386,28171,UDP,1521118750473290,48,4,5,0,9571,0,0,112,46824
2256962227,3978971490,443,49108,TCP,1521118750473295,52,4,5,0,31189,2,0,54,35624
3307968666,3978971486,443,36142,TCP,1521118750473301,189,4,5,0,44499,2,0,59,64792
1053389824,3334584913,443,39020,TCP,1521118750473305,52,4,5,0,36495,2,0,232,53335
360212181,3608323020,443,3054,TCP,1521118750473306,40,4,5,0,39076,2,0,241,63998
1053952491,3451632266,443,17071,TCP,1521118750473315,225,4,5,0,60241,2,0,238,53185
3527246821,3618740955,443,26916,UDP,1521118750473320,1378,4,5,0,0,2,0,58,29403
738384357,3978971485,443,56446,TCP,1521118750473326,549,4,5,0,31051,2,0,241,53783
743896127,3338520074,443,51838,TCP,1521118750473332,1480,4,5,0,53686,2,0,240,1499
3527246821,3618740955,443,26916,UDP,1521118750473338,1378,4,5,0,0,2,0,58,29403
3527246821,3618740955,443,26916,UDP,1521118750473340,1378,4,5,0,0,2,0,58,29403
3741785781,3978971484,443,52734,TCP,1521118750473341,52,4,5,0,29633,2,0,248,55998
3741785781,3978971484,443,52734,TCP,1521118750473341,52,4,5,0,29634,2,0,248,55997
1056297801,3455736166,5512,57167,UDP,1521118750473341,135,4,5,184,35800,2,0,49,33590
3312310483,3978971486,80,62116,TCP,1521118750473341,52,4,5,0,23827,2,0,50,5863
739856165,3978971495,443,35334,TCP,1521118750473346,52,4,5,0,24419,2,0,234,32656
1052818813,4223963664,443,54323,TCP,1521118750473346,1340,4,5,0,4480,2,0,240,59944
1052818813,4223963664,443,54323,TCP,1521118750473348,1340,4,5,0,4481,2,0,240,59943
1190350650,3347603279,80,41086,TCP,1521118750473349,40,4,5,0,36113,2,0,53,64441
2285206418,3390574938,80,53646,TCP,1521118750473349,52,4,5,0,39869,2,0,53,51916
743896127,3338520074,443,51838,TCP,1521118750473352,1480,4,5,0,53687,2,0,240,1498
3774856762,842651050,31249,17088,UDP,1521118750473354,1453,4,5,0,2565,0,0,116,36893
743896127,3338520074,443,51838,TCP,1521118750473358,1480,4,5,0,53688,2,0,240,1497
1663269356,842571244,6907,52997,TCP,1521118750473359,1480,4,5,0,41451,2,0,56,60944
2396475794,3452387182,58974,24411,UDP,1521118750473362,58,4,5,0,2548,0,0,122,18720
796655546,3607982301,9339,25711,TCP,1521118750473368,1480,4,5,0,21397,2,0,46,31866
795123333,3978971498,443,19944,TCP,1521118750473370,1500,4,5,0,26083,2,0,240,6842
795123333,3978971498,443,19944,TCP,1521118750473371,1500,4,5,0,26084,2,0,240,6841
1177627147,3451631742,56589,26731,TCP,1521118750473377,40,4,5,0,6914,2,0,113,63575
2146116885,3349925426,443,52120,TCP,1521118750473378,1500,4,5,0,34381,2,0,53,32496
2146116885,3349925426,443,52120,TCP,1521118750473380,74,4,5,0,34382,2,0,53,33921
1839561213,3261362960,54409,1084,UDP,1521118750473380,1466,4,5,0,26837,0,0,117,47686
2463797382,3348657920,50103,37194,TCP,1521118750473382,40,4,5,0,27336,2,0,114,15374
3310683221,2317271739,53,34056,UDP,1521118750473385,1473,4,5,0,62402,0,0,59,28645
1774560132,3262274349,51413,51150,UDP,1521118750473388,1430,4,5,0,36570,0,0,56,50067
2269646176,3353386028,50171,63973,UDP,1521118750473389,76,4,5,0,52473,2,0,58,31474
3584920376,3484728743,80,31578,TCP,1521118750473396,297,4,5,0,46489,0,0,246,8179
1663269356,842571244,6907,52997,TCP,1521118750473397,1480,4,5,0,41452,2,0,56,60943
1738850288,3391002922,65030,44822,TCP,1521118750473404,1492,4,5,0,12151,2,0,121,16847
1053942572,3350331325,443,26428,TCP,1521118750473408,40,4,5,0,5418,2,0,237,36664
2039823037,3256840368,43248,20781,UDP,1521118750473412,140,4,5,0,47068,2,0,56,41826
3774856762,842651050,31249,17088,UDP,1521118750473427,1453,4,5,0,2566,0,0,116,36892
1821906474,3455648090,21469,64110,UDP,1521118750473428,48,4,5,0,24329,0,0,120,37278
795123333,3978971498,443,19944,TCP,1521118750473430,1500,4,5,0,26085,2,0,240,6840
795123333,3978971498,443,19944,TCP,1521118750473431,635,4,5,0,26086,2,0,240,7704
1052818813,4223963664,443,54323,TCP,1521118750473432,1340,4,5,0,4482,2,0,240,59942
1052818813,4223963664,443,54323,TCP,1521118750473436,1340,4,5,0,4483,2,0,240,59941
1663269356,842571244,6907,52997,TCP,1521118750473437,1480,4,5,0,41453,2,0,56,60942
1792512157,3451333473,465,41236,TCP,1521118750473438,52,4,5,0,35637,2,0,53,50689
1264800601,3453268200,51139,50381,UDP,1521118750473438,80,4,5,0,28679,0,0,120,46364
740010620,3978971484,443,24310,TCP,1521118750473441,615,4,5,0,47209,2,0,241,49672
3672220345,1962334108,40065,9043,UDP,1521118750473444,132,4,5,0,34717,2,0,60,60573
1792512157,3451333473,465,41236,TCP,1521118750473457,40,4,5,0,0,2,0,53,20803
2170205770,3445809647,10879,51372,TCP,1521118750473467,52,4,5,0,720,2,0,119,6653
2623944267,3259942474,41670,60346,UDP,1521118750473469,1449,4,5,0,23063,0,0,118,35298
3223949995,2332752498,50527,443,TCP,1521118750473471,40,4,5,0,8571,2,0,115,3587
738249156,3978971487,443,19274,TCP,1521118750473471,52,4,5,0,24,2,0,232,26205
232291615,2325272133,443,58133,TCP,1521118750473477,40,4,5,8,43474,2,0,237,63519
1868312282,4217659511,50824,10468,UDP,1521118750473487,576,4,5,0,10062,0,0,52,25421
795123333,3978971484,443,19626,TCP,1521118750473488,52,4,5,0,22069,2,0,240,12318
790654705,3978971489,443,52940,TCP,1521118750473491,935,4,5,0,19884,2,0,240,25863
1052818813,4223963664,443,54323,TCP,1521118750473495,444,4,5,0,4484,2,0,240,60836
3978970902,3978971493,443,37228,TCP,1521118750473497,52,4,5,0,34064,2,0,60,20195
938035621,3978971640,2001,2001,UDP,1521118750473500,133,4,5,0,34142,2,0,59,345
3801788594,4211110795,80,14156,TCP,1521118750473523,1280,4,5,0,27031,2,0,55,54151
2613104939,3338646424,14562,22,TCP,1521118750473524,104,4,5,0,10279,2,0,49,14821
3801788594,4211110795,80,14156,TCP,1521118750473524,1280,4,5,0,27032,2,0,55,54150
3801788594,4211110795,80,14156,TCP,1521118750473528,1280,4,5,0,27033,2,0,55,54149
3801788594,4211110795,80,14156,TCP,1521118750473529,1280,4,5,0,27034,2,0,55,54148
3801788594,4211110795,80,14156,TCP,1521118750473531,1280,4,5,0,27035,2,0,55,54147
744358254,4041960738,443,39691,TCP,1521118750473532,1450,4,5,0,16534,2,0,237,48093
3801788594,4211110795,80,14156,TCP,1521118750473533,1280,4,5,0,27036,2,0,55,54146
3306169066,846896850,443,28041,TCP,1521118750473534,40,4,5,0,28461,2,0,246,23643
3756989050,3222711557,443,2381,TCP,1521118750473538,297,4,5,0,10151,2,0,51,47010
3523515604,3617733503,55154,443,TCP,1521118750473546,52,4,5,0,5578,2,0,122,28927
131922607,3569582285,44334,35582,UDP,1521118750473551,1454,4,5,0,32054,0,0,117,27372
2136575678,3349795245,443,45330,TCP,1521118750473552,40,4,5,0,23338,2,0,54,16951
739856165,3978971499,443,33220,TCP,1521118750473552,547,4,5,0,51431,2,0,240,3609
1985755402,2059628448,34542,443,TCP,1521118750473555,52,4,5,0,54218,2,0,49,56367
1262073051,3450101976,80,18230,TCP,1521118750473560,52,4,5,0,13899,2,0,57,56551
2360209648,3337833862,443,57704,TCP,1521118750473564,1104,4,5,0,881,2,0,58,42783
3997137757,855585022,80,50311,TCP,1521118750473570,1480,4,5,0,24617,2,0,58,3437
3997137757,855585022,80,50311,TCP,1521118750473571,1480,4,5,0,24618,2,0,58,3436
1902972905,3353385922,6890,55858,TCP,1521118750473574,576,4,5,0,62656,2,0,56,26366
2546502277,3472982101,443,58006,TCP,1521118750473576,1500,4,5,0,46196,2,0,241,24066
751557310,3453281037,443,51097,TCP,1521118750473580,1500,4,5,0,64886,2,0,50,36153
1052818813,4223963664,443,54323,TCP,1521118750473591,1340,4,5,0,4485,2,0,240,59939
1052818813,4223963664,443,54323,TCP,1521118750473597,1340,4,5,0,4486,2,0,240,59938
2211447513,3233171219,3074,3074,UDP,1521118750473614,124,4,5,0,0,0,0,48,64510
942637450,1074109367,443,45442,TCP,1521118750473620,1500,4,5,8,38688,2,0,246,21117
942637450,1074109367,443,45442,TCP,1521118750473621,1500,4,5,8,38689,2,0,246,21116
942637450,1074109367,443,45442,TCP,1521118750473630,1500,4,5,8,38690,2,0,246,21115
942637450,1074109367,443,45442,TCP,1521118750473632,1500,4,5,8,38691,2,0,246,21114
942637450,1074109367,443,45442,TCP,1521118750473633,1500,4,5,8,38692,2,0,246,21113
942637450,1074109367,443,45442,TCP,1521118750473635,1500,4,5,8,38693,2,0,246,21112
942637450,1074109367,443,45442,TCP,1521118750473636,1500,4,5,8,38694,2,0,246,21111
1663269356,842571244,6907,52997,TCP,1521118750473638,1480,4,5,0,41454,2,0,56,60941
3542516066,4030665149,443,52920,UDP,1521118750473639,1378,4,5,0,0,2,0,58,58629
942637450,1074109367,443,45442,TCP,1521118750473641,1500,4,5,8,38695,2,0,246,21110
942637450,1074109367,443,45442,TCP,1521118750473644,1500,4,5,8,38696,2,0,246,21109
2211448054,3447549812,61456,6672,UDP,1521118750473646,157,4,5,0,7782,2,0,119,7986
938035621,3978971640,2001,2001,UDP,1521118750473646,133,4,5,0,34143,2,0,59,344
942637450,1074109367,443,45442,TCP,1521118750473648,1500,4,5,8,38697,2,0,246,21108
942637450,1074109367,443,45442,TCP,1521118750473649,1500,4,5,8,38698,2,0,246,21107
1346942457,3256833575,51030,23,TCP,1521118750473651,40,4,5,0,38296,0,0,49,54703
942637450,1074109367,443,45442,TCP,1521118750473651,561,4,5,8,38699,2,0,246,22045
1908321035,3223223603,27032,27032,UDP,1521118750473657,1500,4,5,0,16922,0,0,119,41435
789377141,3618729517,443,49915,TCP,1521118750473659,60,4,5,0,0,2,0,239,9819
2321806784,4095690823,39943,46145,UDP,1521118750473660,1466,4,5,0,11035,0,0,119,22157
1056163567,1962334036,443,56074,TCP,1521118750473663,963,4,5,0,47983,2,0,240,31127
3672188146,1962334020,443,42842,TCP,1521118750473666,52,4,5,0,52159,2,0,58,10486
1541939547,4095132722,1024,19436,UDP,1521118750473669,48,4,5,0,13383,0,0,113,57321
1750602206,3337636679,27382,11000,UDP,1521118750473676,200,4,5,0,0,2,0,52,47543
1663269356,842571244,6907,52997,TCP,1521118750473677,1480,4,5,0,41455,2,0,56,60940
2181312202,3447552123,25,50985,TCP,1521118750473680,52,4,5,0,28284,2,0,245,8320
3247102196,283551527,50724,80,TCP,1521118750473680,60,4,5,0,41945,2,0,51,20822
3766937918,3334585693,443,49526,TCP,1521118750473684,1400,4,5,40,13130,2,0,61,46889
3766937918,3334585693,443,49526,TCP,1521118750473685,1400,4,5,40,13131,2,0,61,46888
796591874,4104016769,9339,45403,TCP,1521118750473689,1400,4,5,0,27369,2,0,46,24058
790535833,1962334028,443,49040,TCP,1521118750473694,86,4,5,8,15078,2,0,237,14521
2338532798,3455737526,443,56371,TCP,1521118750473695,69,4,5,0,13450,2,0,242,28246
1636099152,3890314056,53,39403,UDP,1521118750473703,142,4,5,0,35332,0,0,56,20316
1210908214,1235565504,5527,445,TCP,1521118750473706,40,4,5,0,13515,2,0,113,2365
2056258359,3617733512,8195,8195,TCP,1521118750473709,101,4,5,0,28643,2,0,57,16574
739795645,1962334031,443,33214,TCP,1521118750473710,1500,4,5,0,28836,2,0,232,16732
739795645,1962334031,443,33214,TCP,1521118750473716,1500,4,5,0,28837,2,0,232,16731
739795645,1962334031,443,33214,TCP,1521118750473719,1500,4,5,0,28838,2,0,232,16730
739795645,1962334031,443,33214,TCP,1521118750473722,1375,4,5,0,28839,2,0,232,16854
738709536,3978971486,443,15942,TCP,1521118750473723,52,4,5,0,3067,2,0,240,19480
3442360673,3350329547,26170,2463,UDP,1521118750473723,48,4,5,0,15316,0,0,52,31708
3672219543,1962334003,48320,80,TCP,1521118750473728,1274,4,5,0,44804,2,0,60,50262
1001005187,4218216926,20268,40500,UDP,1521118750473732,48,4,5,0,23642,0,0,50,62186
2359939026,1962334046,443,56851,TCP,1521118750473733,792,4,5,0,63289,2,0,58,40405
1280619379,3447596809,8064,45297,TCP,1521118750473736,1400,4,5,0,17075,2,0,58,1150
2198075069,3347677455,443,51646,TCP,1521118750473740,115,4,5,0,63486,2,0,248,51243
3527255911,4030665106,443,37352,UDP,1521118750473749,1378,4,5,0,0,2,0,58,49172
3672239219,1962334039,443,58295,TCP,1521118750473759,52,4,5,0,65424,2,0,61,10896
3641063092,4225200602,443,58295,TCP,1521118750473762,120,4,5,24,15270,0,0,246,2857
1280619379,3447596809,8064,45297,TCP,1521118750473765,1173,4,5,0,17076,2,0,58,1376
353412874,4225762974,443,59860,TCP,1521118750473766,52,4,5,0,55437,2,0,52,44957
360214136,3474333155,443,63680,TCP,1521118750473767,40,4,5,0,42882,2,0,241,29027
360211871,3449289725,443,3998,TCP,1521118750473768,40,4,5,0,14431,2,0,241,3268
3294484954,1074109376,55136,9050,TCP,1521118750473779,52,4,5,0,39318,2,0,54,12592
982041130,2059628448,35756,443,TCP,1521118750473781,52,4,5,0,26825,2,0,51,63460
252236257,3390876291,3800,35536,UDP,1521118750473782,93,4,5,0,2820,0,0,116,58882
742162570,2325249586,443,35983,TCP,1521118750473783,52,4,5,0,23384,2,0,237,31962
2075941676,3262281986,443,52924,TCP,1521118750473802,40,4,5,0,52056,2,0,59,25114
1235502815,3617664148,9500,57884,UDP,1521118750473804,94,4,5,0,6492,2,0,53,38778
1632159315,1235559034,49776,445,TCP,1521118750473805,41,4,5,0,18428,2,0,108,13080
3885270028,3450107839,443,10348,TCP,1521118750473807,1440,4,5,0,62068,2,0,54,39902
3885270028,3450107839,443,10348,TCP,1521118750473808,1440,4,5,0,62069,2,0,54,39901
843816813,3347703686,8442,19482,TCP,1521118750473819,40,4,5,0,60908,2,0,59,53530
795834916,3978971499,443,58648,TCP,1521118750473820,1500,4,5,0,52118,2,0,240,55643
3742080115,3334524342,8801,29410,UDP,1521118750473821,259,4,5,0,16968,2,0,58,60843
795834916,3978971499,443,58648,TCP,1521118750473821,1500,4,5,0,52119,2,0,240,55642
1067692752,4038537380,443,57296,TCP,1521118750473827,1225,4,5,0,25128,2,0,237,4919
3885270028,3450107839,443,10348,TCP,1521118750473833,1440,4,5,0,62070,2,0,54,39900
2338532798,3455737526,443,56371,TCP,1521118750473837,1300,4,5,0,13451,2,0,242,27014
3756983464,3352051770,443,49338,TCP,1521118750473839,1400,4,5,0,64464,2,0,56,21777
3756983464,3352051770,443,49338,TCP,1521118750473842,1400,4,5,0,64465,2,0,56,21776
795148401,1962334022,443,60098,TCP,1521118750473843,52,4,5,0,8183,2,0,240,61113
360214362,4225791058,443,27654,TCP,1521118750473843,40,4,5,0,60019,2,0,241,43606
2005090876,4103964022,443,55134,TCP,1521118750473846,60,4,5,0,0,2,0,57,3561
1908321035,3223223603,27032,27032,UDP,1521118750473852,1500,4,5,0,16923,0,0,119,41434
2581081802,3455831494,11111,57237,UDP,1521118750473860,1455,4,5,0,27428,0,0,118,28597
1235721153,4225200978,443,43521,TCP,1521118750473872,1500,4,5,0,34302,2,0,58,24715
1235721153,4225200978,443,43521,TCP,1521118750473874,1500,4,5,0,34303,2,0,58,24714
2377634709,3390872894,443,51428,TCP,1521118750473875,1500,4,5,0,41868,2,0,60,52455
2377634709,3390872894,443,51428,TCP,1521118750473876,1500,4,5,0,41869,2,0,60,52454
1235721153,4225200978,443,43521,TCP,1521118750473878,1500,4,5,0,34304,2,0,58,24713
2056003583,3472991432,39286,22,TCP,1521118750473880,1500,4,5,0,37315,2,0,80,34051
2056003583,3472991432,39286,22,TCP,1521118750473881,1500,4,5,0,37316,2,0,80,34050
2056003583,3472991432,39286,22,TCP,1521118750473882,1500,4,5,0,37317,2,0,80,34049
2056003583,3472991432,39286,22,TCP,1521118750473883,1500,4,5,0,37318,2,0,80,34048
3729871276,3473428941,59870,22,TCP,1521118750473885,40,4,5,0,54321,0,0,240,42442
1235721153,4225200978,443,43521,TCP,1521118750473885,1500,4,5,0,34305,2,0,58,24712
1235721153,4225200978,443,43521,TCP,1521118750473886,1500,4,5,0,34306,2,0,58,24711
1235721153,4225200978,443,43521,TCP,1521118750473887,1500,4,5,0,34307,2,0,58,24710
1235721153,4225200978,443,43521,TCP,1521118750473889,1500,4,5,0,34308,2,0,58,24709
1235721153,4225200978,443,43521,TCP,1521118750473890,1500,4,5,0,34309,2,0,58,24708
2056003583,3472991432,39286,22,TCP,1521118750473892,1500,4,5,0,37319,2,0,80,34047
2056003583,3472991432,39286,22,TCP,1521118750473893,1500,4,5,0,37320,2,0,80,34046
2056003583,3472991432,39286,22,TCP,1521118750473894,1500,4,5,0,37321,2,0,80,34045
1774560132,3262274349,51413,51150,UDP,1521118750473896,1430,4,5,0,36571,0,0,56,50066
1235721153,4225200978,443,43521,TCP,1521118750473897,1500,4,5,0,34310,2,0,58,24707
795834916,3978971499,443,58648,TCP,1521118750473898,1500,4,5,0,52120,2,0,240,55641
1235721153,4225200978,443,43521,TCP,1521118750473899,1500,4,5,0,34311,2,0,58,24706
2056003583,3472991432,39286,22,TCP,1521118750473901,1500,4,5,0,37322,2,0,80,34044
1235721153,4225200978,443,43521,TCP,1521118750473902,1500,4,5,0,34312,2,0,58,24705
1235721153,4225200978,443,43521,TCP,1521118750473903,1500,4,5,0,34313,2,0,58,24704
574743261,3455013610,54795,1433,TCP,1521118750473904,40,4,5,0,44476,0,0,239,63514
1235721153,4225200978,443,43521,TCP,1521118750473904,1500,4,5,0,34314,2,0,58,24703
1235721153,4225200978,443,43521,TCP,1521118750473906,1500,4,5,0,34315,2,0,58,24702
795834916,3978971499,443,58648,TCP,1521118750473908,1500,4,5,0,52121,2,0,240,55640
1067495545,4102003830,80,57165,TCP,1521118750473909,52,4,5,0,57059,2,0,237,11728
1235721153,4225200978,443,43521,TCP,1521118750473909,1500,4,5,0,34316,2,0,58,24701
1235721153,4225200978,443,43521,TCP,1521118750473910,1500,4,5,0,34317,2,0,58,24700
1235721153,4225200978,443,43521,TCP,1521118750473911,1500,4,5,0,34318,2,0,58,24699
1235721153,4225200978,443,43521,TCP,1521118750473913,1500,4,5,0,34319,2,0,58,24698
1235721153,4225200978,443,43521,TCP,1521118750473914,1500,4,5,0,34320,2,0,58,24697
3527241872,3618741206,443,60529,UDP,1521118750473915,1378,4,5,0,0,2,0,59,33845
3527241872,3618741206,443,60529,UDP,1521118750473916,1378,4,5,0,0,2,0,59,33845
1235721153,4225200978,443,43521,TCP,1521118750473918,1500,4,5,0,34321,2,0,58,24696
938035621,3978971486,80,24900,TCP,1521118750473919,1500,4,5,0,7273,2,0,59,26012
938035621,3978971486,80,24900,TCP,1521118750473921,1500,4,5,0,7274,2,0,59,26011
738508114,3978971486,443,4828,TCP,1521118750473922,533,4,5,0,13307,2,0,241,13320
1780310530,3347596454,55705,27262,UDP,1521118750473924,1308,4,5,0,9181,0,0,118,17318
1434796219,4030689755,2324,80,TCP,1521118750473935,40,4,5,0,30358,2,0,51,55518
795834916,3978971499,443,58648,TCP,1521118750473941,1500,4,5,0,52122,2,0,240,55639
795834916,3978971499,443,58648,TCP,1521118750473943,1500,4,5,0,52123,2,0,240,55638
1124008501,3349792049,14587,28344,UDP,1521118750473945,1466,4,5,0,23889,0,0,116,4563
1274521016,1074109359,52712,1485,UDP,1521118750473946,249,4,5,24,40348,2,0,54,55515
752631134,3978971492,80,46000,TCP,1521118750473948,1472,4,5,0,50677,2,0,240,7801
3331067932,1962334175,62574,80,TCP,1521118750473949,60,4,5,0,17376,2,0,112,41821
1171196707,4030689852,48886,80,TCP,1521118750473949,52,4,5,0,27816,2,0,45,11694
752631134,3978971492,80,46000,TCP,1521118750473951,1472,4,5,0,50678,2,0,240,7800
752631134,3978971492,80,46000,TCP,1521118750473954,1472,4,5,0,50679,2,0,240,7799
1926890045,3450326223,48303,21170,UDP,1521118750473955,1466,4,5,0,12318,0,0,116,391
3403274093,3607559936,57275,59999,TCP,1521118750473956,40,4,5,0,21413,0,0,248,63195
739604588,3348704111,443,57613,TCP,1521118750473958,80,4,5,0,19355,2,0,237,43650
752631134,3978971492,80,46000,TCP,1521118750473959,1472,4,5,0,50680,2,0,240,7798
795834916,3978971499,443,58648,TCP,1521118750473960,179,4,5,0,52124,2,0,240,56958
3291933014,3453511171,443,1743,TCP,1521118750473960,40,4,5,0,21077,2,0,239,22545
1567935351,3232148695,56563,14446,UDP,1521118750473960,1396,4,5,0,27408,0,0,116,16383
2279959098,2336051402,80,58338,TCP,1521118750473962,1480,4,5,0,31694,2,0,48,64314
3997137757,3569581336,80,50848,TCP,1521118750473964,1480,4,5,0,62945,2,0,58,35285
3997137757,3569581336,80,50848,TCP,1521118750473965,1480,4,5,0,62946,2,0,58,35284
3480566128,3390574774,3478,58301,UDP,1521118750473967,189,4,5,0,53198,2,0,86,28845
751975458,2270145408,443,6818,TCP,1521118750473970,52,4,5,0,45527,2,0,235,16936
271271080,1962334184,46996,1485,UDP,1521118750473976,328,4,5,24,25756,2,0,58,14655
2279959098,2336051402,80,58338,TCP,1521118750473979,1480,4,5,0,31695,2,0,48,64313
3331064610,1962334005,51583,80,TCP,1521118750473982,52,4,5,0,32298,2,0,112,30399
821528206,2059628448,34606,443,TCP,1521118750473983,90,4,5,8,53118,2,0,45,56366
2279959098,2336051402,80,58338,TCP,1521118750473989,1480,4,5,0,31696,2,0,48,64312
1234923768,3445811768,443,62864,TCP,1521118750473991,64,4,5,0,33049,2,0,57,20080
4234129531,0,443,62864,TCP,1521118750473993,0,6,0,128,24,1,6712,223,63839
2279959098,2336051402,80,58338,TCP,1521118750473997,1480,4,5,0,31697,2,0,48,64311
739598999,3618636099,443,2469,TCP,1521118750474006,52,4,5,0,49023,2,0,237,26276
1868312282,4217659511,50824,10468,UDP,1521118750474007,576,4,5,0,55340,0,0,52,45678
282541494,3453634561,443,59996,TCP,1521118750474007,52,4,5,0,49324,2,0,239,26286
3457054028,3399975172,41318,34914,UDP,1521118750474008,48,4,5,0,20280,0,0,51,43390
942637450,1074109367,443,45442,TCP,1521118750474010,1500,4,5,8,38818,2,0,246,20987
2087007445,2270145412,443,48008,TCP,1521118750474012,303,4,5,0,14106,2,0,118,59552
942637450,1074109367,443,45442,TCP,1521118750474015,1500,4,5,8,38819,2,0,246,20986
2279959098,2336051402,80,58338,TCP,1521118750474016,1480,4,5,0,31698,2,0,48,64310
942637450,1074109367,443,45442,TCP,1521118750474018,1500,4,5,8,38820,2,0,246,20985
942637450,1074109367,443,45442,TCP,1521118750474021,1500,4,5,8,38821,2,0,246,20984
942637450,1074109367,443,45442,TCP,1521118750474022,1500,4,5,8,38822,2,0,246,20983
3741785781,3978971498,443,52048,TCP,1521118750474024,464,4,5,0,13716,2,0,248,5954
3525189015,3450107501,443,47303,TCP,1521118750474024,40,4,5,0,35976,2,0,51,34688
942637450,1074109367,443,45442,TCP,1521118750474027,1500,4,5,8,38823,2,0,246,20982
942637450,1074109367,443,45442,TCP,1521118750474028,1500,4,5,8,38824,2,0,246,20981
942637450,1074109367,443,45442,TCP,1521118750474029,1500,4,5,8,38825,2,0,246,20980
2503406240,1074109414,443,58706,TCP,1521118750474031,83,4,5,0,40802,2,0,57,16000
2279959098,2336051402,80,58338,TCP,1521118750474031,1480,4,5,0,31699,2,0,48,64309
942637450,1074109367,443,45442,TCP,1521118750474033,1500,4,5,8,38826,2,0,246,20979
942637450,1074109367,443,45442,TCP,1521118750474034,1500,4,5,8,38827,2,0,246,20978
942637450,1074109367,443,45442,TCP,1521118750474035,1500,4,5,8,38828,2,0,246,20977
942637450,1074109367,443,45442,TCP,1521118750474036,561,4,5,8,38829,2,0,246,21915
1907375063,4223574923,60750,22601,UDP,1521118750474037,80,4,5,0,10114,0,0,117,53577
1836329468,3233200593,52732,18301,TCP,1521118750474039,52,4,5,0,1029,2,0,118,61126
2285206418,3455008402,80,33473,TCP,1521118750474046,52,4,5,0,11759,2,0,55,1420
2503406240,1074109414,443,58706,TCP,1521118750474052,52,4,5,0,40803,2,0,57,16030
2005840799,3618740934,443,27973,TCP,1521118750474052,40,4,5,0,51726,0,0,43,10268
2137333085,3223218726,52166,30495,UDP,1521118750474053,75,4,5,0,29919,2,0,123,50107
3310683221,2317271739,53,34056,UDP,1521118750474055,1473,4,5,0,62403,0,0,59,28644
744358254,4041960738,443,39691,TCP,1521118750474057,1450,4,5,0,16535,2,0,237,48092
800783747,3347702009,443,46485,TCP,1521118750474065,64,4,5,0,14455,2,0,237,32639
915545817,3257475405,4050,58670,UDP,1521118750474083,52,4,5,0,25841,2,0,48,44262
799586877,3978971492,443,32560,TCP,1521118750474087,52,4,5,0,63293,2,0,240,29457
1962358044,4217677069,80,49418,TCP,1521118750474089,1492,4,5,0,57160,2,0,60,3926
2576930824,3446786971,80,49418,TCP,1521118750474096,1472,4,5,24,570,2,0,51,13580
1962358044,4217677069,80,49418,TCP,1521118750474101,1492,4,5,0,57161,2,0,60,3925
3672229350,1962334028,443,34059,TCP,1521118750474104,541,4,5,0,43378,2,0,60,42589
3494302120,3451632041,443,1554,TCP,1521118750474111,113,4,5,0,43707,2,0,56,28279
1793783526,3447595073,42747,26863,UDP,1521118750474115,54,4,5,8,30517,0,0,116,32745
1926890045,3450326223,48303,21170,UDP,1521118750474117,1466,4,5,0,12319,0,0,116,390
739598999,3618636099,443,2469,TCP,1521118750474122,52,4,5,0,49024,2,0,237,26275
517385572,4093843478,80,50531,TCP,1521118750474126,1450,4,5,2,57230,2,0,59,33385
517385572,4093843478,80,50531,TCP,1521118750474128,1450,4,5,2,57231,2,0,59,33384
718026144,3443987929,6008,11682,UDP,1521118750474129,51,4,5,9,8707,2,0,54,57121
2338532798,3455737526,443,56371,TCP,1521118750474130,1300,4,5,0,13456,2,0,242,27009
2338532798,3455737526,443,56371,TCP,1521118750474131,1300,4,5,0,13457,2,0,242,27008
938031650,3255953002,53147,58612,UDP,1521118750474132,41,4,5,0,18822,2,0,118,41142
1264309528,3978971485,443,23390,TCP,1521118750474138,1500,4,5,32,65018,2,0,61,58117
1264309528,3978971485,443,23390,TCP,1521118750474142,1500,4,5,32,65019,2,0,61,58116
718027554,3453656738,6008,1353,UDP,1521118750474143,110,4,5,9,36381,2,0,54,58349
3491177183,3451487811,43748,34490,TCP,1521118750474143,52,4,5,0,19727,2,0,55,44993
3331072982,1962334175,50410,80,TCP,1521118750474144,40,4,5,0,18848,2,0,112,35319
3491177183,3451487811,43748,34490,TCP,1521118750474148,69,4,5,0,19728,2,0,55,44975
744990838,2325249773,443,47405,TCP,1521118750474149,40,4,5,0,29103,2,0,222,19645
2087007442,2270145426,443,19758,TCP,1521118750474154,303,4,5,0,31369,2,0,118,42278
1739434397,4225209503,80,41538,TCP,1521118750474155,1340,4,5,0,27134,2,0,58,12284
718026217,3453656624,7008,42711,UDP,1521118750474158,52,4,5,9,35501,2,0,54,60738
1280582700,3391053427,36636,60761,UDP,1521118750474160,48,4,5,0,15806,0,0,118,28140
1739434397,4225209503,80,41538,TCP,1521118750474160,1340,4,5,0,27135,2,0,58,12283
1628330431,3399953661,29799,61472,TCP,1521118750474162,1400,4,5,0,24674,2,0,116,61099
2338532798,3455737526,443,56371,TCP,1521118750474164,1300,4,5,0,13458,2,0,242,27007
2399207733,4094965799,443,63336,TCP,1521118750474165,52,4,5,0,34120,2,0,245,17417
1780310530,3347596454,55705,27262,UDP,1521118750474170,1308,4,5,0,9182,0,0,118,17317
1066579306,3571996730,80,55962,TCP,1521118750474171,52,4,5,0,6068,2,0,242,20208
2005836026,4030665149,443,58171,TCP,1521118750474173,1440,4,5,0,56498,0,0,58,33824
618317889,3338646293,28234,22,TCP,1521118750474174,136,4,5,0,9683,2,0,48,48492
1264309561,3978971484,443,38002,TCP,1521118750474185,52,4,5,0,7383,2,0,61,51665
3585292132,3455830224,443,29469,TCP,1521118750474187,52,4,5,0,65008,2,0,54,41711
2056003583,3472991432,39286,22,TCP,1521118750474188,1500,4,5,0,37323,2,0,80,34043
2056003583,3472991432,39286,22,TCP,1521118750474194,1500,4,5,0,37324,2,0,80,34042
2056003583,3472991432,39286,22,TCP,1521118750474195,1500,4,5,0,37325,2,0,80,34041
2056003583,3472991432,39286,22,TCP,1521118750474196,1500,4,5,0,37326,2,0,80,34040
2056003583,3472991432,39286,22,TCP,1521118750474198,1500,4,5,0,37327,2,0,80,34039
1560086754,2320216900,55435,23,TCP,1521118750474199,40,4,5,0,22015,0,0,50,36706
2056003583,3472991432,39286,22,TCP,1521118750474199,1500,4,5,0,37328,2,0,80,34038
2056003583,3472991432,39286,22,TCP,1521118750474201,1500,4,5,0,37329,2,0,80,34037
2056003583,3472991432,39286,22,TCP,1521118750474204,1500,4,5,0,37330,2,0,80,34036
2056003583,3472991432,39286,22,TCP,1521118750474205,116,4,5,0,37331,2,0,80,35419
3584888104,1962334162,39286,22,TCP,1521118750474205,84,4,5,0,41620,2,0,54,29302
2056003583,3472991432,39286,22,TCP,1521118750474206,1500,4,5,0,37332,2,0,80,34034
1176524145,3450288207,58736,22,TCP,1521118750474207,40,4,5,0,13398,0,0,242,62193
2056003583,3472991432,39286,22,TCP,1521118750474211,1500,4,5,0,37333,2,0,80,34033
2056003583,3472991432,39286,22,TCP,1521118750474213,1500,4,5,0,37334,2,0,80,34032
2056003583,3472991432,39286,22,TCP,1521118750474214,1500,4,5,0,37335,2,0,80,34031
2056003583,3472991432,39286,22,TCP,1521118750474215,1372,4,5,0,37336,2,0,80,34158
1053672582,3978971493,443,49726,TCP,1521118750474216,52,4,5,0,42091,2,0,241,43892
2576930824,3446786971,443,49726,TCP,1521118750474216,1472,4,5,24,55302,2,0,51,24383
1055405031,3353384241,8106,45182,UDP,1521118750474221,48,4,5,0,19961,0,0,235,45538
3741522051,3473536745,443,17042,TCP,1521118750474237,1452,4,5,0,52158,2,0,60,45075
739604588,3348704111,443,57613,TCP,1521118750474238,80,4,5,0,19356,2,0,237,43649
1056036758,2270145478,443,56906,TCP,1521118750474239,761,4,5,0,11623,2,0,232,6394
283991534,1962334034,443,64530,TCP,1521118750474240,52,4,5,8,39686,2,0,59,59793
3997137757,3569581336,80,50848,TCP,1521118750474243,1480,4,5,0,62947,2,0,58,35283
3997137757,3569581336,80,50848,TCP,1521118750474245,1480,4,5,0,62948,2,0,58,35282
2390870740,3571692396,443,4337,TCP,1521118750474247,1492,4,5,0,1905,2,0,57,21261
2390870740,3571692396,443,4337,TCP,1521118750474248,1492,4,5,0,1906,2,0,57,21260
832347433,1235577784,54880,445,TCP,1521118750474250,40,4,5,0,15276,2,0,119,17409
2211642716,3569507210,80,51172,TCP,1521118750474259,40,4,5,0,42893,2,0,247,10950
2047703765,3569572274,443,23903,TCP,1521118750474260,52,4,5,0,47326,2,0,245,43404
1226543713,3978971497,443,19136,TCP,1521118750474264,52,4,5,0,9371,2,0,240,21528
3978970903,3978971499,443,36512,TCP,1521118750474266,52,4,5,0,42979,2,0,60,11273
2364715138,1074109316,443,59300,TCP,1521118750474271,531,4,5,0,6589,2,0,55,3882
1056163567,1962334036,443,56074,TCP,1521118750474272,922,4,5,0,47984,2,0,240,31167
3262205927,3455737321,55625,48568,UDP,1521118750474278,1091,4,5,0,11176,0,0,118,54981
1898886974,3353372333,53368,36725,UDP,1521118750474282,48,4,5,0,2611,0,0,116,58767
1190350650,3569572266,80,57863,TCP,1521118750474288,40,4,5,0,46926,2,0,53,51686
2487834000,1074109373,80,37880,TCP,1521118750474289,1500,4,5,0,32264,2,0,248,14711
2487834000,1074109373,80,37880,TCP,1521118750474290,1500,4,5,0,32265,2,0,248,14710
2487834000,1074109373,80,37880,TCP,1521118750474292,1500,4,5,0,32266,2,0,248,14709
2487834000,1074109373,80,37880,TCP,1521118750474293,1500,4,5,0,32267,2,0,248,14708
2487834000,1074109373,80,37880,TCP,1521118750474295,1500,4,5,0,32268,2,0,248,14707
1434796219,4030689755,2324,80,TCP,1521118750474296,40,4,5,0,30359,2,0,51,55517
2487834000,1074109373,80,37880,TCP,1521118750474296,1500,4,5,0,32269,2,0,248,14706
1780310530,3347596454,55705,27262,UDP,1521118750474297,1308,4,5,0,9183,0,0,118,17316
2487834000,1074109373,80,37880,TCP,1521118750474299,1500,4,5,0,32270,2,0,248,14705
2487834000,1074109373,80,37880,TCP,1521118750474300,1500,4,5,0,32271,2,0,248,14704
2487834000,1074109373,80,37880,TCP,1521118750474301,1500,4,5,0,32272,2,0,248,14703
2682440032,1962334025,443,40719,TCP,1521118750474302,52,4,5,0,53700,2,0,237,1660
2487834000,1074109373,80,37880,TCP,1521118750474302,1500,4,5,0,32273,2,0,248,14702
2487834000,1074109373,80,37880,TCP,1521118750474304,1500,4,5,0,32274,2,0,248,14701
131922607,3569582285,44334,35582,UDP,1521118750474305,1454,4,5,0,32055,0,0,117,27371
2487834000,1074109373,80,37880,TCP,1521118750474306,1500,4,5,0,32275,2,0,248,14700
2302893950,3484683469,34047,30705,UDP,1521118750474308,1455,4,5,0,9633,0,0,114,22618
738456917,3441432792,443,49381,TCP,1521118750474317,264,4,5,0,7440,2,0,240,25998
2279000371,3242286394,80,51666,TCP,1521118750474319,1476,4,5,0,64667,2,0,59,52754
3276074439,3618637954,14032,26019,UDP,1521118750474327,673,4,5,0,11831,0,0,119,33238
3272940864,3223150537,15360,58695,UDP,1521118750474337,48,4,5,16,31262,0,0,118,51794
2576930824,3446786971,15360,58695,UDP,1521118750474337,1472,4,5,24,42591,2,0,51,37094
844420957,4218199227,13850,49387,TCP,1521118750474339,1300,4,5,0,13255,2,0,55,26947
844420957,4218199227,13850,49387,TCP,1521118750474340,642,4,5,0,13256,2,0,55,27604
1354356829,3347702637,63836,31907,UDP,1521118750474340,58,4,5,0,22691,0,0,49,23810
2310351729,3560982193,80,55459,TCP,1521118750474341,1480,4,5,0,52242,2,0,53,41989
2310351729,3560982193,80,55459,TCP,1521118750474342,1480,4,5,0,52243,2,0,53,41988
942637450,1074109367,443,45442,TCP,1521118750474344,1500,4,5,8,38925,2,0,246,20880
2279000361,3390969558,80,58764,TCP,1521118750474345,1500,4,5,0,27743,2,0,59,39880
942637450,1074109367,443,45442,TCP,1521118750474347,1500,4,5,8,38926,2,0,246,20879
942637450,1074109367,443,45442,TCP,1521118750474349,1500,4,5,8,38927,2,0,246,20878
2310351729,3560982193,80,55459,TCP,1521118750474351,1480,4,5,0,52244,2,0,53,41987
2310351729,3560982193,80,55459,TCP,1521118750474352,1480,4,5,0,52245,2,0,53,41986
139152287,3608343554,443,26333,TCP,1521118750474353,52,4,5,0,19866,0,0,245,22826
2310351729,3560982193,80,55459,TCP,1521118750474353,1480,4,5,0,52246,2,0,53,41985
942637450,1074109367,443,45442,TCP,1521118750474354,1500,4,5,8,38928,2,0,246,20877
2310351729,3560982193,80,55459,TCP,1521118750474356,1480,4,5,0,52247,2,0,53,41984
2005170356,3618109514,443,51362,TCP,1521118750474357,40,4,5,0,51257,2,0,246,64618
2310351729,3560982193,80,55459,TCP,1521118750474357,1480,4,5,0,52248,2,0,53,41983
2310351729,3560982193,80,55459,TCP,1521118750474358,1480,4,5,0,52249,2,0,53,41982
942637450,1074109367,443,45442,TCP,1521118750474360,1500,4,5,8,38929,2,0,246,20876
2364715218,1074109414,443,32803,TCP,1521118750474361,1500,4,5,0,64337,2,0,55,10522
2310351729,3560982193,80,55459,TCP,1521118750474362,1480,4,5,0,52250,2,0,53,41981
1741649608,1235570562,33718,445,TCP,1521118750474363,40,4,5,0,15532,2,0,113,21861
2310351729,3560982193,80,55459,TCP,1521118750474364,1480,4,5,0,52251,2,0,53,41980
2310351729,3560982193,80,55459,TCP,1521118750474365,1480,4,5,0,52252,2,0,53,41979
2364715218,1074109414,443,32803,TCP,1521118750474366,794,4,5,0,64338,2,0,55,11227
942637450,1074109367,443,45442,TCP,1521118750474367,1500,4,5,8,38930,2,0,246,20875
942637450,1074109367,443,45442,TCP,1521118750474368,1500,4,5,8,38931,2,0,246,20874
942637450,1074109367,443,45442,TCP,1521118750474370,1500,4,5,8,38932,2,0,246,20873
2310351729,3560982193,80,55459,TCP,1521118750474371,1480,4,5,0,52253,2,0,53,41978
2310351729,3560982193,80,55459,TCP,1521118750474372,1480,4,5,0,52254,2,0,53,41977
844417322,4038534060,6108,37388,TCP,1521118750474373,1400,4,5,0,9968,2,0,55,1966
844417322,4038534060,6108,37388,TCP,1521118750474375,334,4,5,0,9969,2,0,55,3031
942637450,1074109367,443,45442,TCP,1521118750474375,1500,4,5,8,38933,2,0,246,20872
269242592,3978971485,443,63484,TCP,1521118750474376,52,4,5,0,42187,2,0,58,1157
742044529,3472997381,443,50848,TCP,1521118750474376,40,4,5,0,7410,2,0,237,1579
942637450,1074109367,443,45442,TCP,1521118750474376,1500,4,5,8,38934,2,0,246,20871
2310351729,3560982193,80,55459,TCP,1521118750474378,1480,4,5,0,52255,2,0,53,41976
1053659411,1962334022,443,57608,TCP,1521118750474379,1500,4,5,0,43252,2,0,240,49161
942637450,1074109367,443,45442,TCP,1521118750474381,1500,4,5,8,38935,2,0,246,20870
942637450,1074109367,443,45442,TCP,1521118750474382,561,4,5,8,38936,2,0,246,21808
1053659411,1962334022,443,57608,TCP,1521118750474382,1500,4,5,0,43253,2,0,240,49160
1490266674,3390885700,57422,22,TCP,1521118750474384,52,4,5,224,9471,2,0,48,34942
1053659411,1962334022,443,57608,TCP,1521118750474384,1500,4,5,0,43254,2,0,240,49159
2364715218,1074109414,443,32803,TCP,1521118750474385,1500,4,5,0,64339,2,0,55,10520
1053659411,1962334022,443,57608,TCP,1521118750474386,1500,4,5,0,43255,2,0,240,49158
2364715218,1074109414,443,32803,TCP,1521118750474388,1500,4,5,0,64340,2,0,55,10519
2364715218,1074109414,443,32803,TCP,1521118750474389,1500,4,5,0,64341,2,0,55,10518
2364715218,1074109414,443,32803,TCP,1521118750474390,1500,4,5,0,64342,2,0,55,10517
2364715218,1074109414,443,32803,TCP,1521118750474392,1500,4,5,0,64343,2,0,55,10516
2364715218,1074109414,443,32803,TCP,1521118750474393,1500,4,5,0,64344,2,0,55,10515
2211447548,3347678223,61456,1024,UDP,1521118750474395,186,4,5,0,12434,2,0,115,1084
4182134626,3453171858,123,123,UDP,1521118750474402,76,4,5,0,185,0,0,56,13018
1902972905,3353385922,6890,55858,TCP,1521118750474403,576,4,5,0,62657,2,0,56,26365
1902972905,3353385922,6890,55858,TCP,1521118750474404,576,4,5,0,62658,2,0,56,26364
2364715218,1074109414,443,32803,TCP,1521118750474408,1180,4,5,0,64345,2,0,55,10834
1742537918,3337821445,23401,49154,TCP,1521118750474409,40,4,5,0,30123,2,0,56,31889
1902972905,3353385922,6890,55858,TCP,1521118750474410,576,4,5,0,62659,2,0,56,26363
358335756,1962334022,443,35575,TCP,1521118750474416,40,4,5,0,21655,2,0,244,2964
1053659411,1962334022,443,57608,TCP,1521118750474418,723,4,5,0,43256,2,0,240,49934
1465466201,3617785383,16762,1214,UDP,1521118750474418,48,4,5,0,26042,0,0,115,28550
1280619379,3451631762,8064,26691,TCP,1521118750474429,902,4,5,0,42882,2,0,58,4058
2146591820,1074109402,9482,53078,TCP,1521118750474437,52,4,5,0,49549,2,0,57,49176
504317775,3472993356,443,59492,TCP,1521118750474439,1450,4,5,0,45347,2,0,91,34942
504317775,3472993356,443,59492,TCP,1521118750474441,1450,4,5,0,45348,2,0,91,34941
2178093717,1962334025,443,43450,TCP,1521118750474446,52,4,5,32,17869,2,0,243,24878
2178093717,1962334025,443,43450,TCP,1521118750474446,52,4,5,32,17870,2,0,243,24877
2399207733,4094965799,443,63336,TCP,1521118750474453,52,4,5,0,34124,2,0,245,17413
1295566209,1235577291,8710,445,TCP,1521118750474462,41,4,5,0,4635,2,0,113,12682
2682440032,1962334025,443,40719,TCP,1521118750474462,52,4,5,0,53701,2,0,237,1659
2682440032,1962334025,443,40719,TCP,1521118750474463,52,4,5,0,53703,2,0,237,1657
1056009297,3338140671,38558,5544,TCP,1521118750474463,52,4,5,0,42058,2,0,50,13888
280760106,1962334132,43908,9050,TCP,1521118750474467,52,4,5,0,2749,2,0,55,52342
284281003,1074109364,80,63403,TCP,1521118750474476,1500,4,5,8,45171,2,0,59,54346
2353100481,1074109416,80,61435,TCP,1521118750474477,52,4,5,0,52014,2,0,58,38565
1902972905,3353385922,6890,55858,TCP,1521118750474480,576,4,5,0,62660,2,0,56,26362
1902972905,3353385922,6890,55858,TCP,1521118750474480,576,4,5,0,62661,2,0,56,26361
1902972905,3353385922,6890,55858,TCP,1521118750474481,576,4,5,0,62662,2,0,56,26360
3741785781,3978971484,443,10908,TCP,1521118750474486,52,4,5,0,50389,2,0,248,35242
284281003,1074109364,80,63403,TCP,1521118750474488,1500,4,5,8,45172,2,0,59,54345
3527241872,3618740937,443,27328,TCP,1521118750474496,1472,4,5,0,32453,0,0,58,18218
740697654,3472953163,443,52723,TCP,1521118750474504,40,4,5,0,23051,2,0,237,796
3419131041,3558786780,443,52723,TCP,1521118750474506,84,4,5,0,6032,0,0,55,14513
2056272203,3449033005,8292,45300,TCP,1521118750474506,186,4,5,0,29630,2,0,58,14819
2258940747,3978971498,2515,64624,TCP,1521118750474508,52,4,5,0,42960,2,0,58,10351
1038694145,0,2515,64624,TCP,1521118750474511,0,6,0,0,701,0,4411,223,59134
2510188297,3349796374,80,4129,TCP,1521118750474513,1480,4,5,0,51356,2,0,54,54315
360214141,3334584641,443,57545,TCP,1521118750474520,40,4,5,0,10747,2,0,241,23516
2510188297,3349796374,80,4129,TCP,1521118750474521,1480,4,5,0,51357,2,0,54,54314
2247766087,1962333995,49363,80,TCP,1521118750474524,64,4,5,8,0,2,0,53,17229
132663099,1962334108,39880,9043,UDP,1521118750474531,116,4,5,8,64023,2,0,59,43427
1962370036,1962334114,51353,1485,UDP,1521118750474534,1349,4,5,24,52801,2,0,58,18378
280760106,1962334132,43908,9050,TCP,1521118750474541,52,4,5,0,2750,2,0,55,52341
280760106,1962334132,43908,9050,TCP,1521118750474541,52,4,5,0,2751,2,0,55,52340
2075950033,3448460724,80,50262,TCP,1521118750474546,40,4,5,0,29558,2,0,58,45708
817137769,3233202499,49502,123,UDP,1521118750474552,36,4,5,0,58769,0,0,248,41503
1306306959,2205392970,27024,57011,UDP,1521118750474554,157,4,5,0,1496,0,0,113,10319
1950692077,3391049712,443,50000,TCP,1521118750474560,1500,4,5,0,57913,2,0,55,39584
794092898,3978971499,80,33060,TCP,1521118750474561,40,4,5,0,41596,2,0,49,23559
2465924214,3454827613,5938,60404,TCP,1521118750474568,40,4,5,0,2930,2,0,122,5027
3527241946,3618741021,443,41423,UDP,1521118750474571,1378,4,5,0,0,2,0,58,34212
2302893950,3484683469,34047,30705,UDP,1521118750474574,1455,4,5,0,9634,0,0,114,22617
37272837,3445811728,19000,33527,TCP,1521118750474576,52,4,5,0,2292,2,0,54,50463
280760106,1962334132,43908,9050,TCP,1521118750474576,52,4,5,0,2752,2,0,55,52339
150836219,3472949316,443,36863,TCP,1521118750474583,1480,4,5,0,24270,0,0,56,45604
1962370036,1962334114,51353,1485,UDP,1521118750474585,1349,4,5,24,52802,2,0,58,18377
150836219,3472949316,443,36863,TCP,1521118750474586,1480,4,5,0,24271,0,0,56,45603
3877058099,4030665138,443,36863,TCP,1521118750474588,1464,4,5,32,28537,2,0,248,60989
2359936989,1074109419,443,50098,TCP,1521118750474591,52,4,5,0,29718,2,0,58,39990
2285206418,3455008402,80,33473,TCP,1521118750474593,146,4,5,0,11760,2,0,55,1325
3294383313,1962334038,443,56087,TCP,1521118750474601,378,4,5,0,7303,2,0,58,50556
2359936989,1074109419,443,50098,TCP,1521118750474601,52,4,5,0,29719,2,0,58,39989
1407631917,4211110797,25940,1795,UDP,1521118750474612,48,4,5,0,8045,0,0,116,41646
1407631917,4211110797,25940,1795,UDP,1521118750474612,48,4,5,0,8046,0,0,116,41645
1407631917,4211110797,25940,1795,UDP,1521118750474612,48,4,5,0,8048,0,0,116,41643
1053672582,3978971489,443,55162,TCP,1521118750474617,1500,4,5,0,725,2,0,241,18279
1053672582,3978971489,443,55162,TCP,1521118750474619,1500,4,5,0,726,2,0,241,18278
269242579,3978971487,443,32384,TCP,1521118750474624,1480,4,5,0,43931,2,0,58,63531
269242579,3978971487,443,32384,TCP,1521118750474625,1480,4,5,0,43932,2,0,58,63530
1928490250,3451520599,443,49412,TCP,1521118750474629,279,4,5,0,921,2,0,55,35642
1054190578,3349748500,80,51037,TCP,1521118750474637,944,4,5,0,1673,2,0,238,46393
1054190578,3349748500,80,51037,TCP,1521118750474638,57,4,5,0,1674,2,0,238,47279
283364704,2338943062,443,40404,TCP,1521118750474641,1492,4,5,0,45507,2,0,54,45917
738433434,2270145447,443,28064,TCP,1521118750474643,378,4,5,0,55812,2,0,240,46820
283364704,2338943062,443,40404,TCP,1521118750474646,1492,4,5,0,45508,2,0,54,45916
1053063130,1074109413,443,35761,TCP,1521118750474647,105,4,5,0,57914,2,0,50,54219
2087007433,2270145478,443,2190,TCP,1521118750474647,303,4,5,0,8198,2,0,118,65406
1663269356,842571244,6907,52997,TCP,1521118750474647,1480,4,5,0,41456,2,0,56,60939
1663269356,842571244,6907,52997,TCP,1521118750474649,1480,4,5,0,41457,2,0,56,60938
1962370036,1962334114,51353,1485,UDP,1521118750474651,1394,4,5,24,52803,2,0,58,18331
1056477355,3229900461,443,52670,TCP,1521118750474654,111,4,5,0,17480,2,0,240,22379
800678271,3618740955,443,59767,TCP,1521118750474657,52,4,5,0,20166,2,0,238,14904
2155476776,3223149773,443,33859,TCP,1521118750474660,1392,4,5,0,58407,2,0,54,50899
2155476776,3223149773,443,33859,TCP,1521118750474662,1392,4,5,0,58408,2,0,54,50898
738372476,3978971489,443,14874,TCP,1521118750474672,52,4,5,0,25679,2,0,240,6250
1053672582,3978971489,443,55162,TCP,1521118750474678,1500,4,5,0,727,2,0,241,18277
2546502277,3472982101,443,58006,TCP,1521118750474680,747,4,5,0,46200,2,0,241,24815
791460543,1962334034,443,49694,TCP,1521118750474680,52,4,5,0,12168,2,0,237,10247
1053672582,3978971489,443,55162,TCP,1521118750474680,1500,4,5,0,728,2,0,241,18276
2285206418,4098065789,80,18895,TCP,1521118750474689,60,4,5,0,0,2,0,53,51251
2363844729,3349793671,443,51413,TCP,1521118750474690,131,4,5,0,1551,2,0,246,62933
739856165,3978971493,443,38680,TCP,1521118750474694,52,4,5,0,39386,2,0,234,17691
3430701592,3569494444,55289,40382,UDP,1521118750474696,48,4,5,0,54605,0,0,55,35180
2377634709,3390995114,443,42713,TCP,1521118750474697,564,4,5,0,59382,2,0,60,44727
2377634709,3390995114,443,42713,TCP,1521118750474698,564,4,5,0,59383,2,0,60,44726
942637450,1074109367,443,45442,TCP,1521118750474702,1500,4,5,8,39009,2,0,246,20796
942637450,1074109367,443,45442,TCP,1521118750474703,1500,4,5,8,39010,2,0,246,20795
3672239423,1962334044,443,43682,TCP,1521118750474704,1300,4,5,0,60878,2,0,61,13985
3310683221,2317271739,53,34056,UDP,1521118750474706,1473,4,5,0,62404,0,0,59,28643
150836219,3472949316,443,36863,TCP,1521118750474707,1480,4,5,0,24272,0,0,56,45602
1962358611,2321235990,80,49529,TCP,1521118750474709,1500,4,5,0,10382,2,0,60,39378
942637450,1074109367,443,45442,TCP,1521118750474710,1500,4,5,8,39011,2,0,246,20794
942637450,1074109367,443,45442,TCP,1521118750474712,1500,4,5,8,39012,2,0,246,20793
1962358611,2321235990,80,49529,TCP,1521118750474713,1500,4,5,0,10383,2,0,60,39377
942637450,1074109367,443,45442,TCP,1521118750474714,1500,4,5,8,39013,2,0,246,20792
942637450,1074109367,443,45442,TCP,1521118750474715,1500,4,5,8,39014,2,0,246,20791
150836219,3472949316,443,36863,TCP,1521118750474717,1480,4,5,0,24273,0,0,56,45601
942637450,1074109367,443,45442,TCP,1521118750474718,1500,4,5,8,39015,2,0,246,20790
799625176,3978971492,443,63284,TCP,1521118750474719,1500,4,5,0,24588,2,0,240,28415
453509189,3618729028,34022,22,TCP,1521118750474721,44,4,5,0,54321,0,0,249,36439
1962370036,1962334114,51353,1485,UDP,1521118750474721,1393,4,5,24,52804,2,0,58,18331
799625176,3978971492,443,63284,TCP,1521118750474722,1500,4,5,0,24587,2,0,240,28416
942637450,1074109367,443,45442,TCP,1521118750474723,1500,4,5,8,39016,2,0,246,20789
3306889443,3453165133,80,1657,TCP,1521118750474724,1400,4,5,0,866,2,0,61,25343
1611691846,3451405050,49712,16844,UDP,1521118750474726,1308,4,5,0,10113,0,0,117,12615
3306889443,3453165133,80,1657,TCP,1521118750474727,1400,4,5,0,867,2,0,61,25342
942637450,1074109367,443,45442,TCP,1521118750474728,1500,4,5,8,39017,2,0,246,20788
942637450,1074109367,443,45442,TCP,1521118750474730,1500,4,5,8,39018,2,0,246,20787
1053672582,3978971489,443,55162,TCP,1521118750474731,1500,4,5,0,729,2,0,241,18275
942637450,1074109367,443,45442,TCP,1521118750474732,1500,4,5,8,39019,2,0,246,20786
1053672582,3978971489,443,55162,TCP,1521118750474733,1500,4,5,0,730,2,0,241,18274
942637450,1074109367,443,45442,TCP,1521118750474735,561,4,5,8,39020,2,0,246,21724
740697654,3472953163,443,52723,TCP,1521118750474737,40,4,5,0,23052,2,0,237,795
744358254,4041960738,443,39691,TCP,1521118750474741,1450,4,5,0,16536,2,0,237,48091
280760106,1962334132,43908,9050,TCP,1521118750474742,52,4,5,0,2753,2,0,55,52338
799625176,3978971492,443,63284,TCP,1521118750474745,1500,4,5,0,24589,2,0,240,28414
799625176,3978971492,443,63284,TCP,1521118750474746,1500,4,5,0,24590,2,0,240,28413
1190697378,3472982905,62835,21165,TCP,1521118750474750,52,4,5,0,14720,2,0,113,40238
1623024516,3390572186,80,22695,TCP,1521118750474752,52,4,5,0,0,2,0,57,44240
1056163567,1962334036,443,56074,TCP,1521118750474761,1044,4,5,0,47985,2,0,240,31044
3527246821,3618740955,443,26916,UDP,1521118750474770,1378,4,5,0,0,2,0,58,29403
2302893950,3484683469,34047,30705,UDP,1521118750474773,1455,4,5,0,9635,0,0,114,22616
3527246821,3618740955,443,26916,UDP,1521118750474777,1378,4,5,0,0,2,0,58,29403
799625176,3978971492,443,63284,TCP,1521118750474780,1500,4,5,0,24591,2,0,240,28412
799625176,3978971492,443,63284,TCP,1521118750474781,1299,4,5,0,24592,2,0,240,28612
2039822958,3452099031,48034,8212,UDP,1521118750474782,160,4,5,0,19889,2,0,56,39166
968415531,283553118,161,50939,TCP,1521118750474786,40,4,5,4,44014,2,0,49,52405
738709536,3978971487,443,31678,TCP,1521118750474794,548,4,5,0,53486,2,0,240,34099
752778489,3338519290,443,42832,TCP,1521118750474795,52,4,5,0,55705,2,0,233,33882
2285203148,3560982193,80,55460,TCP,1521118750474800,1480,4,5,0,14313,2,0,55,62547
2285203148,3560982193,80,55460,TCP,1521118750474802,1480,4,5,0,14314,2,0,55,62546
2381069022,3890314076,53,41898,UDP,1521118750474803,362,4,5,0,0,2,0,245,22650
2047905618,4041960589,80,26763,TCP,1521118750474806,60,4,5,0,0,2,0,60,55264
3877058099,4030665138,80,26763,TCP,1521118750474807,1464,4,5,32,28540,2,0,248,60986
1611691846,3451405050,49712,16844,UDP,1521118750474809,1308,4,5,0,10114,0,0,117,12614
4116868871,3353311775,44128,110,TCP,1521118750474815,40,4,5,0,54321,0,0,247,18741
1053672582,3978971489,443,55162,TCP,1521118750474816,1500,4,5,0,731,2,0,241,18273
1053672582,3978971489,443,55162,TCP,1521118750474817,1500,4,5,0,732,2,0,241,18272
1821906474,3455648090,21469,64110,UDP,1521118750474818,48,4,5,0,24330,0,0,120,37277
1962370036,1962334114,51353,1485,UDP,1521118750474823,1475,4,5,24,52805,2,0,58,18248
1638027908,842571310,40804,33138,UDP,1521118750474830,80,4,5,0,12583,2,0,52,37097
2651544442,843175491,27381,445,TCP,1521118750474833,52,4,5,8,11649,2,0,112,56112
2005835792,3618740934,443,26897,UDP,1521118750474837,1378,4,5,0,0,2,0,59,45172
718027690,2324812107,6008,1204,UDP,1521118750474840,104,4,5,9,3054,2,0,54,30267
1774560132,3262274349,51413,51150,UDP,1521118750474849,1430,4,5,0,36572,0,0,56,50065
1962370036,1962334114,51353,1485,UDP,1521118750474852,1475,4,5,24,52806,2,0,58,18247
795123333,3978971484,443,19626,TCP,1521118750474856,52,4,5,0,22070,2,0,240,12317
1053672582,3978971489,443,55162,TCP,1521118750474863,1500,4,5,0,733,2,0,241,18271
1053672582,3978971489,443,55162,TCP,1521118750474865,1500,4,5,0,734,2,0,241,18270
3585080811,3445858056,5222,50608,TCP,1521118750474871,135,4,5,0,10421,2,0,54,56244
2538087623,3890314076,53,26204,UDP,1521118750474871,155,4,5,4,36709,0,0,49,55963
139068311,3337821445,80,49769,TCP,1521118750474879,40,4,5,0,52686,2,0,247,50727
718026168,4173865593,7008,6390,UDP,1521118750474881,77,4,5,9,49265,2,0,54,2144
1962370036,1962334114,51353,1485,UDP,1521118750474885,1417,4,5,24,52807,2,0,58,18304
1774560132,3262274349,51413,51150,UDP,1521118750474886,1430,4,5,0,34658,0,0,56,51979
2595504365,3349795318,46715,1433,TCP,1521118750474888,40,4,5,0,50298,0,0,239,37395
718027811,3336876433,6008,26648,UDP,1521118750474890,52,4,5,9,42597,2,0,53,49125
844417389,3451129778,32828,26925,TCP,1521118750474892,272,4,5,0,5944,2,0,53,21640
799733948,3978971484,443,57260,TCP,1521118750474903,52,4,5,0,62367,2,0,240,14390
1962370036,1962334114,51353,1485,UDP,1521118750474907,1416,4,5,24,52808,2,0,58,18304
800705206,3618763437,443,52248,TCP,1521118750474908,1500,4,5,0,31513,2,0,237,18483
800705206,3618763437,443,52248,TCP,1521118750474909,370,4,5,0,31514,2,0,237,19612
2465344539,3396739850,56872,8080,TCP,1521118750474910,40,4,5,8,12612,2,0,118,9974
3673998783,3571692339,23,38085,UDP,1521118750474911,161,4,5,0,35720,2,0,58,35824
739948031,3978971494,443,3970,TCP,1521118750474915,1500,4,5,0,36271,2,0,240,57025
739948031,3978971494,443,3970,TCP,1521118750474916,248,4,5,0,36272,2,0,240,58276
1842110730,3390866712,58643,50834,UDP,1521118750474917,1308,4,5,0,23309,0,0,118,50872
360214141,3334584641,443,57545,TCP,1521118750474918,40,4,5,0,10748,2,0,241,23515
3756988500,3569556974,443,52495,TCP,1521118750474921,1400,4,5,0,47290,2,0,53,40144
3476582447,3348719566,10325,36128,UDP,1521118750474924,145,4,5,0,37068,2,0,53,17856
3672220297,3347600706,443,51622,TCP,1521118750474929,1400,4,5,0,35955,2,0,60,4823
270958100,1962334020,11891,46648,TCP,1521118750474930,974,4,5,0,15987,2,0,57,9538
741748435,1962334034,443,55821,TCP,1521118750474932,1500,4,5,0,43985,2,0,240,12792
741748435,1962334034,443,55821,TCP,1521118750474934,1500,4,5,0,43986,2,0,240,12791
741748435,1962334034,443,55821,TCP,1521118750474935,1500,4,5,0,43987,2,0,240,12790
1053672582,3978971489,443,55162,TCP,1521118750474937,1500,4,5,0,735,2,0,241,18269
741748435,1962334034,443,55821,TCP,1521118750474938,1500,4,5,0,43988,2,0,240,12789
1053672582,3978971489,443,55162,TCP,1521118750474939,1500,4,5,0,736,2,0,241,18268
3672220297,3347600706,443,51622,TCP,1521118750474941,1400,4,5,0,35956,2,0,60,4822
4106699041,3347600936,109,36787,UDP,1521118750474943,1473,4,5,0,37717,2,0,56,22077
1331194077,3455737288,20661,50243,UDP,1521118750474945,143,4,5,12,18020,0,0,45,25334
3527255913,3618740937,443,26744,UDP,1521118750474948,1378,4,5,0,0,2,0,58,20329
1926890045,3450326223,48303,21170,UDP,1521118750474950,1466,4,5,0,12320,0,0,116,389
2057506738,3443993796,59166,53318,UDP,1521118750474953,942,4,5,0,2107,2,0,121,29091
2302893950,3484683469,34047,30705,UDP,1521118750474954,1455,4,5,0,9636,0,0,114,22615
1926890045,3450326223,48303,21170,UDP,1521118750474955,1466,4,5,0,12321,0,0,116,388
1962370036,1962334114,51353,1485,UDP,1521118750474956,1158,4,5,24,52809,2,0,58,18561
3527255913,3618740937,443,26744,UDP,1521118750474957,1378,4,5,0,0,2,0,58,20329
2198041731,3223149794,443,2148,TCP,1521118750474962,1436,4,5,0,61758,2,0,56,14231
1264559626,3455831469,55000,57601,TCP,1521118750474964,183,4,5,0,3591,2,0,122,25895
741748435,1962334034,443,55821,TCP,1521118750474966,1500,4,5,0,43989,2,0,240,12788
1053462515,2270145487,443,9884,TCP,1521118750474969,1500,4,5,0,42747,2,0,240,56387
1645394518,3455008409,20496,1024,UDP,1521118750474971,1453,4,5,0,20185,0,0,114,52085
1962370036,1962334114,51353,1485,UDP,1521118750474973,1158,4,5,24,52810,2,0,58,18560
738508114,3978971486,443,4828,TCP,1521118750474978,1500,4,5,0,13308,2,0,241,12352
2278689123,3443990662,7042,49446,TCP,1521118750474980,713,4,5,0,22810,2,0,58,26130
1655497693,3447595079,55561,29034,TCP,1521118750474981,1400,4,5,0,26657,2,0,116,25871
1655497693,3447595079,55561,29034,TCP,1521118750474982,1400,4,5,0,26658,2,0,116,25870
738508114,3978971486,443,4828,TCP,1521118750474983,1500,4,5,0,13309,2,0,241,12351
942637450,1074109367,443,45442,TCP,1521118750474985,1500,4,5,8,39114,2,0,246,20691
1926890045,3450326223,48303,21170,UDP,1521118750474986,1466,4,5,0,12322,0,0,116,387
1655497693,3447595079,55561,29034,TCP,1521118750474988,1400,4,5,0,26659,2,0,116,25869
942637450,1074109367,443,45442,TCP,1521118750474989,1500,4,5,8,39115,2,0,246,20690
2302893950,3484683469,34047,30705,UDP,1521118750474991,1455,4,5,0,9637,0,0,114,22614
942637450,1074109367,443,45442,TCP,1521118750474992,1500,4,5,8,39116,2,0,246,20689
942637450,1074109367,443,45442,TCP,1521118750474993,1500,4,5,8,39117,2,0,246,20688
1655497693,3447595079,55561,29034,TCP,1521118750474994,1400,4,5,0,26660,2,0,116,25868
942637450,1074109367,443,45442,TCP,1521118750474996,1500,4,5,8,39118,2,0,246,20687
1962370036,1962334114,51353,1485,UDP,1521118750474997,1156,4,5,24,52811,2,0,58,18561
740697654,3472953163,443,52723,TCP,1521118750474998,40,4,5,0,23053,2,0,237,794
942637450,1074109367,443,45442,TCP,1521118750474998,1500,4,5,8,39119,2,0,246,20686
942637450,1074109367,443,45442,TCP,1521118750474999,1500,4,5,8,39120,2,0,246,20685
1053672582,3978971489,443,55162,TCP,1521118750475001,335,4,5,0,737,2,0,241,19432
942637450,1074109367,443,45442,TCP,1521118750475001,1500,4,5,8,39121,2,0,246,20684
1053462515,2270145487,443,9884,TCP,1521118750475002,1314,4,5,0,42748,2,0,240,56572
1612983647,2319915138,443,58664,TCP,1521118750475004,298,4,5,0,6295,2,0,60,62698
739717356,3453618325,9001,45745,TCP,1521118750475004,108,4,5,0,36271,2,0,238,52073
1655497693,3447595079,55561,29034,TCP,1521118750475004,1400,4,5,0,26661,2,0,116,25867
942637450,1074109367,443,45442,TCP,1521118750475005,1500,4,5,8,39122,2,0,246,20683
942637450,1074109367,443,45442,TCP,1521118750475007,1500,4,5,8,39123,2,0,246,20682
942637450,1074109367,443,45442,TCP,1521118750475008,1500,4,5,8,39124,2,0,246,20681
942637450,1074109367,443,45442,TCP,1521118750475009,561,4,5,8,39125,2,0,246,21619
1655497693,3447595079,55561,29034,TCP,1521118750475011,1400,4,5,0,26662,2,0,116,25866
741748435,1962334034,443,55821,TCP,1521118750475012,1500,4,5,0,43990,2,0,240,12787
741748435,1962334034,443,55821,TCP,1521118750475016,1500,4,5,0,43991,2,0,240,12786
744358254,4041960738,443,39691,TCP,1521118750475018,1450,4,5,0,16537,2,0,237,48090
741748435,1962334034,443,55821,TCP,1521118750475022,1500,4,5,0,43992,2,0,240,12785
2277879271,3390990589,993,63259,TCP,1521118750475024,1500,4,5,0,59748,2,0,56,60142
741748435,1962334034,443,55821,TCP,1521118750475025,1500,4,5,0,43993,2,0,240,12784
1226543713,3978971497,443,19136,TCP,1521118750475026,52,4,5,0,9372,2,0,240,21527
2602980964,2336051315,80,57145,TCP,1521118750475033,40,4,5,0,19340,2,0,58,10249
1053225716,3618763451,80,27157,TCP,1521118750475033,52,4,5,0,0,2,0,241,36251
1442251532,4109904406,80,63862,TCP,1521118750475034,1480,4,5,0,0,2,0,56,50462
2277879271,3390990589,993,63259,TCP,1521118750475036,1500,4,5,0,59749,2,0,56,60141
1926890045,3450326223,48303,21170,UDP,1521118750475038,1466,4,5,0,12323,0,0,116,386
2005836005,3618740937,443,27197,UDP,1521118750475040,1378,4,5,0,0,2,0,58,45212
2277879271,3390990589,993,63259,TCP,1521118750475048,1500,4,5,0,59750,2,0,56,60140
1055179012,1962334023,443,40184,TCP,1521118750475051,1500,4,5,0,19011,2,0,235,62385
1055179012,1962334023,443,40184,TCP,1521118750475054,1500,4,5,0,19012,2,0,235,62384
1761917238,1962334027,11891,41483,TCP,1521118750475056,1500,4,5,0,42706,2,0,57,9933
1280595944,3348659670,60766,60539,UDP,1521118750475057,41,4,5,0,3971,2,0,122,1942
1761917238,1962334027,11891,41483,TCP,1521118750475057,1500,4,5,0,42707,2,0,57,9932
738508114,3978971486,443,4828,TCP,1521118750475059,1500,4,5,0,13310,2,0,241,12350
3366961806,3391069242,443,4828,TCP,1521118750475061,124,4,5,192,40740,0,0,48,63748
2277879271,3390990589,993,63259,TCP,1521118750475061,1500,4,5,0,59751,2,0,56,60139
3457054028,3399975172,41318,34914,UDP,1521118750475062,48,4,5,0,20281,0,0,51,43389
3317588603,3680272057,27462,3389,TCP,1521118750475062,52,4,5,2,1289,2,0,121,31337
1761917238,1962334027,11891,41483,TCP,1521118750475065,1500,4,5,0,42708,2,0,57,9931
1761917238,1962334027,11891,41483,TCP,1521118750475066,1500,4,5,0,42709,2,0,57,9930
718027554,3453656130,7008,22452,UDP,1521118750475068,52,4,5,9,44143,2,0,53,51509
738508114,3978971486,443,4828,TCP,1521118750475070,1500,4,5,0,13311,2,0,241,12349
1612983647,2319915138,443,58664,TCP,1521118750475074,109,4,5,0,6296,2,0,60,62886
740697654,3472953163,443,52723,TCP,1521118750475075,40,4,5,0,23054,2,0,237,793
741748435,1962334034,443,55821,TCP,1521118750475078,1500,4,5,0,43994,2,0,240,12783
741748435,1962334034,443,55821,TCP,1521118750475083,1500,4,5,0,43995,2,0,240,12782
1962370036,1962334114,51353,1485,UDP,1521118750475084,1236,4,5,24,52812,2,0,58,18480
1761917238,1962334027,11891,41483,TCP,1521118750475085,1500,4,5,0,42710,2,0,57,9929
1761917238,1962334027,11891,41483,TCP,1521118750475087,1500,4,5,0,42711,2,0,57,9928
1264309528,3978971496,31056,443,TCP,1521118750475089,60,4,5,0,64226,2,0,61,60370
1393567154,3253813233,53,57026,UDP,1521118750475089,134,4,5,0,21727,0,0,44,48867
741748435,1962334034,443,55821,TCP,1521118750475089,1500,4,5,0,43996,2,0,240,12781
741748435,1962334034,443,55821,TCP,1521118750475090,1500,4,5,0,43997,2,0,240,12780
1655497693,3447595079,55561,29034,TCP,1521118750475095,1400,4,5,0,26663,2,0,116,25865
1235721153,4225200978,443,43521,TCP,1521118750475101,1500,4,5,0,34322,2,0,58,24695
1235721153,4225200978,443,43521,TCP,1521118750475102,1500,4,5,0,34323,2,0,58,24694
1397821179,3257307846,46581,1138,TCP,1521118750475104,76,4,5,0,12211,2,0,50,25024
1655497693,3447595079,55561,29034,TCP,1521118750475106,1400,4,5,0,26664,2,0,116,25864
1655497693,3447595079,55561,29034,TCP,1521118750475107,1400,4,5,0,26665,2,0,116,25863
358335756,1962334022,443,35575,TCP,1521118750475108,189,4,5,0,21657,2,0,244,2813
1235721153,4225200978,443,43521,TCP,1521118750475108,1500,4,5,0,34324,2,0,58,24693
1235721153,4225200978,443,43521,TCP,1521118750475109,1500,4,5,0,34325,2,0,58,24692
1235721153,4225200978,443,43521,TCP,1521118750475111,1500,4,5,0,34326,2,0,58,24691
3809102867,1962334047,443,38230,TCP,1521118750475112,659,4,5,0,37882,2,0,246,29430
3809102867,1962334047,443,38230,TCP,1521118750475113,40,4,5,0,37883,2,0,246,30048
1655497693,3447595079,55561,29034,TCP,1521118750475113,1400,4,5,0,26666,2,0,116,25862
2198075051,3618110301,443,52616,TCP,1521118750475114,115,4,5,0,7294,2,0,248,6482
1235721153,4225200978,443,43521,TCP,1521118750475115,1500,4,5,0,34327,2,0,58,24690
1235721153,4225200978,443,43521,TCP,1521118750475116,1500,4,5,0,34328,2,0,58,24689
1235721153,4225200978,443,43521,TCP,1521118750475118,1500,4,5,0,34329,2,0,58,24688
271675536,1962334031,443,63773,TCP,1521118750475119,52,4,5,0,65244,2,0,58,29920
1355392792,3390935153,7080,17484,UDP,1521118750475119,48,4,5,0,15535,0,0,117,46749
1235721153,4225200978,443,43521,TCP,1521118750475119,1500,4,5,0,34330,2,0,58,24687
738508114,3978971486,443,4828,TCP,1521118750475120,1500,4,5,0,13312,2,0,241,12348
738508114,3978971486,443,4828,TCP,1521118750475122,1500,4,5,0,13313,2,0,241,12347
1235721153,4225200978,443,43521,TCP,1521118750475123,1500,4,5,0,34331,2,0,58,24686
1235721153,4225200978,443,43521,TCP,1521118750475124,1500,4,5,0,34332,2,0,58,24685
1962370036,1962334114,51353,1485,UDP,1521118750475126,1236,4,5,24,52813,2,0,58,18479
752779434,3454853293,443,52055,TCP,1521118750475127,1472,4,5,0,22679,2,0,239,53629
1235721153,4225200978,443,43521,TCP,1521118750475128,1500,4,5,0,34333,2,0,58,24684
1235721153,4225200978,443,43521,TCP,1521118750475130,1500,4,5,0,34334,2,0,58,24683
271675536,1962334031,443,63773,TCP,1521118750475131,52,4,5,0,65245,2,0,58,29919
744464378,3454423049,443,23254,TCP,1521118750475131,52,4,5,0,58826,2,0,238,48303
1235721153,4225200978,443,43521,TCP,1521118750475131,1500,4,5,0,34335,2,0,58,24682
1235721153,4225200978,443,43521,TCP,1521118750475132,1500,4,5,0,34336,2,0,58,24681
1235721153,4225200978,443,43521,TCP,1521118750475134,1500,4,5,0,34337,2,0,58,24680
1235721153,4225200978,443,43521,TCP,1521118750475135,1500,4,5,0,34338,2,0,58,24679
1235721153,4225200978,443,43521,TCP,1521118750475136,1500,4,5,0,34339,2,0,58,24678
1235721153,4225200978,443,43521,TCP,1521118750475137,1500,4,5,0,34340,2,0,58,24677
1235721153,4225200978,443,43521,TCP,1521118750475139,1500,4,5,0,34341,2,0,58,24676
1655497693,3447595079,55561,29034,TCP,1521118750475143,1400,4,5,0,26667,2,0,116,25861
1054417174,3446717519,443,26452,TCP,1521118750475145,52,4,5,0,59023,2,0,46,31877
741748435,1962334034,443,55821,TCP,1521118750475146,1500,4,5,0,43998,2,0,240,12779
751975458,2270145408,443,6818,TCP,1521118750475149,649,4,5,0,45528,2,0,235,16338
2059865261,3233176095,53737,12500,UDP,1521118750475150,295,4,5,0,0,2,0,53,41596
938036216,3978971499,53737,12500,UDP,1521118750475151,36,4,5,0,28514,0,0,57,22528
1962370036,1962334114,51353,1485,UDP,1521118750475152,1235,4,5,24,52814,2,0,58,18479
741748435,1962334034,443,55821,TCP,1521118750475156,1500,4,5,0,43999,2,0,240,12778
1761917238,1962334027,11891,41483,TCP,1521118750475158,1500,4,5,0,42712,2,0,57,9927
2503719981,3353384092,11891,41483,TCP,1521118750475159,1000,4,5,0,15191,0,0,58,37848
741748435,1962334034,443,55821,TCP,1521118750475160,1500,4,5,0,44000,2,0,240,12777
1056163567,1962334036,443,56074,TCP,1521118750475161,463,4,5,0,47986,2,0,240,31624
741748435,1962334034,443,55821,TCP,1521118750475162,1500,4,5,0,44001,2,0,240,12776
1761917238,1962334027,11891,41483,TCP,1521118750475163,1032,4,5,0,42713,2,0,57,10394
3877058099,4030665138,11891,41483,TCP,1521118750475164,184,4,5,32,28572,0,0,248,13083
2285206418,3558773544,80,45132,TCP,1521118750475164,52,4,5,0,34243,2,0,54,21490
3741525762,3390983233,1194,1024,UDP,1521118750475168,1441,4,5,0,0,2,0,60,7399
742377121,3608344133,443,30136,TCP,1521118750475177,52,4,5,0,27426,2,0,238,24936
1264559627,3348703011,55000,26961,TCP,1521118750475178,131,4,5,0,11711,2,0,122,62094
2269646202,3337821958,38947,51907,TCP,1521118750475179,40,4,5,0,47751,2,0,58,2957
1234923768,3453268034,443,38262,TCP,1521118750475180,98,4,5,0,1870,2,0,57,414
2555515564,3569582285,13022,7511,UDP,1521118750475182,89,4,5,0,51246,2,0,51,32470
4022675284,3255953097,80,62154,TCP,1521118750475184,170,4,5,8,20958,2,0,50,13939
3542516036,3618740955,443,57287,UDP,1521118750475185,1378,4,5,0,0,2,0,58,29843
738508114,3978971486,443,4828,TCP,1521118750475186,271,4,5,0,13314,2,0,241,13575
504320908,3261528967,443,53914,TCP,1521118750475186,1400,4,5,0,16241,2,0,88,44677
504320908,3261528967,443,53914,TCP,1521118750475188,1400,4,5,0,16242,2,0,88,44676
1190350560,3617673070,80,3649,TCP,1521118750475189,40,4,5,0,0,2,0,53,35053
1962370036,1962334114,51353,1485,UDP,1521118750475198,1405,4,5,24,52815,2,0,58,18308
2377634709,3390904023,443,51175,TCP,1521118750475200,1500,4,5,0,43997,2,0,60,19197
2377634709,3390904023,443,51175,TCP,1521118750475201,1500,4,5,0,43998,2,0,60,19196
2377634709,3390904023,443,51175,TCP,1521118750475202,1500,4,5,0,43999,2,0,60,19195
2377634709,3390904023,443,51175,TCP,1521118750475204,1500,4,5,0,44000,2,0,60,19194
752779434,3454853293,443,52055,TCP,1521118750475206,1472,4,5,0,22680,2,0,239,53628
2141749775,3473487380,31600,1024,UDP,1521118750475207,349,4,5,0,7558,0,0,122,6965
800783747,3347702009,443,46485,TCP,1521118750475208,64,4,5,0,14456,2,0,237,32638
2377634709,3390904023,443,51175,TCP,1521118750475208,1500,4,5,0,44001,2,0,60,19193
2270456669,3978971487,80,62992,TCP,1521118750475209,52,4,5,0,33019,2,0,248,55436
3223949995,2332752498,50527,443,TCP,1521118750475209,40,4,5,0,8572,2,0,115,3586
1898886974,3353372333,53368,36725,UDP,1521118750475209,48,4,5,0,2612,0,0,116,58766
2377634709,3390904023,443,51175,TCP,1521118750475210,1500,4,5,0,44002,2,0,60,19192
538542359,3390957442,41972,55446,UDP,1521118750475212,48,4,5,0,16129,0,0,117,46059
2377634709,3390904023,443,51175,TCP,1521118750475214,1500,4,5,0,44003,2,0,60,19191
2204321103,1074109373,80,44897,TCP,1521118750475215,1500,4,5,0,1555,2,0,241,55699
2204321103,1074109373,80,44897,TCP,1521118750475216,1500,4,5,0,1556,2,0,241,55698
2377634709,3390904023,443,51175,TCP,1521118750475217,1500,4,5,0,44004,2,0,60,19190
2377634709,3390904023,443,51175,TCP,1521118750475219,1500,4,5,0,44005,2,0,60,19189
2377634709,3390904023,443,51175,TCP,1521118750475220,1500,4,5,0,44006,2,0,60,19188
2204321103,1074109373,80,44897,TCP,1521118750475221,1500,4,5,0,1557,2,0,241,55697
2204321103,1074109373,80,44897,TCP,1521118750475223,1500,4,5,0,1558,2,0,241,55696
2204321103,1074109373,80,44897,TCP,1521118750475224,1500,4,5,0,1559,2,0,241,55695
2377634709,3390904023,443,51175,TCP,1521118750475226,1500,4,5,0,44007,2,0,60,19187
1962370036,1962334114,51353,1485,UDP,1521118750475227,1405,4,5,24,52816,2,0,58,18307
2377634709,3390904023,443,51175,TCP,1521118750475228,1500,4,5,0,44008,2,0,60,19186
2204321103,1074109373,80,44897,TCP,1521118750475229,1500,4,5,0,1560,2,0,241,55694
2204321103,1074109373,80,44897,TCP,1521118750475231,1500,4,5,0,1561,2,0,241,55693
1898886974,3353372333,53368,36725,UDP,1521118750475232,48,4,5,0,2613,0,0,116,58765
2204321103,1074109373,80,44897,TCP,1521118750475232,1500,4,5,0,1562,2,0,241,55692
2377634709,3390904023,443,51175,TCP,1521118750475233,1500,4,5,0,44009,2,0,60,19185
2377634709,3390904023,443,51175,TCP,1521118750475235,1500,4,5,0,44010,2,0,60,19184
138701718,3233185819,80,49234,TCP,1521118750475236,1347,4,5,0,39160,0,0,246,29200
2204321103,1074109373,80,44897,TCP,1521118750475237,1500,4,5,0,1563,2,0,241,55691
138701718,3233185819,80,49234,TCP,1521118750475238,1347,4,5,0,39161,0,0,246,29199
269242575,3978971486,443,26172,TCP,1521118750475240,1480,4,5,0,18049,2,0,58,23883
2377634709,3390904023,443,51175,TCP,1521118750475241,1500,4,5,0,44011,2,0,60,19183
741748435,1962334034,443,55821,TCP,1521118750475242,1500,4,5,0,44002,2,0,240,12775
269242575,3978971486,443,26172,TCP,1521118750475244,1187,4,5,0,18050,2,0,58,24175
2377634709,3390904023,443,51175,TCP,1521118750475245,1500,4,5,0,44012,2,0,60,19182
2377634709,3390904023,443,51175,TCP,1521118750475246,1500,4,5,0,44013,2,0,60,19181
2204321103,1074109373,80,44897,TCP,1521118750475247,1500,4,5,0,1564,2,0,241,55690
741748435,1962334034,443,55821,TCP,1521118750475249,1500,4,5,0,44003,2,0,240,12774
2377634709,3390904023,443,51175,TCP,1521118750475250,1500,4,5,0,44014,2,0,60,19180
741748435,1962334034,443,55821,TCP,1521118750475251,1500,4,5,0,44004,2,0,240,12773
2377634709,3390904023,443,51175,TCP,1521118750475253,1500,4,5,0,44015,2,0,60,19179
2204321103,1074109373,80,44897,TCP,1521118750475254,1500,4,5,0,1565,2,0,241,55689
2204321103,1074109373,80,44897,TCP,1521118750475255,1500,4,5,0,1566,2,0,241,55688
741748435,1962334034,443,55821,TCP,1521118750475257,1500,4,5,0,44005,2,0,240,12772
2377634709,3390904023,443,51175,TCP,1521118750475258,1500,4,5,0,44016,2,0,60,19178
2377634709,3390904023,443,51175,TCP,1521118750475259,1500,4,5,0,44017,2,0,60,19177
2204321103,1074109373,80,44897,TCP,1521118750475261,1500,4,5,0,1567,2,0,241,55687
2377634709,3390904023,443,51175,TCP,1521118750475262,1500,4,5,0,44018,2,0,60,19176
1655497693,3447595079,55561,29034,TCP,1521118750475263,1400,4,5,0,26668,2,0,116,25860
2204321103,1074109373,80,44897,TCP,1521118750475264,1500,4,5,0,1568,2,0,241,55686
1655497693,3447595079,55561,29034,TCP,1521118750475266,1400,4,5,0,26669,2,0,116,25859
2377634709,3390904023,443,51175,TCP,1521118750475267,1500,4,5,0,44019,2,0,60,19175
2204321103,1074109373,80,44897,TCP,1521118750475269,1500,4,5,0,1569,2,0,241,55685
1962370036,1962334114,51353,1485,UDP,1521118750475270,941,4,5,24,52817,2,0,58,18770
2377634709,3390904023,443,51175,TCP,1521118750475271,1500,4,5,0,44020,2,0,60,19174
2204321103,1074109373,80,44897,TCP,1521118750475272,1500,4,5,0,1570,2,0,241,55684
2377634709,3390904023,443,51175,TCP,1521118750475273,1500,4,5,0,44021,2,0,60,19173
2204321103,1074109373,80,44897,TCP,1521118750475274,1500,4,5,0,1571,2,0,241,55683
2377634709,3390904023,443,51175,TCP,1521118750475276,1500,4,5,0,44022,2,0,60,19172
2204321103,1074109373,80,44897,TCP,1521118750475277,1500,4,5,0,1558,2,0,241,55696
1655497693,3447595079,55561,29034,TCP,1521118750475278,1400,4,5,0,26670,2,0,116,25858
2204321103,1074109373,80,44897,TCP,1521118750475279,1500,4,5,0,1559,2,0,241,55695
1655497693,3447595079,55561,29034,TCP,1521118750475281,1400,4,5,0,26671,2,0,116,25857
2204321103,1074109373,80,44897,TCP,1521118750475282,1500,4,5,0,1567,2,0,241,55687
697754483,4109904402,5222,45710,TCP,1521118750475284,52,4,5,0,42194,2,0,56,29149
2204321103,1074109373,80,44897,TCP,1521118750475284,1500,4,5,0,1568,2,0,241,55686
2204321103,1074109373,80,44897,TCP,1521118750475285,1500,4,5,0,1569,2,0,241,55685
4023727636,3450125837,5222,15529,TCP,1521118750475286,1034,4,5,0,11788,2,0,56,24390
2204321103,1074109373,80,44897,TCP,1521118750475287,1500,4,5,0,1570,2,0,241,55684
1054253177,3353374278,443,48965,TCP,1521118750475289,72,4,5,0,38517,2,0,237,57795
1053986142,3450222505,443,53700,TCP,1521118750475289,52,4,5,0,51761,2,0,238,61713
1655497693,3447595079,55561,29034,TCP,1521118750475289,1400,4,5,0,26672,2,0,116,25856
1962370036,1962334114,51353,1485,UDP,1521118750475290,940,4,5,24,52818,2,0,58,18770
2204321103,1074109373,80,44897,TCP,1521118750475291,1500,4,5,0,1571,2,0,241,55683
742044529,3472997381,443,50848,TCP,1521118750475292,40,4,5,0,7411,2,0,237,1578
2204321103,1074109373,80,44897,TCP,1521118750475292,1500,4,5,0,1572,2,0,241,55682
2204321103,1074109373,80,44897,TCP,1521118750475293,1500,4,5,0,1573,2,0,241,55681
2204321103,1074109373,80,44897,TCP,1521118750475295,1500,4,5,0,1574,2,0,241,55680
2204321103,1074109373,80,44897,TCP,1521118750475296,1500,4,5,0,1575,2,0,241,55679
269242575,3978971486,443,26172,TCP,1521118750475298,1480,4,5,0,18051,2,0,58,23881
269242575,3978971486,443,26172,TCP,1521118750475299,1412,4,5,0,18052,2,0,58,23948
710853002,3390833643,61152,58175,TCP,1521118750475300,1419,4,5,0,64732,2,0,51,35744
743800120,3559061347,443,35113,TCP,1521118750475301,1400,4,5,0,601,2,0,245,2323
743800120,3559061347,443,35113,TCP,1521118750475303,1400,4,5,0,602,2,0,245,2322
3556629676,3256819999,52112,11678,UDP,1521118750475304,134,4,5,0,15007,2,0,122,12767
3992032822,842932778,443,56226,TCP,1521118750475304,1450,4,5,0,53028,2,0,87,30361
3992032822,842932778,443,56226,TCP,1521118750475305,1450,4,5,0,53029,2,0,87,30360
3992032822,842932778,443,56226,TCP,1521118750475306,1450,4,5,0,53030,2,0,87,30359
3992032822,842932778,443,56226,TCP,1521118750475308,1450,4,5,0,53031,2,0,87,30358
942637450,1074109367,443,45442,TCP,1521118750475309,1500,4,5,8,39236,2,0,246,20569
942637450,1074109367,443,45442,TCP,1521118750475311,1500,4,5,8,39237,2,0,246,20568
741748435,1962334034,443,55821,TCP,1521118750475312,1500,4,5,0,44006,2,0,240,12771
741748435,1962334034,443,55821,TCP,1521118750475313,1022,4,5,0,44007,2,0,240,13248
942637450,1074109367,443,45442,TCP,1521118750475314,1500,4,5,8,39238,2,0,246,20567
360217796,3472949974,443,61661,TCP,1521118750475315,40,4,5,0,26141,2,0,241,49054
1962370036,1962334114,51353,1485,UDP,1521118750475315,1205,4,5,24,52819,2,0,58,18504
942637450,1074109367,443,45442,TCP,1521118750475316,1500,4,5,8,39239,2,0,246,20566
3527255851,3618740937,443,49752,TCP,1521118750475318,1472,4,5,0,39099,0,0,58,63128
942637450,1074109367,443,45442,TCP,1521118750475319,1500,4,5,8,39240,2,0,246,20565
942637450,1074109367,443,45442,TCP,1521118750475320,1500,4,5,8,39241,2,0,246,20564
1778551119,3390571892,443,15361,TCP,1521118750475321,52,4,5,0,19227,2,0,58,13003
942637450,1074109367,443,45442,TCP,1521118750475322,1500,4,5,8,39242,2,0,246,20563
2353181853,1962334036,9482,62016,TCP,1521118750475323,52,4,5,0,50278,2,0,61,60466
942637450,1074109367,443,45442,TCP,1521118750475323,1500,4,5,8,39243,2,0,246,20562
942637450,1074109367,443,45442,TCP,1521118750475326,1500,4,5,8,39244,2,0,246,20561
942637450,1074109367,443,45442,TCP,1521118750475327,1500,4,5,8,39245,2,0,246,20560
942637450,1074109367,443,45442,TCP,1521118750475329,1500,4,5,8,39246,2,0,246,20559
942637450,1074109367,443,45442,TCP,1521118750475330,561,4,5,8,39247,2,0,246,21497
1053470158,1074109333,443,34664,TCP,1521118750475331,1500,4,5,0,61108,2,0,49,36148
1053470158,1074109333,443,34664,TCP,1521118750475332,609,4,5,0,61109,2,0,49,37038
1926892015,843156152,52322,445,TCP,1521118750475333,40,4,5,0,10853,2,0,117,41384
1926892015,843156152,52322,445,TCP,1521118750475333,180,4,5,0,10854,2,0,117,41243
1233677774,3451157097,49965,59572,UDP,1521118750475337,478,4,5,0,22722,2,0,118,43736
1926892015,843156152,52322,445,TCP,1521118750475338,218,4,5,0,10855,2,0,117,41204
1655497693,3447595079,55561,29034,TCP,1521118750475339,1400,4,5,0,26673,2,0,116,25855
1962370036,1962334114,51353,1485,UDP,1521118750475352,1205,4,5,24,52820,2,0,58,18503
1655497693,3447595079,55561,29034,TCP,1521118750475353,1400,4,5,0,26674,2,0,116,25854
4080451163,3641209178,443,44235,TCP,1521118750475355,43,4,5,0,9010,2,0,41,12966
988069623,1235594341,58936,445,TCP,1521118750475357,40,4,5,0,338,2,0,117,5272
3566147756,1962334109,54411,9043,UDP,1521118750475357,146,4,5,0,59069,2,0,58,8142
795087812,3347702556,3074,15332,UDP,1521118750475360,186,4,5,0,10889,2,0,113,61659
1655497693,3447595079,55561,29034,TCP,1521118750475362,1400,4,5,0,26675,2,0,116,25853
1053347566,4217688611,2050,50850,TCP,1521118750475379,56,4,5,0,11191,2,0,49,17098
269242580,3978971488,80,27224,TCP,1521118750475379,1480,4,5,0,56076,2,0,58,51384
269242580,3978971488,80,27224,TCP,1521118750475381,116,4,5,0,56077,2,0,58,52747
751757440,3607596174,80,33845,TCP,1521118750475381,52,4,5,0,15437,2,0,240,54673
1774560132,3262274349,51413,51150,UDP,1521118750475382,1430,4,5,0,34659,0,0,56,51978
1962370036,1962334114,51353,1485,UDP,1521118750475383,1204,4,5,24,52821,2,0,58,18503
2381069866,3890314075,53,51917,UDP,1521118750475384,343,4,5,8,0,2,0,55,4923
718026144,3560982175,6008,43950,UDP,1521118750475385,119,4,5,9,54737,2,0,54,62287
269242580,3978971488,80,27224,TCP,1521118750475385,73,4,5,0,56078,2,0,58,52789
834672924,3450223468,43097,1025,UDP,1521118750475387,1455,4,5,16,20334,0,0,118,39889
1182083846,3390854857,5082,64668,UDP,1521118750475393,48,4,5,0,3634,0,0,112,43562
1067667224,4223944509,443,58674,TCP,1521118750475394,253,4,5,0,58936,2,0,237,54532
1842110730,3390866712,58643,50834,UDP,1521118750475398,124,4,5,0,23310,0,0,118,52055
269242580,3978971488,80,27224,TCP,1521118750475400,1480,4,5,0,56079,2,0,58,51381
799637575,3484728517,80,50910,TCP,1521118750475401,52,4,5,0,2189,2,0,240,17868
279797321,3445759377,443,49333,TCP,1521118750475401,282,4,5,0,41710,2,0,57,17414
269242580,3978971488,80,27224,TCP,1521118750475402,1480,4,5,0,56080,2,0,58,51380
1774560132,3262274349,51413,51150,UDP,1521118750475403,1430,4,5,0,34660,0,0,56,51977
1774560132,3262274349,51413,51150,UDP,1521118750475405,1430,4,5,0,34661,0,0,56,51976
2570051040,3455650393,55579,33877,UDP,1521118750475406,1368,4,5,0,28124,0,0,112,34902
1190350650,3233193923,80,42447,TCP,1521118750475408,60,4,5,0,27100,2,0,55,58168
282018607,4098085650,443,59552,TCP,1521118750475408,1492,4,5,0,6868,2,0,59,1020
1235602347,3338642898,445,58980,TCP,1521118750475409,52,4,5,0,0,2,0,60,48289
1510459117,3391068607,21307,44556,UDP,1521118750475409,132,4,5,0,48936,0,0,49,17773
282018607,4098085650,443,59552,TCP,1521118750475410,1492,4,5,0,6869,2,0,59,1019
2136575678,3349795245,443,45330,TCP,1521118750475412,40,4,5,0,23339,2,0,54,16950
3310683221,2317271739,53,34056,UDP,1521118750475413,1473,4,5,0,62405,0,0,59,28642
740010620,3978971486,443,42558,TCP,1521118750475414,52,4,5,0,44091,2,0,241,53351
1962370036,1962334114,51353,1485,UDP,1521118750475428,1210,4,5,24,52822,2,0,58,18496
742172407,3338559042,443,34920,TCP,1521118750475431,52,4,5,0,5994,2,0,237,32229
2275972968,1074109321,9482,63053,TCP,1521118750475434,97,4,5,0,52922,2,0,58,30525
2302893950,3484683469,34047,30705,UDP,1521118750475449,1455,4,5,0,9638,0,0,114,22613
2270456640,3978971494,80,9384,TCP,1521118750475450,52,4,5,0,37968,2,0,248,50509
1962370036,1962334114,51353,1485,UDP,1521118750475462,1210,4,5,24,52823,2,0,58,18495
1053347566,4217688611,2050,50850,TCP,1521118750475464,56,4,5,0,11192,2,0,49,17097
2260923222,3242278028,1935,53237,TCP,1521118750475468,97,4,5,0,6651,2,0,55,45493
1067495545,4102003830,80,57165,TCP,1521118750475468,52,4,5,0,57060,2,0,237,11727
2359419146,3454861090,1883,58353,TCP,1521118750475469,48,4,5,0,52835,2,0,52,15785
3307968672,3978971485,443,13936,TCP,1521118750475470,52,4,5,0,32639,2,0,59,11249
3585093724,3623864542,443,46449,TCP,1521118750475471,91,4,5,0,29944,2,0,54,10426
751757440,3607596174,80,33845,TCP,1521118750475472,52,4,5,0,15438,2,0,240,54672
2353181853,1962334036,9482,62016,TCP,1521118750475477,52,4,5,0,50279,2,0,61,60465
881277709,1074109251,80,58316,TCP,1521118750475488,52,4,5,0,53051,2,0,57,10156
1056119463,3399975375,443,51573,TCP,1521118750475490,91,4,5,0,22762,2,0,240,35745
796361649,3472991415,443,51874,TCP,1521118750475492,40,4,5,0,43723,2,0,237,48162
132663099,1962334108,39880,9043,UDP,1521118750475496,116,4,5,8,64024,2,0,59,43426
1962370036,1962334114,51353,1485,UDP,1521118750475498,1208,4,5,24,52824,2,0,58,18496
132663099,1962334108,39880,9043,UDP,1521118750475509,163,4,5,8,64025,2,0,59,43378
2510184658,3349796410,443,29605,TCP,1521118750475510,1460,4,5,0,6797,2,0,54,36962
739847703,4217677093,443,51709,TCP,1521118750475512,64,4,5,0,41128,2,0,240,61268
1962370036,1962334114,51353,1485,UDP,1521118750475525,1174,4,5,24,52825,2,0,58,18529
718026217,3453656624,7008,42711,UDP,1521118750475527,110,4,5,9,35503,2,0,54,60678
2260923222,3390571925,1935,64454,TCP,1521118750475547,97,4,5,0,60419,2,0,55,3533
1962370036,1962334114,51353,1485,UDP,1521118750475548,1174,4,5,24,52826,2,0,58,18528
2570051040,3455650393,55579,33877,UDP,1521118750475553,1368,4,5,0,28125,0,0,112,34901
790804511,3978971499,443,19488,TCP,1521118750475558,1500,4,5,0,30786,2,0,241,60929
278248674,3335625881,49529,54836,UDP,1521118750475560,41,4,5,0,11945,2,0,118,42296
230700669,3447621997,443,2260,TCP,1521118750475560,1446,4,5,0,5943,2,0,245,52721
2260923222,3242282757,1935,53146,TCP,1521118750475565,97,4,5,0,60336,2,0,55,52614
1067501610,4041960749,443,18945,TCP,1521118750475566,52,4,5,0,29791,2,0,46,29313
790804511,3978971499,443,19488,TCP,1521118750475567,1500,4,5,0,30787,2,0,241,60928
1962370036,1962334114,51353,1485,UDP,1521118750475572,1172,4,5,24,52827,2,0,58,18529
718026920,4225819688,7008,32412,UDP,1521118750475580,51,4,5,9,59453,2,0,55,6134
360217771,4107547562,443,62637,TCP,1521118750475581,40,4,5,0,16003,2,0,241,37034
824254733,1235571145,6269,445,TCP,1521118750475584,52,4,5,0,18025,2,0,112,54974
2005801108,3450102589,443,45200,UDP,1521118750475605,1378,4,5,8,0,2,0,58,31359
790804511,3978971499,443,19488,TCP,1521118750475608,1500,4,5,0,30788,2,0,241,60927
2005801108,3450102589,443,45200,UDP,1521118750475609,1378,4,5,8,0,2,0,58,31359
790804511,3978971499,443,19488,TCP,1521118750475610,1500,4,5,0,30789,2,0,241,60926
1962370036,1962334114,51353,1485,UDP,1521118750475611,1443,4,5,24,52828,2,0,58,18257
1763964429,3242263257,443,42153,TCP,1521118750475613,40,4,5,0,0,2,0,58,7557
3525189015,3617733076,443,56183,TCP,1521118750475616,71,4,5,0,11583,2,0,51,6470
3525189015,3617733076,443,56183,TCP,1521118750475621,40,4,5,0,11584,2,0,51,6500
3877058099,4030665138,443,56183,TCP,1521118750475623,1464,4,5,32,28586,2,0,248,60940
942637450,1074109367,443,45442,TCP,1521118750475628,1500,4,5,8,39389,2,0,246,20416
1410417952,3399954127,11822,6881,UDP,1521118750475629,48,4,5,0,11143,0,0,116,34958
942637450,1074109367,443,45442,TCP,1521118750475630,1500,4,5,8,39390,2,0,246,20415
3307968672,3978971485,443,13936,TCP,1521118750475632,189,4,5,0,32640,2,0,59,11111
942637450,1074109367,443,45442,TCP,1521118750475636,1500,4,5,8,39391,2,0,246,20414
2510184658,3349796410,443,29605,TCP,1521118750475637,1460,4,5,0,6798,2,0,54,36961
790804511,3978971499,443,19488,TCP,1521118750475638,1500,4,5,0,30790,2,0,241,60925
2546502277,3472982101,443,58006,TCP,1521118750475640,121,4,5,0,46201,2,0,241,25440
743041868,3352312477,443,55425,TCP,1521118750475640,40,4,5,0,14932,2,0,49,62840
942637450,1074109367,443,45442,TCP,1521118750475640,1500,4,5,8,39392,2,0,246,20413
942637450,1074109367,443,45442,TCP,1521118750475641,1500,4,5,8,39393,2,0,246,20412
942637450,1074109367,443,45442,TCP,1521118750475643,1500,4,5,8,39394,2,0,246,20411
790804511,3978971499,443,19488,TCP,1521118750475644,1500,4,5,0,30791,2,0,241,60924
788849485,3443695464,443,10616,TCP,1521118750475646,40,4,5,0,7894,2,0,236,61692
942637450,1074109367,443,45442,TCP,1521118750475648,1500,4,5,8,39395,2,0,246,20410
942637450,1074109367,443,45442,TCP,1521118750475650,1500,4,5,8,39396,2,0,246,20409
3741785781,3978971487,443,12502,TCP,1521118750475651,52,4,5,0,13803,2,0,248,6290
942637450,1074109374,443,47741,TCP,1521118750475651,1500,4,5,8,49354,2,0,246,10444
942637450,1074109367,443,45442,TCP,1521118750475652,1500,4,5,8,39397,2,0,246,20408
3306889459,3452140146,443,56142,TCP,1521118750475654,1480,4,5,0,56824,2,0,61,11251
942637450,1074109367,443,45442,TCP,1521118750475655,1500,4,5,8,39398,2,0,246,20407
3306889459,3452140146,443,56142,TCP,1521118750475657,1480,4,5,0,56825,2,0,61,11250
942637450,1074109374,443,47741,TCP,1521118750475658,1500,4,5,8,49355,2,0,246,10443
3306889459,3452140146,443,56142,TCP,1521118750475659,1480,4,5,0,56826,2,0,61,11249
942637450,1074109367,443,45442,TCP,1521118750475660,1500,4,5,8,39399,2,0,246,20406
942637450,1074109367,443,45442,TCP,1521118750475662,561,4,5,8,39400,2,0,246,21344
3306889459,3452140146,443,56142,TCP,1521118750475662,1480,4,5,0,56827,2,0,61,11248
834672924,3450223468,43097,1025,UDP,1521118750475663,1455,4,5,16,20335,0,0,118,39888
942637450,1074109374,443,47741,TCP,1521118750475665,1500,4,5,8,49356,2,0,246,10442
742188122,4225762697,443,56525,TCP,1521118750475666,52,4,5,0,14154,2,0,237,17529
1962370036,1962334114,51353,1485,UDP,1521118750475666,1443,4,5,24,52829,2,0,58,18256
942637450,1074109374,443,47741,TCP,1521118750475667,1500,4,5,8,49357,2,0,246,10441
942637450,1074109374,443,47741,TCP,1521118750475669,1500,4,5,8,49358,2,0,246,10440
133032595,3445813100,51987,1485,UDP,1521118750475670,371,4,5,24,11203,2,0,56,26191
942637450,1074109374,443,47741,TCP,1521118750475671,1500,4,5,8,49359,2,0,246,10439
942637450,1074109374,443,47741,TCP,1521118750475672,1500,4,5,8,49360,2,0,246,10438
2211447513,3233171219,3074,3074,UDP,1521118750475673,188,4,5,0,0,0,0,48,64446
790804511,3978971499,443,19488,TCP,1521118750475673,1500,4,5,0,30792,2,0,241,60923
790804511,3978971499,443,19488,TCP,1521118750475675,643,4,5,0,30793,2,0,241,61779
942637450,1074109374,443,47741,TCP,1521118750475675,1500,4,5,8,49361,2,0,246,10437
942637450,1074109374,443,47741,TCP,1521118750475677,1500,4,5,8,49362,2,0,246,10436
1917013856,1074109377,53,32916,UDP,1521118750475679,637,4,5,0,30122,0,0,55,28252
942637450,1074109374,443,47741,TCP,1521118750475681,1500,4,5,8,49363,2,0,246,10435
942637450,1074109374,443,47741,TCP,1521118750475682,1500,4,5,8,49364,2,0,246,10434
3997171454,3390777435,53734,3128,TCP,1521118750475690,40,4,5,0,42908,0,0,249,14974
1820031509,3680242057,47783,21684,UDP,1521118750475690,1453,4,5,0,29269,0,0,118,373
2110498428,3571853902,53,6869,UDP,1521118750475692,133,4,5,0,31136,0,0,57,58443
2260923222,3390653531,80,50408,TCP,1521118750475701,297,4,5,0,48696,2,0,55,64520
2275972968,1074109321,9482,63053,TCP,1521118750475701,52,4,5,0,52923,2,0,58,30569
1962370036,1962334114,51353,1485,UDP,1521118750475707,1442,4,5,24,52830,2,0,58,18256
517385349,3353385953,443,44445,TCP,1521118750475709,1500,4,5,0,31900,2,0,59,36450
3801788594,4211110795,80,14156,TCP,1521118750475710,1280,4,5,0,27037,2,0,55,54145
3972673487,3453168415,53043,34914,TCP,1521118750475712,40,4,5,0,21947,2,0,115,40072
3801788594,4211110795,80,14156,TCP,1521118750475712,1280,4,5,0,27038,2,0,55,54144
718026843,3450300493,7008,48944,UDP,1521118750475717,51,4,5,9,34536,2,0,53,9645
3501329483,3347595927,80,30483,TCP,1521118750475721,40,4,5,0,16247,2,0,59,6460
3501329483,3347595927,80,30483,TCP,1521118750475722,84,4,5,0,16248,2,0,59,6415
2280867179,3570033437,443,44556,TCP,1521118750475723,64,4,5,0,20969,2,0,51,61576
1538390092,3233202499,61951,123,UDP,1521118750475727,36,4,5,16,64193,0,0,248,61950
1699905496,4041960588,443,41893,TCP,1521118750475730,1478,4,5,0,13714,2,0,56,50429
3501329483,3347595927,80,30483,TCP,1521118750475731,40,4,5,0,16249,2,0,59,6458
1962370036,1962334114,51353,1485,UDP,1521118750475731,1454,4,5,24,52831,2,0,58,18243
1724355048,3390923517,62556,51609,TCP,1521118750475736,64,4,5,0,0,2,0,58,6894
3672229255,1962334052,43262,80,TCP,1521118750475740,1180,4,5,0,3050,2,0,60,16814
3306889459,3452140146,443,56142,TCP,1521118750475741,1480,4,5,0,56828,2,0,61,11247
3306889459,3452140146,443,56142,TCP,1521118750475742,1480,4,5,0,56829,2,0,61,11246
1428636778,1235573726,52974,445,TCP,1521118750475743,52,4,5,0,8348,2,0,112,43795
942637450,1074109374,443,47741,TCP,1521118750475743,1500,4,5,8,49373,2,0,246,10425
942637450,1074109374,443,47741,TCP,1521118750475744,1500,4,5,8,49374,2,0,246,10424
942637450,1074109374,443,47741,TCP,1521118750475746,1500,4,5,8,49375,2,0,246,10423
942637450,1074109374,443,47741,TCP,1521118750475747,1500,4,5,8,49376,2,0,246,10422
942637450,1074109374,443,47741,TCP,1521118750475749,1500,4,5,8,49377,2,0,246,10421
942637450,1074109374,443,47741,TCP,1521118750475751,1500,4,5,8,49378,2,0,246,10420
517385572,4093843478,80,50531,TCP,1521118750475752,1450,4,5,2,57232,2,0,59,33383
2510184658,3349796410,443,29605,TCP,1521118750475754,1460,4,5,0,6799,2,0,54,36960
942637450,1074109374,443,47741,TCP,1521118750475755,1500,4,5,8,49379,2,0,246,10419
3306889459,3452140146,443,56142,TCP,1521118750475756,1480,4,5,0,56830,2,0,61,11245
942637450,1074109374,443,47741,TCP,1521118750475757,1500,4,5,8,49380,2,0,246,10418
3306889459,3452140146,443,56142,TCP,1521118750475759,1480,4,5,0,56831,2,0,61,11244
517385572,4093843478,80,50531,TCP,1521118750475760,1450,4,5,2,57233,2,0,59,33382
1962370036,1962334114,51353,1485,UDP,1521118750475761,1454,4,5,24,52832,2,0,58,18242
942637450,1074109374,443,47741,TCP,1521118750475762,1500,4,5,8,49381,2,0,246,10417
942637450,1074109374,443,47741,TCP,1521118750475764,1500,4,5,8,49382,2,0,246,10416
942637450,1074109374,443,47741,TCP,1521118750475765,1500,4,5,8,49383,2,0,246,10415
942637450,1074109374,443,47741,TCP,1521118750475767,1500,4,5,8,49384,2,0,246,10414
1821906474,3455648090,21469,64110,UDP,1521118750475768,48,4,5,0,24331,0,0,120,37276
3672201752,1074109316,80,48770,TCP,1521118750475773,1077,4,5,0,5752,2,0,61,4808
1699905496,4041960588,443,41893,TCP,1521118750475774,1478,4,5,0,13715,2,0,56,50428
738508114,3978971486,443,4828,TCP,1521118750475779,1500,4,5,0,13315,2,0,241,12345
738508114,3978971486,443,4828,TCP,1521118750475781,1500,4,5,0,13316,2,0,241,12344
738691820,3350286969,80,44415,TCP,1521118750475782,52,4,5,0,55028,2,0,240,58032
1739435852,3334585552,80,43218,TCP,1521118750475783,1480,4,5,0,20579,2,0,57,20801
2381070206,2270145425,53,58633,UDP,1521118750475784,289,4,5,8,0,2,0,55,17017
4080423173,3890314075,53,4929,UDP,1521118750475786,71,4,5,0,507,2,0,112,24882
1700329786,3571859358,443,65341,TCP,1521118750475791,1452,4,5,0,48455,2,0,57,3053
738508114,3978971486,443,4828,TCP,1521118750475793,1500,4,5,0,13317,2,0,241,12343
738508114,3978971486,443,4828,TCP,1521118750475795,1156,4,5,0,13318,2,0,241,12686
3997137757,3569581336,80,50848,TCP,1521118750475797,1480,4,5,0,62949,2,0,58,35281
3997137757,3569581336,80,50848,TCP,1521118750475800,1480,4,5,0,62950,2,0,58,35280
3403274093,3337856634,57275,1330,TCP,1521118750475807,40,4,5,0,43555,0,0,248,2295
3403274093,3443992217,57275,48888,TCP,1521118750475811,40,4,5,0,50521,0,0,248,26446
790429317,4039786104,443,37133,TCP,1521118750475823,52,4,5,0,45016,2,0,239,32518
1235721153,4225200978,443,43521,TCP,1521118750475828,1500,4,5,0,34342,2,0,58,24675
282386718,3453635074,443,60961,TCP,1521118750475829,395,4,5,0,22085,2,0,239,10840
1699905496,4041960588,443,41893,TCP,1521118750475830,1478,4,5,0,13716,2,0,56,50427
1123059657,2336051423,6882,36789,UDP,1521118750475831,1485,4,5,0,35614,0,0,54,19756
1235721153,4225200978,443,43521,TCP,1521118750475832,1500,4,5,0,34343,2,0,58,24674
1235721153,4225200978,443,43521,TCP,1521118750475833,1500,4,5,0,34344,2,0,58,24673
1235721153,4225200978,443,43521,TCP,1521118750475835,1500,4,5,0,34345,2,0,58,24672
2487475232,3348718488,53,56073,UDP,1521118750475836,271,4,5,0,40662,2,0,58,1394
3978976553,3978971491,443,53682,TCP,1521118750475837,52,4,5,0,3405,2,0,61,44949
1235721153,4225200978,443,43521,TCP,1521118750475837,1500,4,5,0,34346,2,0,58,24671
1235721153,4225200978,443,43521,TCP,1521118750475838,1500,4,5,0,34347,2,0,58,24670
1235721153,4225200978,443,43521,TCP,1521118750475839,1500,4,5,0,34348,2,0,58,24669
1962370036,1962334114,51353,1485,UDP,1521118750475841,1302,4,5,24,52833,2,0,58,18393
1235721153,4225200978,443,43521,TCP,1521118750475842,1500,4,5,0,34349,2,0,58,24668
1264800601,3453268200,51139,50381,UDP,1521118750475843,80,4,5,0,28681,0,0,120,46362
1700329786,3571859358,443,65341,TCP,1521118750475843,1452,4,5,0,48456,2,0,57,3052
1235721153,4225200978,443,43521,TCP,1521118750475844,1500,4,5,0,34350,2,0,58,24667
1235721153,4225200978,443,43521,TCP,1521118750475846,1500,4,5,0,34351,2,0,58,24666
1235721153,4225200978,443,43521,TCP,1521118750475847,1500,4,5,0,34352,2,0,58,24665
1235721153,4225200978,443,43521,TCP,1521118750475848,1500,4,5,0,34353,2,0,58,24664
1235721153,4225200978,443,43521,TCP,1521118750475849,1500,4,5,0,34354,2,0,58,24663
1235721153,4225200978,443,43521,TCP,1521118750475851,1500,4,5,0,34355,2,0,58,24662
1469521794,3349792405,80,49769,TCP,1521118750475852,52,4,5,0,15423,2,0,46,2861
1235721153,4225200978,443,43521,TCP,1521118750475853,1500,4,5,0,34356,2,0,58,24661
2626086985,3571853937,26881,27759,TCP,1521118750475854,52,4,5,0,35643,2,0,47,15457
1235721153,4225200978,443,43521,TCP,1521118750475854,1500,4,5,0,34357,2,0,58,24660
1235721153,4225200978,443,43521,TCP,1521118750475855,1500,4,5,0,34358,2,0,58,24659
1235721153,4225200978,443,43521,TCP,1521118750475856,1500,4,5,0,34359,2,0,58,24658
1235721153,4225200978,443,43521,TCP,1521118750475858,1500,4,5,0,34360,2,0,58,24657
1235721153,4225200978,443,43521,TCP,1521118750475859,1500,4,5,0,34361,2,0,58,24656
3741785781,3978971484,443,10908,TCP,1521118750475860,465,4,5,0,50449,2,0,248,34769
1700329786,3571859358,443,65341,TCP,1521118750475863,1452,4,5,0,48457,2,0,57,3051
3978976038,3978971496,80,3714,TCP,1521118750475865,52,4,5,0,34858,2,0,59,14518
2056003583,3472991432,39286,22,TCP,1521118750475868,1500,4,5,0,37337,2,0,80,34029
2056003583,3472991432,39286,22,TCP,1521118750475871,1500,4,5,0,37338,2,0,80,34028
796655546,3607982301,9339,25711,TCP,1521118750475872,1480,4,5,0,21398,2,0,46,31865
139068311,3337821445,80,49769,TCP,1521118750475874,583,4,5,0,52735,2,0,247,50135
2056003583,3472991432,39286,22,TCP,1521118750475875,1500,4,5,0,37339,2,0,80,34027
1774560132,3262274349,51413,51150,UDP,1521118750475876,1430,4,5,0,34662,0,0,56,51975
2056003583,3472991432,39286,22,TCP,1521118750475878,1500,4,5,0,37340,2,0,80,34026
2056003583,3472991432,39286,22,TCP,1521118750475879,1500,4,5,0,37341,2,0,80,34025
2056003583,3472991432,39286,22,TCP,1521118750475881,1500,4,5,0,37342,2,0,80,34024
2056003583,3472991432,39286,22,TCP,1521118750475882,1500,4,5,0,37343,2,0,80,34023
1699905496,4041960588,443,41893,TCP,1521118750475883,1478,4,5,0,13717,2,0,56,50426
138990064,3338558293,443,50854,TCP,1521118750475885,52,4,5,0,11470,2,0,124,54633
3672201731,1962334023,443,42871,TCP,1521118750475885,52,4,5,0,24174,2,0,61,24115
2056003583,3472991432,39286,22,TCP,1521118750475885,1500,4,5,0,37344,2,0,80,34022
2056003583,3472991432,39286,22,TCP,1521118750475886,1500,4,5,0,37345,2,0,80,34021
2056003583,3472991432,39286,22,TCP,1521118750475887,1500,4,5,0,37346,2,0,80,34020
2056003583,3472991432,39286,22,TCP,1521118750475889,1500,4,5,0,37347,2,0,80,34019
2056003583,3472991432,39286,22,TCP,1521118750475890,1500,4,5,0,37348,2,0,80,34018
2056003583,3472991432,39286,22,TCP,1521118750475891,1500,4,5,0,37349,2,0,80,34017
2056003583,3472991432,39286,22,TCP,1521118750475893,1500,4,5,0,37350,2,0,80,34016
1774560132,3262274349,51413,51150,UDP,1521118750475894,1430,4,5,0,34663,0,0,56,51974
2056003583,3472991432,39286,22,TCP,1521118750475895,1500,4,5,0,37351,2,0,80,34015
2056003583,3472991432,39286,22,TCP,1521118750475897,1500,4,5,0,37352,2,0,80,34014
2056003583,3472991432,39286,22,TCP,1521118750475898,1500,4,5,0,37353,2,0,80,34013
2056003583,3472991432,39286,22,TCP,1521118750475899,116,4,5,0,37354,2,0,80,35396
1700329786,3571859358,443,65341,TCP,1521118750475899,1452,4,5,0,48458,2,0,57,3050
795100186,3978971486,443,10472,TCP,1521118750475901,1500,4,5,0,14322,2,0,241,41506
2502595737,3242288133,53,3964,UDP,1521118750475902,131,4,5,0,62395,2,0,57,65187
739987840,3978971497,443,47780,TCP,1521118750475902,52,4,5,0,33507,2,0,241,21169
1262717388,3472905749,119,26497,UDP,1521118750475902,1427,4,5,0,53209,2,0,59,28763
795100186,3978971486,443,10472,TCP,1521118750475903,1500,4,5,0,14323,2,0,241,41505
1962370036,1962334114,51353,1485,UDP,1521118750475905,1302,4,5,24,52834,2,0,58,18392
1053826482,1074109418,443,59292,TCP,1521118750475906,1500,4,5,0,22155,2,0,237,63774
1774560132,3262274349,51413,51150,UDP,1521118750475907,1430,4,5,0,34664,0,0,56,51973
1053826482,1074109418,443,59292,TCP,1521118750475909,1500,4,5,0,22156,2,0,237,63773
1962370036,1962334114,51353,1485,UDP,1521118750475910,1183,4,5,24,52835,2,0,58,18510
1053826482,1074109418,443,59292,TCP,1521118750475911,1340,4,5,0,22157,2,0,237,63932
3527255911,4030665106,443,37352,UDP,1521118750475912,1378,4,5,0,0,2,0,58,49172
2649609226,3353181339,10022,9101,UDP,1521118750475913,32,4,5,0,0,2,0,48,37980
2510184658,3349796410,443,29605,TCP,1521118750475920,1460,4,5,0,6800,2,0,54,36959
795100186,3978971486,443,10472,TCP,1521118750475921,1500,4,5,0,14324,2,0,241,41504
1055179012,1962334023,443,40184,TCP,1521118750475923,1500,4,5,0,19013,2,0,235,62383
795100186,3978971486,443,10472,TCP,1521118750475924,1500,4,5,0,14325,2,0,241,41503
3527246821,3618740955,443,26916,UDP,1521118750475925,1378,4,5,0,0,2,0,58,29403
1055179012,1962334023,443,40184,TCP,1521118750475926,1500,4,5,0,19014,2,0,235,62382
739545353,3338558361,443,52033,TCP,1521118750475928,52,4,5,0,14411,2,0,237,30147
3756989050,3353180021,443,8729,TCP,1521118750475928,40,4,5,0,14537,2,0,53,54090
1962370036,1962334114,51353,1485,UDP,1521118750475928,1183,4,5,24,52836,2,0,58,18509
2088046388,2270145487,443,21287,TCP,1521118750475929,1420,4,5,0,18754,2,0,114,64353
3527246821,3618740955,443,26916,UDP,1521118750475930,1378,4,5,0,0,2,0,58,29403
738446709,1962334045,443,62497,TCP,1521118750475931,52,4,5,0,55952,2,0,240,27238
1053826482,1074109418,443,59292,TCP,1521118750475932,1500,4,5,0,22158,2,0,237,63771
2140679974,4093838473,58812,36854,UDP,1521118750475933,1164,4,5,0,55240,0,0,54,334
2140679974,4093838473,58812,36854,UDP,1521118750475934,120,4,5,0,17657,0,0,54,38961
1699905496,4041960588,443,41893,TCP,1521118750475936,1478,4,5,0,13718,2,0,56,50425
1053826482,1074109418,443,59292,TCP,1521118750475937,1500,4,5,0,22159,2,0,237,63770
2088046388,2270145487,443,21287,TCP,1521118750475944,1420,4,5,0,18755,2,0,114,64352
3877058099,4030665138,443,21287,TCP,1521118750475951,1464,4,5,32,28587,2,0,248,60939
1053826482,1074109418,443,59292,TCP,1521118750475953,1500,4,5,0,22160,2,0,237,63769
2088046388,2270145487,443,21287,TCP,1521118750475954,1420,4,5,0,18756,2,0,114,64351
1053826482,1074109418,443,59292,TCP,1521118750475956,1500,4,5,0,22161,2,0,237,63768
2087007443,2270145422,443,56562,TCP,1521118750475957,303,4,5,0,28460,2,0,118,45190
750887769,3448447665,443,65025,TCP,1521118750475958,1340,4,5,0,8538,2,0,241,41738
750887769,3448447665,443,65025,TCP,1521118750475960,1340,4,5,0,8539,2,0,241,41737
1053826482,1074109418,443,59292,TCP,1521118750475962,218,4,5,0,22162,2,0,237,65049
2088046388,2270145487,443,21287,TCP,1521118750475967,1420,4,5,0,18757,2,0,114,64350
718027554,3443988797,7008,50876,UDP,1521118750475969,51,4,5,9,27862,2,0,55,35432
795100186,3978971486,443,10472,TCP,1521118750475970,1500,4,5,0,14326,2,0,241,41502
795100186,3978971486,443,10472,TCP,1521118750475972,1263,4,5,0,14327,2,0,241,41738
1962370036,1962334114,51353,1485,UDP,1521118750475976,1167,4,5,24,52837,2,0,58,18524
834672924,3450223468,43097,1025,UDP,1521118750475977,1455,4,5,16,20337,0,0,118,39886
3585292143,4041960822,5222,59964,TCP,1521118750475978,91,4,5,0,45409,2,0,54,10167
1699905496,4041960588,443,41893,TCP,1521118750475986,1478,4,5,0,13719,2,0,56,50424
1842912857,3607972433,45632,42850,UDP,1521118750475987,48,4,5,8,7549,0,0,117,64167
271619767,1962334198,39151,1485,UDP,1521118750475990,324,4,5,24,5331,2,0,54,15082
1962370036,1962334114,51353,1485,UDP,1521118750475990,1167,4,5,24,52838,2,0,58,18523
974656543,3443665502,443,55321,TCP,1521118750475993,1472,4,5,0,34256,2,0,58,28560
2381068955,3890314079,53,35707,UDP,1521118750475997,260,4,5,0,0,2,0,54,6177
738884822,3474337040,443,38419,TCP,1521118750476004,1492,4,5,0,33914,2,0,237,24226
1902888990,3390883087,16769,49340,TCP,1521118750476005,40,4,5,0,52319,0,0,121,44218
574683156,3455830235,29421,53281,TCP,1521118750476012,41,4,5,0,19127,2,0,224,40683
942637450,1074109367,443,45442,TCP,1521118750476012,1500,4,5,8,39520,2,0,246,20285
1956179944,3450102738,80,50412,TCP,1521118750476014,40,4,5,0,19790,2,0,119,8330
942637450,1074109367,443,45442,TCP,1521118750476017,1500,4,5,8,39521,2,0,246,20284
1055179012,1962334023,443,40184,TCP,1521118750476019,1500,4,5,0,19015,2,0,235,62381
132790060,1962334195,35576,9043,UDP,1521118750476020,146,4,5,0,39919,2,0,58,6252
942637450,1074109367,443,45442,TCP,1521118750476020,1500,4,5,8,39522,2,0,246,20283
942637450,1074109367,443,45442,TCP,1521118750476021,1500,4,5,8,39523,2,0,246,20282
738884822,3474337040,443,38419,TCP,1521118750476023,740,4,5,0,33915,2,0,237,24977
942637450,1074109367,443,45442,TCP,1521118750476023,1500,4,5,8,39524,2,0,246,20281
2117028221,2324809714,8200,52921,UDP,1521118750476025,127,4,5,0,14984,2,0,54,61365
1055179012,1962334023,443,40184,TCP,1521118750476025,1500,4,5,0,19016,2,0,235,62380
942637450,1074109367,443,45442,TCP,1521118750476026,1500,4,5,8,39525,2,0,246,20280
942637450,1074109367,443,45442,TCP,1521118750476029,1500,4,5,8,39526,2,0,246,20279
942637450,1074109367,443,45442,TCP,1521118750476031,1500,4,5,8,39527,2,0,246,20278
1234923774,3558786780,443,26324,TCP,1521118750476032,1340,4,5,0,19324,2,0,57,39851
942637450,1074109367,443,45442,TCP,1521118750476033,1500,4,5,8,39528,2,0,246,20277
742186982,3451631965,7275,34110,TCP,1521118750476034,52,4,5,0,56657,2,0,237,7478
1055179012,1962334023,443,40184,TCP,1521118750476043,1500,4,5,0,19017,2,0,235,62379
2260923222,3391027248,1935,51075,TCP,1521118750476048,97,4,5,0,8494,2,0,55,58880
360213851,2318945242,443,53357,TCP,1521118750476048,40,4,5,0,11040,2,0,241,1482
1055179012,1962334023,443,40184,TCP,1521118750476051,1500,4,5,0,19018,2,0,235,62378
1962370036,1962334114,51353,1485,UDP,1521118750476060,1167,4,5,24,52839,2,0,58,18522
790790487,3978971496,443,48590,TCP,1521118750476062,52,4,5,0,41647,2,0,241,8
3584891823,2321225282,443,45575,TCP,1521118750476066,1400,4,5,0,30083,2,0,54,14339
1054474658,3257294266,443,35788,TCP,1521118750476067,80,4,5,0,26574,2,0,45,34173
1663255188,4103963955,443,56366,TCP,1521118750476070,135,4,5,0,60932,2,0,56,13540
1178055538,1235566948,53239,445,TCP,1521118750476073,40,4,5,0,23875,2,0,114,9946
3584891823,2321225282,443,45575,TCP,1521118750476076,1393,4,5,0,30084,2,0,54,14345
1178700172,3617610448,8956,52620,TCP,1521118750476080,45,4,5,0,9524,2,0,50,8537
1053942572,3350331325,443,26428,TCP,1521118750476080,40,4,5,0,5419,2,0,237,36663
3978976553,3978971491,443,53682,TCP,1521118750476084,846,4,5,0,3406,2,0,61,44154
360218189,2343840181,443,63778,TCP,1521118750476087,40,4,5,0,45187,2,0,241,36893
1055179012,1962334023,443,40184,TCP,1521118750476089,1500,4,5,0,19019,2,0,235,62377
1055179012,1962334023,443,40184,TCP,1521118750476090,1500,4,5,0,19020,2,0,235,62376
1962370036,1962334114,51353,1485,UDP,1521118750476096,1166,4,5,24,52840,2,0,58,18522
1655497693,3447595079,55561,29034,TCP,1521118750476098,1400,4,5,0,26676,2,0,116,25852
1655497693,3447595079,55561,29034,TCP,1521118750476099,1400,4,5,0,26677,2,0,116,25851
3310683221,2317271739,53,34056,UDP,1521118750476107,1473,4,5,0,62406,0,0,59,28641
360218186,3451399347,443,4267,TCP,1521118750476108,52,4,5,0,50805,2,0,241,13600
1655497693,3447595079,55561,29034,TCP,1521118750476116,1400,4,5,0,26678,2,0,116,25850
1655497693,3447595079,55561,29034,TCP,1521118750476120,1400,4,5,0,26679,2,0,116,25849
1280595944,3348659670,60766,60539,UDP,1521118750476129,1351,4,5,0,3972,2,0,122,631
1655497693,3447595079,55561,29034,TCP,1521118750476135,1400,4,5,0,26680,2,0,116,25848
1280595944,3348659670,60766,60539,UDP,1521118750476138,497,4,5,0,3973,2,0,122,1484
1655497693,3447595079,55561,29034,TCP,1521118750476139,1400,4,5,0,26681,2,0,116,25847
1791216486,3391002542,443,12876,TCP,1521118750476147,1500,4,5,0,13549,2,0,55,28984
1962370036,1962334114,51353,1485,UDP,1521118750476148,1329,4,5,24,52841,2,0,58,18358
974656543,3443665502,443,55321,TCP,1521118750476149,1472,4,5,0,34257,2,0,58,28559
942637450,1074109374,443,47741,TCP,1521118750476151,1500,4,5,8,49432,2,0,246,10366
1655497693,3447595079,55561,29034,TCP,1521118750476152,1400,4,5,0,26682,2,0,116,25846
3291159137,3890314076,53,20480,UDP,1521118750476153,117,4,5,0,30990,0,0,57,50847
942637450,1074109374,443,47741,TCP,1521118750476154,1500,4,5,8,49433,2,0,246,10365
942637450,1074109374,443,47741,TCP,1521118750476157,1500,4,5,8,49434,2,0,246,10364
790804511,3978971484,443,18294,TCP,1521118750476158,52,4,5,0,35043,2,0,241,58135
974656543,3443665502,443,55321,TCP,1521118750476161,1472,4,5,0,34258,2,0,58,28558
942637450,1074109374,443,47741,TCP,1521118750476163,1500,4,5,8,49435,2,0,246,10363
942637450,1074109374,443,47741,TCP,1521118750476164,1500,4,5,8,49436,2,0,246,10362
974656519,3452444549,80,7837,TCP,1521118750476166,1452,4,5,0,44759,2,0,58,20744
4173852208,3334585668,80,26520,TCP,1521118750476167,1480,4,5,0,20381,2,0,52,34452
3801788594,3348721555,443,61886,TCP,1521118750476168,40,4,5,0,2267,2,0,55,28795
1791216486,3391002542,443,12876,TCP,1521118750476169,1500,4,5,0,13550,2,0,55,28983
3306120868,3348718722,80,57422,TCP,1521118750476170,1452,4,5,0,35912,2,0,53,23604
4173852208,3334585668,80,26520,TCP,1521118750476172,1480,4,5,0,20382,2,0,52,34451
942637450,1074109374,443,47741,TCP,1521118750476173,1500,4,5,8,49437,2,0,246,10361
1054369973,846840993,443,26855,TCP,1521118750476175,52,4,5,0,37444,2,0,46,7128
974656519,3452444549,80,7837,TCP,1521118750476176,1452,4,5,0,44760,2,0,58,20743
942637450,1074109374,443,47741,TCP,1521118750476177,1500,4,5,8,49438,2,0,246,10360
1861651071,3559061291,8999,1027,UDP,1521118750476179,66,4,5,0,18394,0,0,119,14093
795119674,3978971493,443,35654,TCP,1521118750476179,1500,4,5,0,15070,2,0,240,21519
1962370036,1962334114,51353,1485,UDP,1521118750476180,1329,4,5,24,52842,2,0,58,18357
3672239314,1962334108,60584,9042,UDP,1521118750476181,262,4,5,0,31314,2,0,61,44621
942637450,1074109374,443,47741,TCP,1521118750476182,1500,4,5,8,49439,2,0,246,10359
942637450,1074109374,443,47741,TCP,1521118750476184,1500,4,5,8,49440,2,0,246,10358
1465466201,3617785383,16762,1214,UDP,1521118750476185,48,4,5,0,26047,0,0,115,28545
2569498875,3455661273,19990,59243,TCP,1521118750476185,71,4,5,8,15783,2,0,121,46860
3520540551,3396737234,21045,34146,UDP,1521118750476192,1453,4,5,0,15074,0,0,115,8887
942637450,1074109374,443,47741,TCP,1521118750476193,1500,4,5,8,49441,2,0,246,10357
942637450,1074109374,443,47741,TCP,1521118750476194,1500,4,5,8,49442,2,0,246,10356
1962883881,3451150204,80,45697,TCP,1521118750476198,1500,4,5,0,1102,2,0,56,23413
790271742,4217677538,443,53441,TCP,1521118750476201,64,4,5,0,48874,2,0,46,9582
1544718991,4225209494,59860,31342,UDP,1521118750476202,48,4,5,40,35740,0,0,53,33513
1068482028,1074109413,443,47762,TCP,1521118750476206,105,4,5,0,49189,2,0,49,45027
3520540551,3396737234,21045,34146,UDP,1521118750476207,1453,4,5,0,15075,0,0,115,8886
3520540551,3396737234,21045,34146,UDP,1521118750476215,1453,4,5,0,15076,0,0,115,8885
1863878526,3391000836,10391,12525,UDP,1521118750476217,1453,4,5,0,6378,0,0,115,55196
1962370036,1962334114,51353,1485,UDP,1521118750476224,1328,4,5,24,52843,2,0,58,18357
1280619379,3446713524,8064,26615,TCP,1521118750476228,1480,4,5,0,14463,2,0,58,35012
1962370036,1962334114,51353,1485,UDP,1521118750476229,1188,4,5,24,52844,2,0,58,18496
3520540551,3396737234,21045,34146,UDP,1521118750476232,1453,4,5,0,15077,0,0,115,8884
3741785781,3978971487,443,12502,TCP,1521118750476233,465,4,5,0,13872,2,0,248,5808
2056003583,3472991432,39286,22,TCP,1521118750476240,1500,4,5,0,37355,2,0,80,34011
3744282649,3455008389,54972,41767,UDP,1521118750476242,41,4,5,0,15693,2,0,120,41403
2285206418,3558773544,80,45132,TCP,1521118750476242,146,4,5,0,34244,2,0,54,21395
795119674,3978971493,443,35654,TCP,1521118750476243,1465,4,5,0,15071,2,0,240,21553
2487475774,3453635074,53,19615,UDP,1521118750476244,128,4,5,0,31957,2,0,58,14649
2056003583,3472991432,39286,22,TCP,1521118750476244,1500,4,5,0,37356,2,0,80,34010
2056003583,3472991432,39286,22,TCP,1521118750476245,1500,4,5,0,37357,2,0,80,34009
2056003583,3472991432,39286,22,TCP,1521118750476246,1500,4,5,0,37358,2,0,80,34008
1827254630,3390891315,63970,55799,UDP,1521118750476248,48,4,5,0,353,0,0,117,30396
751409775,1962334045,80,57673,TCP,1521118750476248,52,4,5,0,15123,2,0,240,15396
2056003583,3472991432,39286,22,TCP,1521118750476248,1500,4,5,0,37359,2,0,80,34007
2056003583,3472991432,39286,22,TCP,1521118750476249,1500,4,5,0,37360,2,0,80,34006
2056003583,3472991432,39286,22,TCP,1521118750476250,1500,4,5,0,37361,2,0,80,34005
2056003583,3472991432,39286,22,TCP,1521118750476252,1500,4,5,0,37362,2,0,80,34004
2056003583,3472991432,39286,22,TCP,1521118750476254,1500,4,5,0,37363,2,0,80,34003
2056003583,3472991432,39286,22,TCP,1521118750476255,1500,4,5,0,37364,2,0,80,34002
2056003583,3472991432,39286,22,TCP,1521118750476256,1500,4,5,0,37365,2,0,80,34001
1741477838,3455650393,45539,33877,UDP,1521118750476257,1454,4,5,0,16458,0,0,117,59399
1053942572,3350331325,443,26428,TCP,1521118750476259,40,4,5,0,5420,2,0,237,36662
2056003583,3472991432,39286,22,TCP,1521118750476259,1500,4,5,0,37366,2,0,80,34000
3766890141,3453678741,443,51477,TCP,1521118750476260,1412,4,5,8,8587,2,0,59,18253
2056003583,3472991432,39286,22,TCP,1521118750476261,1500,4,5,0,37367,2,0,80,33999
2056003583,3472991432,39286,22,TCP,1521118750476262,1500,4,5,0,37368,2,0,80,33998
2056003583,3472991432,39286,22,TCP,1521118750476264,1500,4,5,0,37369,2,0,80,33997
1262695699,3451408056,443,49923,TCP,1521118750476265,338,4,5,0,50983,2,0,60,55735
1053470158,1074109340,443,33693,TCP,1521118750476265,1500,4,5,0,57356,2,0,49,39893
1962370036,1962334114,51353,1485,UDP,1521118750476267,1188,4,5,24,52845,2,0,58,18495
3766890141,3453678741,443,51477,TCP,1521118750476268,1412,4,5,8,8588,2,0,59,18252
1053470158,1074109340,443,33693,TCP,1521118750476269,1500,4,5,0,57357,2,0,49,39892
3307379303,3608343554,443,54141,TCP,1521118750476271,1400,4,5,0,17107,2,0,55,53517
2056003583,3472991432,39286,22,TCP,1521118750476272,1500,4,5,0,37370,2,0,80,33996
2056003583,3472991432,39286,22,TCP,1521118750476273,1500,4,5,0,37371,2,0,80,33995
3307379303,3608343554,443,54141,TCP,1521118750476274,1400,4,5,0,17108,2,0,55,53516
2056003583,3472991432,39286,22,TCP,1521118750476275,1500,4,5,0,37372,2,0,80,33994
2056003583,3472991432,39286,22,TCP,1521118750476277,1500,4,5,0,37373,2,0,80,33993
2056003583,3472991432,39286,22,TCP,1521118750476278,1500,4,5,0,37374,2,0,80,33992
1699905496,4041960588,443,41893,TCP,1521118750476279,1478,4,5,0,13720,2,0,56,50423
2056003583,3472991432,39286,22,TCP,1521118750476281,1500,4,5,0,37375,2,0,80,33991
2056003583,3472991432,39286,22,TCP,1521118750476282,1500,4,5,0,37376,2,0,80,33990
2056003583,3472991432,39286,22,TCP,1521118750476284,1500,4,5,0,37377,2,0,80,33989
2056003583,3472991432,39286,22,TCP,1521118750476285,116,4,5,0,37378,2,0,80,35372
2056003583,3472991432,39286,22,TCP,1521118750476285,1500,4,5,0,37379,2,0,80,33987
2056003583,3472991432,39286,22,TCP,1521118750476286,1500,4,5,0,37380,2,0,80,33986
2056003583,3472991432,39286,22,TCP,1521118750476288,1500,4,5,0,37381,2,0,80,33985
2056003583,3472991432,39286,22,TCP,1521118750476289,1500,4,5,0,37382,2,0,80,33984
2056003583,3472991432,39286,22,TCP,1521118750476290,1372,4,5,0,37383,2,0,80,34111
1053830150,3484882231,443,17836,TCP,1521118750476291,52,4,5,0,45538,2,0,237,35868
1280619379,3446713524,8064,26615,TCP,1521118750476291,1267,4,5,0,14464,2,0,58,35224
2377634709,855302097,443,38846,TCP,1521118750476292,52,4,5,0,59600,2,0,60,57818
1053470158,1074109340,443,33693,TCP,1521118750476293,1500,4,5,0,57358,2,0,49,39891
1053470158,1074109340,443,33693,TCP,1521118750476294,1500,4,5,0,57359,2,0,49,39890
2270456640,3978971494,80,9384,TCP,1521118750476296,661,4,5,0,15961,2,0,248,6372
3992027753,842651491,443,27256,TCP,1521118750476296,1450,4,5,0,49791,2,0,88,57558
3992027753,842651491,443,27256,TCP,1521118750476297,1450,4,5,0,49792,2,0,88,57557
3527239300,4030665106,443,58518,TCP,1521118750476299,1440,4,5,0,41481,0,0,58,40635
1962370036,1962334114,51353,1485,UDP,1521118750476300,1186,4,5,24,52846,2,0,58,18496
3741785781,3978971486,443,48308,TCP,1521118750476301,52,4,5,0,34903,2,0,248,50726
1053470158,1074109340,443,33693,TCP,1521118750476301,1500,4,5,0,57360,2,0,49,39889
1053470158,1074109340,443,33693,TCP,1521118750476302,1500,4,5,0,57361,2,0,49,39888
3331088251,1962334014,59248,80,TCP,1521118750476303,52,4,5,0,14101,2,0,48,41330
3527255965,4030665149,443,6270,TCP,1521118750476305,1440,4,5,0,38617,0,0,58,26791
1774560132,3262274349,51413,51150,UDP,1521118750476306,1430,4,5,0,34665,0,0,56,51972
1699905496,4041960588,443,41893,TCP,1521118750476308,1478,4,5,0,13721,2,0,56,50422
1053470158,1074109340,443,33693,TCP,1521118750476309,1500,4,5,0,57362,2,0,49,39887
1053470158,1074109340,443,33693,TCP,1521118750476311,1500,4,5,0,57363,2,0,49,39886
1623011302,3472982775,80,51854,TCP,1521118750476312,1492,4,5,0,29669,2,0,57,58786
2201219287,2340446735,8801,40993,UDP,1521118750476314,279,4,5,0,12790,2,0,59,43845
1053470158,1074109340,443,33693,TCP,1521118750476317,1500,4,5,0,57364,2,0,49,39885
1962370036,1962334114,51353,1485,UDP,1521118750476320,1356,4,5,24,52847,2,0,58,18325
2026418739,3446784872,41485,1024,UDP,1521118750476321,1151,4,5,0,63667,0,0,52,52708
1053470158,1074109340,443,33693,TCP,1521118750476322,1500,4,5,0,57365,2,0,49,39884
1053470158,1074109340,443,33693,TCP,1521118750476324,1500,4,5,0,57366,2,0,49,39883
1623011302,3472982775,80,51854,TCP,1521118750476325,1492,4,5,0,29670,2,0,57,58785
738410095,3978971498,443,29628,TCP,1521118750476326,1500,4,5,0,4075,2,0,241,54057
4006383990,3451487821,110,37116,TCP,1521118750476328,1492,4,5,0,61877,2,0,55,30756
742686919,3978971485,443,40106,TCP,1521118750476329,1500,4,5,0,35493,2,0,240,5859
4023727624,842564317,443,27136,TCP,1521118750476330,52,4,5,0,50695,2,0,56,41417
742686919,3978971485,443,40106,TCP,1521118750476330,1500,4,5,0,35494,2,0,240,5858
740700441,3978971489,80,51140,TCP,1521118750476332,52,4,5,8,61978,2,0,237,2006
1053470158,1074109340,443,33693,TCP,1521118750476332,1500,4,5,0,57367,2,0,49,39882
284812436,1962334023,65098,1485,UDP,1521118750476333,510,4,5,24,23007,2,0,55,42540
738410095,3978971498,443,29628,TCP,1521118750476335,207,4,5,0,4076,2,0,241,55349
2623944267,3259942474,41670,60346,UDP,1521118750476335,1449,4,5,0,23064,0,0,118,35297
1534841030,1235594676,65345,445,TCP,1521118750476337,40,4,5,0,13940,2,0,115,44480
2260923222,3242264425,1935,61971,TCP,1521118750476345,97,4,5,0,34749,2,0,55,30998
517385572,4093843478,80,50531,TCP,1521118750476349,1450,4,5,2,57234,2,0,59,33381
517385572,4093843478,80,50531,TCP,1521118750476350,1450,4,5,2,57235,2,0,59,33380
1962370036,1962334114,51353,1485,UDP,1521118750476352,1356,4,5,24,52848,2,0,58,18324
800783747,3347702009,443,46485,TCP,1521118750476353,64,4,5,0,14457,2,0,237,32637
1123059657,2336051423,6882,36789,UDP,1521118750476353,1485,4,5,0,35615,0,0,54,19755
2285464370,1235594742,11907,445,TCP,1521118750476359,52,4,5,0,20798,2,0,112,52862
3542516066,4030665149,443,52920,UDP,1521118750476364,1378,4,5,0,0,2,0,58,58629
3542516066,4030665149,443,52920,UDP,1521118750476367,1378,4,5,0,0,2,0,58,58629
3885270412,3474337134,443,28439,TCP,1521118750476368,1480,4,5,0,7771,2,0,54,46895
3885270412,3474337134,443,28439,TCP,1521118750476372,1480,4,5,0,7772,2,0,54,46894
3885270412,3474337134,443,28439,TCP,1521118750476375,1196,4,5,0,7773,2,0,54,47177
3969043429,3255953243,443,60657,TCP,1521118750476380,40,4,5,0,7300,2,0,244,2150
3969043429,3255953243,443,60657,TCP,1521118750476380,40,4,5,0,7301,2,0,244,2149
1526404237,3338139987,12700,64179,TCP,1521118750476385,65,4,5,0,32280,2,0,104,25803
738508114,3978971485,443,59800,TCP,1521118750476385,52,4,5,0,20911,2,0,241,6198
1226365253,3978971498,443,28454,TCP,1521118750476392,52,4,5,0,1574,2,0,240,11179
3585654808,3453620222,443,33823,TCP,1521118750476395,52,4,5,0,22594,2,0,56,30424
3672201827,1074109394,443,39619,TCP,1521118750476401,453,4,5,0,18345,2,0,61,58221
1999566081,3391067266,3389,49823,TCP,1521118750476407,40,4,5,0,28697,2,0,117,51940
1962370036,1962334114,51353,1485,UDP,1521118750476409,1356,4,5,24,52849,2,0,58,18323
4167754406,3349900873,33320,12011,TCP,1521118750476411,1452,4,5,0,29649,2,0,115,32116
1001349251,3399954127,52710,6881,UDP,1521118750476412,1466,4,5,0,19124,0,0,114,25302
3672201827,1074109394,443,39619,TCP,1521118750476416,124,4,5,0,18346,2,0,61,58549
4167754406,3349900873,33320,12011,TCP,1521118750476424,1452,4,5,0,29650,2,0,115,32115
2153219763,3233207101,465,39887,TCP,1521118750476426,270,4,5,0,45428,2,0,56,62838
3885269682,3450307074,443,26500,TCP,1521118750476430,40,4,5,0,28856,2,0,54,6695
742686919,3978971485,443,40106,TCP,1521118750476433,1500,4,5,0,35495,2,0,240,5857
1835218868,3450301381,62057,2097,UDP,1521118750476435,1452,4,5,0,20018,0,0,119,4491
742686919,3978971485,443,40106,TCP,1521118750476436,1500,4,5,0,35496,2,0,240,5856
3756989050,3571996733,443,49324,TCP,1521118750476437,297,4,5,0,45649,2,0,53,27374
1053942572,3350331325,443,26428,TCP,1521118750476437,40,4,5,0,5421,2,0,237,36661
1053942572,3350331325,443,26428,TCP,1521118750476437,40,4,5,0,5422,2,0,237,36660
1234923774,846821259,443,43943,TCP,1521118750476437,1480,4,5,0,45103,2,0,57,10083
3729855349,3349791270,52772,80,TCP,1521118750476439,519,4,5,0,38694,2,0,57,11572
742704643,3978971493,443,35238,TCP,1521118750476439,52,4,5,0,21983,2,0,240,3085
138990064,3347601323,443,55506,TCP,1521118750476439,1440,4,5,0,43453,0,0,251,5934
138990064,3347601323,443,55506,TCP,1521118750476441,1404,4,5,0,43454,0,0,251,5969
138990064,3347601323,443,55506,TCP,1521118750476442,1404,4,5,0,43455,0,0,251,5968
138990064,3347601323,443,55506,TCP,1521118750476443,706,4,5,0,43456,0,0,251,6665
4023763174,1962334025,443,56567,TCP,1521118750476444,716,4,5,0,9904,2,0,245,24447
1962370036,1962334114,51353,1485,UDP,1521118750476444,1407,4,5,24,52850,2,0,58,18271
1234923774,846821259,443,43943,TCP,1521118750476446,1480,4,5,0,45104,2,0,57,10082
1234923774,846821259,443,43943,TCP,1521118750476460,1480,4,5,0,45105,2,0,57,10081
1962370036,1962334114,51353,1485,UDP,1521118750476465,1407,4,5,24,52851,2,0,58,18270
752794264,3455736109,80,36324,TCP,1521118750476466,552,4,5,0,31223,2,0,239,314
3403274093,3473456957,57275,3999,TCP,1521118750476466,40,4,5,0,38297,0,0,248,64680
3223949995,2332752498,50527,443,TCP,1521118750476467,40,4,5,0,8573,2,0,115,3585
1234923774,846821259,443,43943,TCP,1521118750476471,1480,4,5,0,45106,2,0,57,10080
1067495545,4102003830,80,57165,TCP,1521118750476480,52,4,5,0,57061,2,0,237,11726
269242580,3978971494,443,35168,TCP,1521118750476481,52,4,5,0,13917,2,0,58,29430
1234923774,846821259,443,43943,TCP,1521118750476484,1480,4,5,0,45107,2,0,57,10079
1234923774,846821259,443,43943,TCP,1521118750476496,1480,4,5,0,45108,2,0,57,10078
1962370036,1962334114,51353,1485,UDP,1521118750476498,1355,4,5,24,52852,2,0,58,18321
360213853,2338149405,443,51909,TCP,1521118750476504,40,4,5,0,59650,2,0,241,15997
790271742,4217677538,443,53441,TCP,1521118750476522,64,4,5,0,48875,2,0,46,9581
2127528060,3453635074,443,3972,TCP,1521118750476530,52,4,5,0,22395,2,0,55,54560
1589841534,0,443,3972,TCP,1521118750476535,0,6,0,0,229,0,4407,217,5632
942637450,1074109374,443,47741,TCP,1521118750476542,1500,4,5,8,49466,2,0,246,10332
790654705,3978971486,443,57602,TCP,1521118750476545,52,4,5,0,33987,2,0,240,12646
1962370036,1962334114,51353,1485,UDP,1521118750476546,1355,4,5,24,52853,2,0,58,18320
3766937918,3484910926,443,49182,TCP,1521118750476547,1400,4,5,32,37929,2,0,61,34155
3766937918,3484910926,443,49182,TCP,1521118750476548,1400,4,5,32,37930,2,0,61,34154
132803794,3242272814,80,33098,TCP,1521118750476549,1420,4,5,8,1220,2,0,59,55156
942637450,1074109374,443,47741,TCP,1521118750476550,1500,4,5,8,49467,2,0,246,10331
132803794,3242272814,80,33098,TCP,1521118750476552,1420,4,5,8,1221,2,0,59,55155
942637450,1074109374,443,47741,TCP,1521118750476553,1500,4,5,8,49468,2,0,246,10330
942637450,1074109374,443,47741,TCP,1521118750476554,1500,4,5,8,49469,2,0,246,10329
569371924,3484683694,443,14501,TCP,1521118750476555,40,4,5,0,10264,0,0,246,45137
3756988500,3569556974,443,52497,TCP,1521118750476556,1400,4,5,0,24670,2,0,51,63276
1835218868,3450301381,62057,2097,UDP,1521118750476559,1452,4,5,0,20019,0,0,119,4490
3978972186,3978971490,40140,80,TCP,1521118750476560,52,4,5,0,43845,2,0,58,9645
1176524145,3450245613,58736,22,TCP,1521118750476560,40,4,5,0,40039,0,0,242,12611
741877976,3454970789,443,19215,TCP,1521118750476562,83,4,5,0,17987,2,0,237,30909
942637450,1074109374,443,47741,TCP,1521118750476564,1500,4,5,8,49470,2,0,246,10328
1264309528,3978971485,443,23390,TCP,1521118750476565,1500,4,5,32,65020,2,0,61,58115
1264309528,3978971485,443,23390,TCP,1521118750476566,1500,4,5,32,65021,2,0,61,58114
742686919,3978971485,443,40106,TCP,1521118750476570,1500,4,5,0,35497,2,0,240,5855
942637450,1074109374,443,47741,TCP,1521118750476571,1500,4,5,8,49471,2,0,246,10327
1962370036,1962334114,51353,1485,UDP,1521118750476573,1069,4,5,24,52854,2,0,58,18605
2340596306,1962334005,52488,80,TCP,1521118750476574,60,4,5,0,28445,2,0,112,6558
742686919,3978971485,443,40106,TCP,1521118750476575,1500,4,5,0,35498,2,0,240,5854
942637450,1074109374,443,47741,TCP,1521118750476576,1500,4,5,8,49472,2,0,246,10326
942637450,1074109374,443,47741,TCP,1521118750476577,1500,4,5,8,49473,2,0,246,10325
942637450,1074109374,443,47741,TCP,1521118750476580,1500,4,5,8,49474,2,0,246,10324
942637450,1074109374,443,47741,TCP,1521118750476582,1500,4,5,8,49475,2,0,246,10323
942637450,1074109374,443,47741,TCP,1521118750476583,1500,4,5,8,49476,2,0,246,10322
269242602,3978971491,80,49050,TCP,1521118750476585,59,4,5,0,32288,2,0,58,11033
744358254,4041960738,443,39691,TCP,1521118750476587,1450,4,5,0,16538,2,0,237,48089
1962370036,1962334114,51353,1485,UDP,1521118750476593,1069,4,5,24,52855,2,0,58,18604
574243601,3349867418,19401,50226,UDP,1521118750476598,129,4,5,0,2739,2,0,116,58152
269242573,3978971491,443,22262,TCP,1521118750476601,52,4,5,0,39749,2,0,58,3608
1074949132,3391034838,56529,39193,UDP,1521118750476606,96,4,5,0,32885,2,0,45,16644
360213630,3618740937,443,49510,TCP,1521118750476607,40,4,5,0,30305,2,0,241,7933
2260923222,3391077484,1935,55004,TCP,1521118750476611,97,4,5,0,58847,2,0,55,23826
1962370036,1962334114,51353,1485,UDP,1521118750476615,1067,4,5,24,52856,2,0,58,18605
3294445933,3890314076,53,7247,UDP,1521118750476620,142,4,5,0,5197,0,0,57,1034
1355504805,3256841269,1057,34401,UDP,1521118750476622,80,4,5,0,18530,0,0,116,6774
3978972186,3978971490,40140,80,TCP,1521118750476625,52,4,5,0,43846,2,0,58,9644
1053942572,3350331325,443,26428,TCP,1521118750476626,40,4,5,0,5423,2,0,237,36659
4080404770,3890314065,53,13563,UDP,1521118750476630,65,4,5,0,47383,2,0,110,62472
1645394518,3455008409,20496,1024,UDP,1521118750476637,1453,4,5,0,20186,0,0,114,52084
2047702580,2321224357,443,39325,TCP,1521118750476644,1440,4,5,0,10075,2,0,54,35515
1526308235,3353371325,54336,3128,TCP,1521118750476645,40,4,5,0,57313,2,0,45,19148
796643046,2321227036,80,49622,TCP,1521118750476647,52,4,5,0,46581,2,0,238,12533
739987840,3978971488,443,40578,TCP,1521118750476654,52,4,5,0,51557,2,0,241,3128
1391489625,4041937378,35412,23,TCP,1521118750476657,58,4,5,0,63460,2,0,50,35010
2245311771,3455830224,39748,30465,UDP,1521118750476660,48,4,5,0,6135,0,0,56,37130
278104302,2318935013,443,43615,TCP,1521118750476663,1474,4,5,0,44903,2,0,60,16944
278104302,2318935013,443,43615,TCP,1521118750476668,1474,4,5,0,44904,2,0,60,16943
742686919,3978971485,443,40106,TCP,1521118750476672,1500,4,5,0,35499,2,0,240,5853
1962370036,1962334114,51353,1485,UDP,1521118750476673,1231,4,5,24,52857,2,0,58,18440
742686919,3978971485,443,40106,TCP,1521118750476676,1500,4,5,0,35500,2,0,240,5852
2338532798,3455737526,443,56371,TCP,1521118750476680,1300,4,5,0,13467,2,0,242,26998
2137332818,3618736958,63895,61991,UDP,1521118750476681,1255,4,5,0,3250,2,0,123,61356
718027811,3348631027,7008,30546,UDP,1521118750476698,120,4,5,9,34934,2,0,54,32635
718027811,3348631027,7008,30546,UDP,1521118750476700,123,4,5,9,34933,2,0,54,32633
1962370036,1962334114,51353,1485,UDP,1521118750476701,1231,4,5,24,52858,2,0,58,18439
2351639798,3257294642,443,26495,TCP,1521118750476704,1069,4,5,0,63723,2,0,247,44132
1287448242,2318934893,63461,51359,UDP,1521118750476706,41,4,5,0,16329,2,0,119,58086
988493032,843180802,40522,445,TCP,1521118750476709,218,4,5,0,24383,2,0,108,8648
738249156,3978971495,443,26200,TCP,1521118750476710,52,4,5,0,26413,2,0,232,65343
1458068410,3484728508,59542,5555,TCP,1521118750476710,40,4,5,0,56397,0,0,53,27247
4251322546,3391071132,123,61727,UDP,1521118750476712,76,4,5,0,0,2,0,53,53708
3869160367,2336765218,49001,33696,UDP,1521118750476716,171,4,5,0,21140,0,0,117,38901
2338532798,3455737526,443,56371,TCP,1521118750476717,1300,4,5,0,13468,2,0,242,26997
1962370036,1962334114,51353,1485,UDP,1521118750476726,1231,4,5,24,52859,2,0,58,18438
269242573,3978971491,443,22262,TCP,1521118750476730,272,4,5,0,39750,2,0,58,3387
3766892111,3334586145,443,59843,TCP,1521118750476742,1452,4,5,0,60019,2,0,60,45599
3766892111,3334586145,443,59843,TCP,1521118750476743,1452,4,5,0,60020,2,0,60,45598
2338532798,3455737526,443,56371,TCP,1521118750476749,1300,4,5,0,13469,2,0,242,26996
3310683221,2317271739,53,34056,UDP,1521118750476750,1473,4,5,0,62407,0,0,59,28640
1054369973,846840993,443,26855,TCP,1521118750476754,52,4,5,0,37445,2,0,46,7127
794532909,1962334046,80,58693,TCP,1521118750476755,52,4,5,0,25255,2,0,237,4927
504317775,3472993356,443,59492,TCP,1521118750476756,1450,4,5,0,45349,2,0,91,34940
504317775,3472993356,443,59492,TCP,1521118750476757,1450,4,5,0,45350,2,0,91,34939
278104302,2318935013,443,43615,TCP,1521118750476758,1474,4,5,0,44905,2,0,60,16942
743728368,2346382290,80,50027,TCP,1521118750476760,742,4,5,0,39350,2,0,245,55401
792616631,3617761277,443,42087,TCP,1521118750476762,1480,4,5,0,51878,2,0,246,42739
1355419076,4041960822,62060,61716,UDP,1521118750476764,48,4,5,0,10053,0,0,116,25224
792616631,3617761277,443,42087,TCP,1521118750476769,1480,4,5,0,51879,2,0,246,42738
3527241946,3618741021,443,41423,UDP,1521118750476770,1378,4,5,0,0,2,0,58,34212
740789498,3442966754,6611,9050,TCP,1521118750476775,1500,4,5,0,63414,2,0,46,18474
2338532798,3455737526,443,56371,TCP,1521118750476777,1300,4,5,0,13470,2,0,242,26995
1053584733,3352310959,5512,39394,UDP,1521118750476783,83,4,5,184,9410,2,0,49,31607
1962370036,1962334114,51353,1485,UDP,1521118750476788,1230,4,5,24,52860,2,0,58,18438
1234920282,3337734268,55516,443,TCP,1521118750476791,178,4,5,0,44726,2,0,57,22060
2488198738,3453656830,53,22710,UDP,1521118750476792,297,4,5,0,49149,0,0,49,57676
1235828074,3349796572,4877,39969,TCP,1521118750476792,1460,4,5,0,15332,2,0,54,56774
4239121185,3242263442,2013,49288,TCP,1521118750476796,1476,4,5,0,16387,2,0,115,9616
1054042542,3262283257,443,40135,TCP,1521118750476802,52,4,5,0,57083,2,0,237,50650
1053672582,3978971485,443,64234,TCP,1521118750476803,598,4,5,0,65408,2,0,241,20037
2682440032,1962334025,443,40719,TCP,1521118750476803,857,4,5,0,53708,2,0,237,847
1293628863,3257624208,58291,16142,UDP,1521118750476806,48,4,5,0,20826,0,0,110,20429
49781456,3222711557,51442,63414,UDP,1521118750476807,80,4,5,0,24018,0,0,120,55783
2137332818,3618736958,63895,61991,UDP,1521118750476808,265,4,5,0,3251,2,0,123,62345
742686919,3978971485,443,40106,TCP,1521118750476809,1500,4,5,0,35501,2,0,240,5851
1962370036,1962334114,51353,1485,UDP,1521118750476811,1089,4,5,24,52861,2,0,58,18578
742686919,3978971485,443,40106,TCP,1521118750476812,1500,4,5,0,35502,2,0,240,5850
3766937918,3334585693,443,49526,TCP,1521118750476813,1400,4,5,40,13132,2,0,61,46887
3766937918,3334585693,443,49526,TCP,1521118750476815,1400,4,5,40,13133,2,0,61,46886
3527241872,3618741206,443,60529,UDP,1521118750476816,1303,4,5,0,0,2,0,59,33920
3527241872,3618741206,443,60529,UDP,1521118750476820,1378,4,5,0,0,2,0,59,33845
2338532798,3455737526,443,56371,TCP,1521118750476829,1300,4,5,0,13471,2,0,242,26994
942637450,1074109374,443,47741,TCP,1521118750476832,1500,4,5,8,49538,2,0,246,10260
742188122,4225762697,443,56525,TCP,1521118750476833,1480,4,5,0,14155,2,0,237,16100
742188122,4225762697,443,56525,TCP,1521118750476834,1480,4,5,0,14156,2,0,237,16099
742188122,4225762697,443,56525,TCP,1521118750476835,285,4,5,0,14157,2,0,237,17293
942637450,1074109374,443,47741,TCP,1521118750476836,1500,4,5,8,49539,2,0,246,10259
1235721153,4225200978,443,43521,TCP,1521118750476838,1500,4,5,0,34362,2,0,58,24655
2260923259,3390571950,1935,1758,TCP,1521118750476839,40,4,5,0,53488,2,0,55,10459
1235721153,4225200978,443,43521,TCP,1521118750476839,1500,4,5,0,34363,2,0,58,24654
942637450,1074109374,443,47741,TCP,1521118750476840,1500,4,5,8,49540,2,0,246,10258
1235721153,4225200978,443,43521,TCP,1521118750476841,1500,4,5,0,34364,2,0,58,24653
278104302,2318935013,443,43615,TCP,1521118750476843,1474,4,5,0,44906,2,0,60,16941
1235721153,4225200978,443,43521,TCP,1521118750476844,1500,4,5,0,34365,2,0,58,24652
1235721153,4225200978,443,43521,TCP,1521118750476845,1500,4,5,0,34366,2,0,58,24651
942637450,1074109374,443,47741,TCP,1521118750476846,1500,4,5,8,49541,2,0,246,10257
1235721153,4225200978,443,43521,TCP,1521118750476848,1500,4,5,0,34367,2,0,58,24650
2682440032,1962334025,443,40719,TCP,1521118750476849,52,4,5,0,53710,2,0,237,1650
1235721153,4225200978,443,43521,TCP,1521118750476849,1500,4,5,0,34368,2,0,58,24649
942637450,1074109374,443,47741,TCP,1521118750476851,1500,4,5,8,49542,2,0,246,10256
1235721153,4225200978,443,43521,TCP,1521118750476852,1500,4,5,0,34369,2,0,58,24648
1235721153,4225200978,443,43521,TCP,1521118750476853,1500,4,5,0,34370,2,0,58,24647
942637450,1074109374,443,47741,TCP,1521118750476855,1500,4,5,8,49543,2,0,246,10255
1235721153,4225200978,443,43521,TCP,1521118750476856,1500,4,5,0,34371,2,0,58,24646
1235721153,4225200978,443,43521,TCP,1521118750476857,1500,4,5,0,34372,2,0,58,24645
942637450,1074109374,443,47741,TCP,1521118750476859,1500,4,5,8,49544,2,0,246,10254
1235721153,4225200978,443,43521,TCP,1521118750476860,1500,4,5,0,34373,2,0,58,24644
788919439,4095674396,443,4626,TCP,1521118750476861,83,4,5,0,41097,2,0,246,50250
1235721153,4225200978,443,43521,TCP,1521118750476861,1500,4,5,0,34374,2,0,58,24643
1235828074,3349796572,4877,39969,TCP,1521118750476862,1460,4,5,0,15333,2,0,54,56773
942637450,1074109374,443,47741,TCP,1521118750476864,1500,4,5,8,49545,2,0,246,10253
1235721153,4225200978,443,43521,TCP,1521118750476865,1500,4,5,0,34375,2,0,58,24642
942637450,1074109374,443,47741,TCP,1521118750476867,1500,4,5,8,49546,2,0,246,10252
1235721153,4225200978,443,43521,TCP,1521118750476868,1500,4,5,0,34376,2,0,58,24641
1235721153,4225200978,443,43521,TCP,1521118750476869,1500,4,5,0,34377,2,0,58,24640
1235721153,4225200978,443,43521,TCP,1521118750476871,1500,4,5,0,34378,2,0,58,24639
1235721153,4225200978,443,43521,TCP,1521118750476872,1500,4,5,0,34379,2,0,58,24638
942637450,1074109374,443,47741,TCP,1521118750476873,1500,4,5,8,49547,2,0,246,10251
1235721153,4225200978,443,43521,TCP,1521118750476874,1500,4,5,0,34380,2,0,58,24637
1235721153,4225200978,443,43521,TCP,1521118750476876,1500,4,5,0,34381,2,0,58,24636
942637450,1074109374,443,47741,TCP,1521118750476877,1500,4,5,8,49548,2,0,246,10250
1962370036,1962334114,51353,1485,UDP,1521118750476879,1089,4,5,24,52862,2,0,58,18577
942637450,1074109374,443,47741,TCP,1521118750476880,1500,4,5,8,49549,2,0,246,10249
3741785781,3978971486,443,48308,TCP,1521118750476881,465,4,5,0,34927,2,0,248,50289
278104302,2318935013,443,43615,TCP,1521118750476881,1474,4,5,0,44907,2,0,60,16940
790367182,3978971499,80,59158,TCP,1521118750476883,673,4,5,0,41469,2,0,239,30169
2280867297,3453726029,443,54734,TCP,1521118750476885,40,4,5,0,30351,2,0,51,34883
1962370036,1962334114,51353,1485,UDP,1521118750476887,1089,4,5,24,52863,2,0,58,18576
2233873487,3455736146,1026,53546,UDP,1521118750476888,48,4,5,24,21207,0,0,118,4364
2197862719,3455734277,3000,26382,TCP,1521118750476888,68,4,5,0,31634,2,0,58,26850
285016324,1962334172,47105,80,TCP,1521118750476892,1410,4,5,0,47778,2,0,58,8704
795700558,4038534060,80,54440,TCP,1521118750476893,52,4,5,0,4242,2,0,240,51474
1235828074,3349796572,4877,39969,TCP,1521118750476893,1460,4,5,0,15334,2,0,54,56772
4187927662,1962334036,443,62642,TCP,1521118750476899,52,4,5,0,51807,2,0,240,50699
4187927662,1962334036,443,62642,TCP,1521118750476900,52,4,5,0,51808,2,0,240,50698
742686919,3978971485,443,40106,TCP,1521118750476901,257,4,5,0,35503,2,0,240,7092
269242584,3978971498,443,60418,TCP,1521118750476905,1480,4,5,0,36898,2,0,58,5013
790429317,4039786104,443,37133,TCP,1521118750476906,1480,4,5,0,45017,2,0,239,31089
269242584,3978971498,443,60418,TCP,1521118750476908,1412,4,5,0,36899,2,0,58,5080
2260923222,3390981134,1935,3782,TCP,1521118750476909,97,4,5,0,46743,2,0,55,1210
751757440,3607596174,80,33845,TCP,1521118750476909,1500,4,5,0,15439,2,0,240,53223
751757440,3607596174,80,33845,TCP,1521118750476910,754,4,5,0,15440,2,0,240,53968
1296380275,4244118349,64044,16680,UDP,1521118750476911,48,4,5,0,23462,0,0,119,20761
790429317,4039786104,443,37133,TCP,1521118750476911,1480,4,5,0,45018,2,0,239,31088
796758886,3455014868,443,2351,TCP,1521118750476921,1492,4,5,0,47385,2,0,46,42339
1837972329,2338149381,80,38465,TCP,1521118750476923,1500,4,5,0,36785,2,0,57,9234
1821906474,3455648090,21469,64110,UDP,1521118750476924,48,4,5,0,24332,0,0,120,37275
790429317,4039786104,443,37133,TCP,1521118750476929,1292,4,5,0,45019,2,0,239,31275
796758886,3455014868,443,2351,TCP,1521118750476930,1492,4,5,0,47386,2,0,46,42338
1962370036,1962334114,51353,1485,UDP,1521118750476931,1466,4,5,24,52864,2,0,58,18198
3585067433,3618740937,443,26228,TCP,1521118750476934,52,4,5,0,52692,2,0,54,25883
132663099,1962334108,39880,9043,UDP,1521118750476939,160,4,5,8,64027,2,0,59,43379
3756988500,4096165165,443,17611,TCP,1521118750476940,40,4,5,0,20654,2,0,51,34186
2381070023,3453169687,53,51669,UDP,1521118750476947,248,4,5,8,0,2,0,55,30799
278104302,2318935013,443,43615,TCP,1521118750476961,1474,4,5,0,44908,2,0,60,16939
3756988744,3353385278,443,55099,TCP,1521118750476963,40,4,5,0,34524,2,0,53,25757
3585093782,3349734375,5222,38546,TCP,1521118750476967,198,4,5,0,31130,2,0,54,6337
3319708710,3449105701,41929,3398,TCP,1521118750476972,40,4,5,0,22061,0,0,248,61410
3585067748,4030665149,443,3450,TCP,1521118750476973,215,4,5,0,23314,2,0,54,18046
1655497693,3447595079,55561,29034,TCP,1521118750476983,1400,4,5,0,26683,2,0,116,25845
1655497693,3447595079,55561,29034,TCP,1521118750476985,1400,4,5,0,26684,2,0,116,25844
1636427115,3390961849,1026,63309,UDP,1521118750476986,48,4,5,0,31095,0,0,116,50041
3307968853,3978971497,22518,80,TCP,1521118750476986,52,4,5,0,15353,2,0,60,28086
1655497693,3447595079,55561,29034,TCP,1521118750476990,1400,4,5,0,26685,2,0,116,25843
3525080468,3242293341,8000,50906,TCP,1521118750476993,1476,4,5,0,50066,2,0,52,64593
3525080468,3242293341,8000,50906,TCP,1521118750476994,1476,4,5,0,50067,2,0,52,64592
1962370036,1962334114,51353,1485,UDP,1521118750476999,1466,4,5,24,52865,2,0,58,18197
1699834451,3451144556,80,53937,TCP,1521118750477001,1372,4,5,0,15309,2,0,57,6666
1699834451,3451144556,80,53937,TCP,1521118750477002,1372,4,5,0,15310,2,0,57,6665
3585093815,3450102738,443,53430,TCP,1521118750477012,52,4,5,0,30801,2,0,54,38036
1962370036,1962334114,51353,1485,UDP,1521118750477013,1466,4,5,24,52866,2,0,58,18196
744330412,3454822396,80,63999,TCP,1521118750477015,93,4,5,0,15596,2,0,48,5821
796341902,846973168,443,22662,TCP,1521118750477031,1275,4,5,8,5943,2,0,237,4173
3513108588,3455016333,443,38546,TCP,1521118750477033,1366,4,5,0,35688,2,0,55,60906
2260923222,2345955742,1935,56054,TCP,1521118750477034,97,4,5,0,61993,2,0,55,55777
2198041731,3223149794,443,2148,TCP,1521118750477034,1436,4,5,0,61759,2,0,56,14230
1258832300,1074109249,443,36641,TCP,1521118750477036,52,4,5,0,32991,2,0,54,23530
1258832300,1074109249,443,36641,TCP,1521118750477038,52,4,5,0,32992,2,0,54,23529
718026168,3455663864,7008,7855,UDP,1521118750477039,52,4,5,9,61956,2,0,54,58677
3756988500,4096165165,443,17611,TCP,1521118750477043,40,4,5,0,20655,2,0,51,34185
2087007432,2270145432,443,34994,TCP,1521118750477048,303,4,5,0,28875,2,0,118,44776
3513108588,3455016333,443,38546,TCP,1521118750477051,83,4,5,0,35689,2,0,55,62188
2489231630,4093756582,443,29643,TCP,1521118750477052,101,4,5,0,23547,2,0,57,61314
3307968853,3978971497,22518,80,TCP,1521118750477052,52,4,5,0,15354,2,0,60,28085
517386147,3257293821,443,36076,TCP,1521118750477053,72,4,5,0,3024,2,0,59,18243
278104302,2318935013,443,43615,TCP,1521118750477062,1474,4,5,0,44909,2,0,60,16938
1962370036,1962334114,51353,1485,UDP,1521118750477063,1165,4,5,24,52867,2,0,58,18496
1898886974,3353372333,53368,36725,UDP,1521118750477078,48,4,5,0,2614,0,0,116,58764
1962370036,1962334114,51353,1485,UDP,1521118750477082,1165,4,5,24,52868,2,0,58,18495
3997125339,3232148490,59276,22,TCP,1521118750477083,104,4,5,0,42755,2,0,52,63936
942637450,1074109374,443,47741,TCP,1521118750477086,1500,4,5,8,49596,2,0,246,10202
1699834451,3451144556,80,53937,TCP,1521118750477087,1372,4,5,0,15311,2,0,57,6664
942637450,1074109374,443,47741,TCP,1521118750477089,1500,4,5,8,49597,2,0,246,10201
942637450,1074109374,443,47741,TCP,1521118750477090,1500,4,5,8,49598,2,0,246,10200
3756989050,3472952457,443,55149,TCP,1521118750477091,40,4,5,0,33922,2,0,53,60249
1655497693,3447595079,55561,29034,TCP,1521118750477091,1400,4,5,0,26686,2,0,116,25842
1699834451,3451144556,80,53937,TCP,1521118750477092,1372,4,5,0,15312,2,0,57,6663
1275008069,1074109416,443,64951,TCP,1521118750477094,795,4,5,0,2107,2,0,56,64368
942637450,1074109374,443,47741,TCP,1521118750477096,1500,4,5,8,49599,2,0,246,10199
1655497693,3447595079,55561,29034,TCP,1521118750477097,1400,4,5,0,26687,2,0,116,25841
942637450,1074109374,443,47741,TCP,1521118750477098,1500,4,5,8,49600,2,0,246,10198
3741785781,3978971490,443,22844,TCP,1521118750477100,52,4,5,0,5204,2,0,248,14886
942637450,1074109374,443,47741,TCP,1521118750477101,1500,4,5,8,49601,2,0,246,10197
942637450,1074109374,443,47741,TCP,1521118750477104,1500,4,5,8,49602,2,0,246,10196
2256962230,3978971490,443,47410,TCP,1521118750477105,52,4,5,0,8917,2,0,56,57381
942637450,1074109374,443,47741,TCP,1521118750477106,1500,4,5,8,49603,2,0,246,10195
942637450,1074109374,443,47741,TCP,1521118750477107,1500,4,5,8,49604,2,0,246,10194
942637450,1074109374,443,47741,TCP,1521118750477109,1500,4,5,8,49605,2,0,246,10193
942637450,1074109374,443,47741,TCP,1521118750477112,1500,4,5,8,49606,2,0,246,10192
794454874,3451488470,443,54295,TCP,1521118750477114,1500,4,5,0,38207,2,0,238,152
738648670,3978971498,443,29660,TCP,1521118750477116,498,4,5,0,53300,2,0,240,29655
2211612537,3450125445,53,51628,UDP,1521118750477116,629,4,5,0,47806,0,0,59,11588
1655497693,3447595079,55561,29034,TCP,1521118750477117,1400,4,5,0,26688,2,0,116,25840
1053114451,1962334032,443,52220,TCP,1521118750477118,52,4,5,0,31815,2,0,241,16925
2206634729,4103997085,123,47414,UDP,1521118750477118,76,4,5,16,0,2,0,58,12006
3742023905,4217659850,80,3112,TCP,1521118750477119,1492,4,5,0,5141,2,0,120,60403
3742023905,4217659850,80,3112,TCP,1521118750477120,1492,4,5,0,5142,2,0,120,60402
3742023905,4217659850,80,3112,TCP,1521118750477121,1492,4,5,0,5143,2,0,120,60401
1962370036,1962334114,51353,1485,UDP,1521118750477123,1165,4,5,24,52869,2,0,58,18494
2246350579,1962333995,34893,80,TCP,1521118750477124,52,4,5,20,47857,0,0,53,25029
3318356324,3391070402,443,64610,TCP,1521118750477124,1500,4,5,0,11564,2,0,59,49887
2246350579,1962333995,34893,80,TCP,1521118750477126,52,4,5,20,47858,0,0,53,25028
3318356324,3391070402,443,64610,TCP,1521118750477127,1500,4,5,0,11565,2,0,59,49886
3585067774,3450222505,443,10339,TCP,1521118750477129,130,4,5,0,20393,2,0,54,20175
744358254,4041960738,443,39691,TCP,1521118750477129,1450,4,5,0,16539,2,0,237,48088
3318356324,3391070402,443,64610,TCP,1521118750477134,1500,4,5,0,11566,2,0,59,49885
3318356324,3391070402,443,64610,TCP,1521118750477136,1500,4,5,0,11567,2,0,59,49884
1559758981,0,443,64610,TCP,1521118750477150,5735,6,0,139,24,1,6711,217,57863
2087007424,2270145426,443,22114,TCP,1521118750477152,1500,4,5,0,30175,2,0,118,42293
2087007424,2270145426,443,22114,TCP,1521118750477153,557,4,5,0,30176,2,0,118,43235
2359939026,1962334046,443,57270,TCP,1521118750477154,859,4,5,0,45382,2,0,58,58245
1699834451,3451144556,80,53937,TCP,1521118750477155,1372,4,5,0,15313,2,0,57,6662
1699834451,3451144556,80,53937,TCP,1521118750477156,1372,4,5,0,15314,2,0,57,6661
799091495,2319915557,42032,53,UDP,1521118750477162,77,4,5,0,6295,2,0,241,29140
138990064,3447544898,443,31526,TCP,1521118750477164,1440,4,5,0,43742,0,0,251,2945
138990064,3447544898,443,31526,TCP,1521118750477165,1404,4,5,0,43743,0,0,251,2980
1962370036,1962334114,51353,1485,UDP,1521118750477166,1164,4,5,24,52870,2,0,58,18494
1233777006,3390996434,80,56154,TCP,1521118750477167,1500,4,5,0,170,2,0,51,48265
138990064,3447544898,443,31526,TCP,1521118750477168,1404,4,5,0,43744,0,0,251,2979
138990064,3447544898,443,31526,TCP,1521118750477171,328,4,5,0,43745,0,0,251,4054
3388487925,2205392915,43439,22,TCP,1521118750477173,40,4,5,0,54321,0,0,240,53289
1801318763,1235564112,58550,445,TCP,1521118750477174,40,4,5,0,6967,2,0,120,2779
1975057376,3223150544,58745,27213,UDP,1521118750477175,1456,4,5,0,11658,0,0,119,32556
4217867032,1074109319,443,57475,TCP,1521118750477176,52,4,5,0,7008,2,0,59,49751
752764311,1962334035,443,36801,TCP,1521118750477185,1472,4,5,0,43593,2,0,239,7471
282570232,3453619925,80,49401,TCP,1521118750477188,40,4,5,0,42082,2,0,239,19438
752764311,1962334035,443,36801,TCP,1521118750477189,1472,4,5,0,43594,2,0,239,7470
1233777006,3390996434,80,56154,TCP,1521118750477190,1500,4,5,0,171,2,0,51,48264
2353185730,4225200978,443,31443,TCP,1521118750477192,788,4,5,2,31744,2,0,59,435
3672201754,1962334045,443,54205,TCP,1521118750477193,52,4,5,0,51223,2,0,61,62556
1468927324,283455158,36979,2323,TCP,1521118750477194,40,4,5,0,15031,0,0,54,42388
1544718991,4225209494,59860,31342,UDP,1521118750477194,65,4,5,40,35741,0,0,53,33495
718025950,2205393132,7008,35596,UDP,1521118750477196,53,4,5,9,46096,2,0,54,3221
139152343,3259954012,443,49996,TCP,1521118750477197,52,4,5,0,54713,0,0,245,58940
2256962230,3978971490,443,47410,TCP,1521118750477211,52,4,5,0,8918,2,0,56,57380
962215345,4225200895,63916,2323,TCP,1521118750477212,40,4,5,0,19595,0,0,50,22115
4094576181,3347680593,443,26534,TCP,1521118750477212,40,4,5,0,52747,2,0,50,60325
4251322546,3453171747,123,123,UDP,1521118750477215,76,4,5,0,0,2,0,53,14738
1233777006,3390996434,80,56154,TCP,1521118750477216,1500,4,5,0,172,2,0,51,48263
1699834451,3451144556,80,53937,TCP,1521118750477229,1372,4,5,0,15315,2,0,57,6660
1699834451,3451144556,80,53937,TCP,1521118750477230,1372,4,5,0,15316,2,0,57,6659
2260923222,3390995201,1935,50955,TCP,1521118750477233,97,4,5,0,8662,2,0,55,25224
2482664220,3607972016,443,13039,TCP,1521118750477240,278,4,5,0,10523,2,0,52,62962
3527255969,4030665134,443,51189,TCP,1521118750477240,1400,4,5,0,39846,0,0,58,25613
3756988500,4096165165,443,17611,TCP,1521118750477241,40,4,5,0,20656,2,0,51,34184
794510508,3455661693,9339,37848,TCP,1521118750477241,52,4,5,0,55381,2,0,237,15600
1962370036,1962334114,51353,1485,UDP,1521118750477244,1398,4,5,24,52871,2,0,58,18259
1233777006,3390996434,80,56154,TCP,1521118750477249,1500,4,5,0,173,2,0,51,48262
1962370036,1962334114,51353,1485,UDP,1521118750477250,1398,4,5,24,52872,2,0,58,18258
3801788594,3454820213,443,48675,TCP,1521118750477259,1280,4,5,0,52765,2,0,55,45099
3801788594,3454820213,443,48675,TCP,1521118750477261,1280,4,5,0,52766,2,0,55,45098
1053584733,3452499837,5513,42184,UDP,1521118750477262,134,4,5,184,53230,2,0,49,1873
752764311,1962334035,443,36801,TCP,1521118750477264,1472,4,5,0,43595,2,0,239,7469
752764311,1962334035,443,36801,TCP,1521118750477267,1472,4,5,0,43596,2,0,239,7468
1233777006,3390996434,80,56154,TCP,1521118750477270,1500,4,5,0,174,2,0,51,48261
2245326077,3350286961,34016,61032,UDP,1521118750477274,1453,4,5,0,8304,0,0,116,35803
2048668953,2270145425,443,23899,TCP,1521118750477276,52,4,5,0,44738,2,0,247,62186
2048668953,2270145425,443,23899,TCP,1521118750477276,52,4,5,0,44739,2,0,247,62185
1962370036,1962334114,51353,1485,UDP,1521118750477276,1397,4,5,24,52873,2,0,58,18258
752764311,1962334035,443,36801,TCP,1521118750477277,1472,4,5,0,43597,2,0,239,7467
794510508,3455661693,9339,37848,TCP,1521118750477278,75,4,5,0,55382,2,0,237,15576
2498909107,3890314061,53,3328,UDP,1521118750477280,79,4,5,0,19544,0,0,54,60529
1636127326,3890314059,53,10348,UDP,1521118750477285,130,4,5,0,39789,0,0,58,52717
752764311,1962334035,443,36801,TCP,1521118750477287,1472,4,5,0,43598,2,0,239,7466
2087007424,2270145426,443,22114,TCP,1521118750477289,1500,4,5,0,30221,2,0,118,42247
2087007424,2270145426,443,22114,TCP,1521118750477290,567,4,5,0,30222,2,0,118,43179
752764311,1962334035,443,36801,TCP,1521118750477290,1472,4,5,0,43599,2,0,239,7465
4059686093,3336345075,993,49376,TCP,1521118750477292,1452,4,5,0,39062,2,0,55,29214
2048668953,2270145425,443,23899,TCP,1521118750477293,52,4,5,0,44746,2,0,247,62178
1646865554,3484694223,443,23899,TCP,1521118750477293,80,4,5,192,53536,0,0,55,7310
3602177,0,443,23899,TCP,1521118750477293,0,6,0,0,90,0,4405,217,57858
1233777006,3390996434,80,56154,TCP,1521118750477293,1500,4,5,0,175,2,0,51,48260
3978982929,3978971485,443,53988,TCP,1521118750477295,52,4,5,0,59365,2,0,58,48922
752764311,1962334035,443,36801,TCP,1521118750477295,1472,4,5,0,43600,2,0,239,7464
2090648361,3349795149,43986,45569,TCP,1521118750477296,78,4,5,0,10695,2,0,55,16678
2005836026,4030665149,443,58171,TCP,1521118750477299,1440,4,5,0,56499,0,0,58,33823
4059686093,3336345075,993,49376,TCP,1521118750477300,1452,4,5,0,39063,2,0,55,29213
1962370036,1962334114,51353,1485,UDP,1521118750477301,1136,4,5,24,52874,2,0,58,18518
799037847,855484421,443,58283,TCP,1521118750477302,40,4,5,0,34602,2,0,240,40811
752764311,1962334035,443,36801,TCP,1521118750477306,1472,4,5,0,43601,2,0,239,7463
752764311,1962334035,443,36801,TCP,1521118750477310,1472,4,5,0,43602,2,0,239,7462
752764311,1962334035,443,36801,TCP,1521118750477311,697,4,5,0,43603,2,0,239,8236
742074164,3978971486,80,34182,TCP,1521118750477312,60,4,5,0,0,2,0,237,964
789297348,3978971489,443,47764,TCP,1521118750477314,52,4,5,0,12780,2,0,240,14972
2475734309,3348656718,39106,22807,TCP,1521118750477314,40,4,5,0,14392,2,0,56,34811
1962370036,1962334114,51353,1485,UDP,1521118750477316,1136,4,5,24,52875,2,0,58,18517
2279000371,3242286394,80,51666,TCP,1521118750477317,1476,4,5,0,64668,2,0,59,52753
3414440458,3443973208,18022,26239,UDP,1521118750477319,48,4,5,0,28329,0,0,117,10214
1699834451,3451144556,80,53937,TCP,1521118750477320,1372,4,5,0,15317,2,0,57,6658
1699834451,3451144556,80,53937,TCP,1521118750477321,1372,4,5,0,15318,2,0,57,6657
2181312202,3447552966,25,59728,TCP,1521118750477331,166,4,5,0,53784,2,0,246,47142
2087007424,2270145426,443,22114,TCP,1521118750477335,1452,4,5,0,30242,2,0,118,42274
3741785781,3978971491,443,61860,TCP,1521118750477348,52,4,5,0,9367,2,0,248,10722
1962370036,1962334114,51353,1485,UDP,1521118750477355,1136,4,5,24,52876,2,0,58,18516
2137332953,3618763446,54498,27593,UDP,1521118750477361,1219,4,5,0,682,2,0,123,37337
942637450,1074109374,443,47741,TCP,1521118750477368,1500,4,5,8,49610,2,0,246,10188
789294637,3978971485,443,23956,TCP,1521118750477370,1500,4,5,0,29234,2,0,240,65320
1233777006,3390996434,80,56154,TCP,1521118750477372,1500,4,5,0,176,2,0,51,48259
360214141,3334584641,443,57545,TCP,1521118750477375,40,4,5,0,10749,2,0,241,23514
789294637,3978971485,443,23956,TCP,1521118750477378,1500,4,5,0,29235,2,0,240,65319
3585093685,3448447874,5222,31578,TCP,1521118750477379,52,4,5,0,6598,2,0,54,13323
269242595,3978971497,80,33196,TCP,1521118750477385,52,4,5,0,22527,2,0,58,20802
3306168832,4099499203,443,12240,TCP,1521118750477389,52,4,5,0,25264,2,0,246,57829
1117152289,3349796571,443,57253,TCP,1521118750477395,1500,4,5,0,32407,2,0,58,30536
2482664220,3607972016,443,13039,TCP,1521118750477396,71,4,5,0,10524,2,0,52,63168
2482664220,3607972016,443,13039,TCP,1521118750477396,40,4,5,0,10525,2,0,52,63198
1699834451,3451144556,80,53937,TCP,1521118750477396,1372,4,5,0,15319,2,0,57,6656
1699834451,3451144556,80,53937,TCP,1521118750477398,1372,4,5,0,15320,2,0,57,6655
1233777006,3390996434,80,56154,TCP,1521118750477399,1500,4,5,0,177,2,0,51,48258
1117152289,3349796571,443,57253,TCP,1521118750477403,1500,4,5,0,32408,2,0,58,30535
1653412125,3257584071,443,27480,TCP,1521118750477411,1480,4,5,0,33770,2,0,56,47529
2260923212,3390875363,1935,54574,TCP,1521118750477413,97,4,5,0,32425,2,0,55,55774
738508114,3978971486,443,4828,TCP,1521118750477418,1500,4,5,0,13319,2,0,241,12341
738508114,3978971486,443,4828,TCP,1521118750477424,1500,4,5,0,13320,2,0,241,12340
789294637,3978971485,443,23956,TCP,1521118750477426,1500,4,5,0,29236,2,0,240,65318
3467292634,3569627345,19330,27660,UDP,1521118750477427,350,4,5,0,25027,0,0,115,24753
1962370036,1962334114,51353,1485,UDP,1521118750477427,1404,4,5,24,52877,2,0,58,18247
789294637,3978971485,443,23956,TCP,1521118750477436,1500,4,5,0,29237,2,0,240,65317
1962329749,1074109250,56356,1485,UDP,1521118750477437,1314,4,5,24,53513,2,0,54,22486
1876989196,3399953926,443,37500,TCP,1521118750477443,1452,4,5,0,51848,2,0,57,29737
1876989196,3399953926,443,37500,TCP,1521118750477444,1452,4,5,0,51849,2,0,57,29736
1355782037,4223574900,22568,1085,UDP,1521118750477445,88,4,5,0,6423,0,0,116,42470
789294637,3978971485,443,23956,TCP,1521118750477452,1500,4,5,0,29238,2,0,240,65316
789294637,3978971485,443,23956,TCP,1521118750477454,1330,4,5,0,29239,2,0,240,65485
1067495545,4102003830,80,57165,TCP,1521118750477467,52,4,5,0,57062,2,0,237,11725
1655497693,3447595079,55561,29034,TCP,1521118750477475,1400,4,5,0,26689,2,0,116,25839
1692656992,3232159107,47745,60210,TCP,1521118750477476,40,4,5,0,23189,2,0,119,51404
1962329749,1074109250,56356,1485,UDP,1521118750477476,1314,4,5,24,53514,2,0,54,22485
3585067749,3442985794,80,59800,TCP,1521118750477477,1500,4,5,0,48188,2,0,54,18896
3527255851,3618740937,443,49752,TCP,1521118750477479,760,4,5,0,39100,0,0,58,63839
697754466,3623864540,443,41841,TCP,1521118750477480,52,4,5,0,26552,2,0,56,11575
1699834451,3451144556,80,53937,TCP,1521118750477480,1372,4,5,0,15321,2,0,57,6654
1655497693,3447595079,55561,29034,TCP,1521118750477482,1400,4,5,0,26690,2,0,116,25838
1699834451,3451144556,80,53937,TCP,1521118750477483,1372,4,5,0,15322,2,0,57,6653
718025950,4030665149,7008,28194,UDP,1521118750477484,52,4,5,9,59216,2,0,54,64440
3585067749,3442985794,80,59800,TCP,1521118750477485,1500,4,5,0,48189,2,0,54,18895
1533128565,3390922297,62402,50193,UDP,1521118750477486,96,4,5,0,28174,0,0,112,43345
1962370036,1962334114,51353,1485,UDP,1521118750477495,1496,4,5,24,52878,2,0,58,18154
504317770,3447595244,58382,48072,UDP,1521118750477496,364,4,5,0,21426,2,0,91,30475
3585067749,3442985794,80,59800,TCP,1521118750477499,632,4,5,0,48190,2,0,54,19762
2570051040,3455650393,55579,33877,UDP,1521118750477507,1368,4,5,0,28126,0,0,112,34900
1962329749,1074109250,56356,1485,UDP,1521118750477508,1314,4,5,24,53515,2,0,54,22484
705012310,2346420369,54579,12346,TCP,1521118750477509,52,4,5,24,19429,2,0,113,56574
718025950,3617682044,7008,26120,UDP,1521118750477514,52,4,5,9,39426,2,0,54,230
3527255911,4030665106,443,37352,UDP,1521118750477517,1378,4,5,0,0,2,0,58,49172
3310683221,2317271739,53,34056,UDP,1521118750477520,1473,4,5,0,62408,0,0,59,28639
3523985537,3353372333,1047,36725,UDP,1521118750477525,48,4,5,0,22123,0,0,52,28471
4239121185,3242263442,2013,49288,TCP,1521118750477525,297,4,5,0,16388,2,0,115,10794
741958021,3571852701,443,46205,TCP,1521118750477529,52,4,5,0,21232,2,0,237,45713
738508114,3978971486,443,4828,TCP,1521118750477529,1500,4,5,0,13321,2,0,241,12339
738508114,3978971486,443,4828,TCP,1521118750477532,1500,4,5,0,13322,2,0,241,12338
2258940747,3978971498,2515,64624,TCP,1521118750477536,52,4,5,0,42961,2,0,58,10350
2260923222,3396753741,1935,50349,TCP,1521118750477538,97,4,5,0,46434,2,0,55,61527
1962370036,1962334114,51353,1485,UDP,1521118750477541,1496,4,5,24,52879,2,0,58,18153
1962370036,1962334114,51353,1485,UDP,1521118750477543,1092,4,5,24,52880,2,0,58,18556
3523985537,3353372333,1047,36725,UDP,1521118750477544,48,4,5,0,16536,0,0,52,34058
2351394163,3445813100,443,45916,TCP,1521118750477547,44,4,5,0,21726,2,0,246,31107
739948031,3978971493,443,63126,TCP,1521118750477547,52,4,5,0,7607,2,0,240,21603
3527255913,3618740937,443,26744,UDP,1521118750477549,1378,4,5,0,0,2,0,58,20329
3527255913,3618740937,443,26744,UDP,1521118750477553,1378,4,5,0,0,2,0,58,20329
1699834451,3451144556,80,53937,TCP,1521118750477557,1372,4,5,0,15323,2,0,57,6652
2456082473,3349796411,34781,6790,UDP,1521118750477559,48,4,5,0,25908,0,0,115,55829
1699834451,3451144556,80,53937,TCP,1521118750477559,1372,4,5,0,15324,2,0,57,6651
1962370036,1962334114,51353,1485,UDP,1521118750477567,1092,4,5,24,52881,2,0,58,18555
4106751273,3396744886,80,57982,TCP,1521118750477572,1500,4,5,0,45408,2,0,57,34717
269242578,3978971498,443,29592,TCP,1521118750477580,52,4,5,0,42171,2,0,58,1174
1962370036,1962334114,51353,1485,UDP,1521118750477584,1091,4,5,24,52882,2,0,58,18555
1377610489,2059628448,47622,443,TCP,1521118750477591,52,4,5,0,48373,2,0,244,57940
1377610489,2059628448,47622,443,TCP,1521118750477596,243,4,5,0,48374,2,0,244,57748
4106751273,3396744886,80,57982,TCP,1521118750477598,1500,4,5,0,45409,2,0,57,34716
1821906474,3455648090,21469,64110,UDP,1521118750477608,48,4,5,0,24333,0,0,120,37274
3718901082,3569572270,6881,51645,TCP,1521118750477612,52,4,5,0,30504,0,0,54,5158
1962370036,1962334114,51353,1485,UDP,1521118750477612,1132,4,5,24,52883,2,0,58,18513
3746580602,3454423134,110,47394,TCP,1521118750477613,45,4,5,0,23892,2,0,55,41063
2260923222,3396755122,80,60677,TCP,1521118750477613,309,4,5,0,41798,2,0,55,64570
517385581,3569671571,80,57615,TCP,1521118750477619,1480,4,5,0,64885,2,0,59,48670
517385581,3569671571,80,57615,TCP,1521118750477620,1480,4,5,0,64886,2,0,59,48669
1886628874,3452383869,16427,59639,TCP,1521118750477622,1440,4,5,0,11836,2,0,115,46937
973150377,3349796571,5938,35630,TCP,1521118750477626,76,4,5,0,25850,2,0,122,43650
360218045,3260416628,443,49710,TCP,1521118750477629,40,4,5,0,18901,2,0,241,59386
738508114,3978971486,443,4828,TCP,1521118750477630,1500,4,5,0,13323,2,0,241,12337
833221692,3453269565,59019,44982,UDP,1521118750477632,91,4,5,0,26011,2,0,57,12799
1962370036,1962334114,51353,1485,UDP,1521118750477634,1132,4,5,24,52884,2,0,58,18512
2260923222,3390571898,1935,8459,TCP,1521118750477635,97,4,5,0,57992,2,0,51,7011
3254629259,1962334005,54186,80,TCP,1521118750477635,40,4,5,0,18625,2,0,112,90
1699834451,3451144556,80,53937,TCP,1521118750477643,1372,4,5,0,15325,2,0,57,6650
738508114,3978971486,443,4828,TCP,1521118750477645,1500,4,5,0,13324,2,0,241,12336
1699834451,3451144556,80,53937,TCP,1521118750477646,1372,4,5,0,15326,2,0,57,6649
988069623,1235594341,58936,445,TCP,1521118750477662,177,4,5,0,339,2,0,117,5134
4023727618,3472995944,443,37675,TCP,1521118750477670,52,4,5,0,34212,2,0,56,4574
738508114,3978971486,443,4828,TCP,1521118750477674,253,4,5,0,13325,2,0,241,13582
1962370036,1962334114,51353,1485,UDP,1521118750477677,1131,4,5,24,52885,2,0,58,18512
3756988500,3569556974,443,52497,TCP,1521118750477679,1400,4,5,0,24671,2,0,51,63275
816175274,842649887,80,54372,TCP,1521118750477683,52,4,5,0,60402,2,0,54,19497
1497850362,3349794490,39344,4343,TCP,1521118750477687,40,4,5,0,9460,2,0,114,37430
1497850362,3349794490,39344,4343,TCP,1521118750477687,40,4,5,0,9461,2,0,114,37429
2546502277,3472982101,443,58006,TCP,1521118750477690,665,4,5,0,46194,2,0,241,24903
2570051040,3455650393,55579,33877,UDP,1521118750477704,1368,4,5,0,28127,0,0,112,34899
4006399608,3451397580,25,60345,UDP,1521118750477711,225,4,5,0,47877,2,0,59,54076
2473968077,3484900854,57006,64426,UDP,1521118750477713,48,4,5,0,24723,0,0,55,41017
3741785781,3978971490,443,22844,TCP,1521118750477718,465,4,5,0,5250,2,0,248,14427
1638218181,3350331145,17364,12506,UDP,1521118750477721,1100,4,5,0,26922,2,0,51,30801
816175274,842649887,80,41221,TCP,1521118750477723,60,4,5,0,0,2,0,54,14356
1699834451,3451144556,80,53937,TCP,1521118750477727,1372,4,5,0,15327,2,0,57,6648
1962370036,1962334114,51353,1485,UDP,1521118750477730,1160,4,5,24,52886,2,0,58,18482
1655497693,3447595079,55561,29034,TCP,1521118750477731,1400,4,5,0,26691,2,0,116,25837
2211447513,3233171219,3074,3074,UDP,1521118750477732,108,4,5,0,0,0,0,48,64526
2260923212,3242295021,1935,61138,TCP,1521118750477732,97,4,5,0,40933,2,0,55,59763
718027811,3452494438,6008,64110,UDP,1521118750477735,52,4,5,9,52850,2,0,54,24351
1655497693,3447595079,55561,29034,TCP,1521118750477737,1400,4,5,0,26692,2,0,116,25836
718027811,3336876433,6008,26648,UDP,1521118750477738,51,4,5,9,42600,2,0,53,49123
1652551001,3262274349,6008,26648,UDP,1521118750477739,264,4,5,0,9506,0,0,54,61737
1652551001,3262274349,6008,26648,UDP,1521118750477739,264,4,5,0,9507,0,0,54,61736
1699834451,3451144556,80,53937,TCP,1521118750477742,1372,4,5,0,15328,2,0,57,6647
1655497693,3447595079,55561,29034,TCP,1521118750477743,1400,4,5,0,26693,2,0,116,25835
742704643,3978971493,443,35238,TCP,1521118750477744,52,4,5,0,21984,2,0,240,3084
3254619084,1962334175,51678,80,TCP,1521118750477748,40,4,5,0,4187,2,0,112,24533
1962370036,1962334114,51353,1485,UDP,1521118750477752,1160,4,5,24,52887,2,0,58,18481
1655497693,3447595079,55561,29034,TCP,1521118750477754,1400,4,5,0,26694,2,0,116,25834
2021318809,3453501861,52212,61807,TCP,1521118750477755,1452,4,5,0,23988,2,0,119,14342
1542050273,3391039928,28885,31072,UDP,1521118750477758,604,4,5,0,50763,0,0,54,39587
1542050273,3391039928,28885,31072,UDP,1521118750477759,604,4,5,0,63455,0,0,54,26895
1449827455,3390951360,80,33243,TCP,1521118750477762,1500,4,5,96,24904,2,0,54,20652
1809524559,3617785575,41699,1024,UDP,1521118750477763,956,4,5,0,11516,0,0,116,42112
1449827455,3390951360,80,33243,TCP,1521118750477764,1500,4,5,96,24905,2,0,54,20651
272711297,3349794490,8999,8999,UDP,1521118750477769,48,4,5,0,2907,0,0,120,21052
272711297,3349794490,8999,8999,UDP,1521118750477771,48,4,5,0,2908,0,0,120,21051
272711297,3349794490,8999,8999,UDP,1521118750477772,48,4,5,0,2909,0,0,120,21050
42778787,3390995555,18368,26085,UDP,1521118750477773,1466,4,5,0,10638,0,0,119,2804
2087007445,2270145426,443,43777,TCP,1521118750477774,303,4,5,0,31561,2,0,118,42083
1962370036,1962334114,51353,1485,UDP,1521118750477776,1160,4,5,24,52888,2,0,58,18480
42778787,3390995555,18368,26085,UDP,1521118750477777,1466,4,5,0,10639,0,0,119,2803
2211447513,3233171219,3074,3074,UDP,1521118750477778,124,4,5,0,0,0,0,48,64510
738357967,3978971489,443,15668,TCP,1521118750477778,52,4,5,0,42001,2,0,240,4437
517385581,3569671571,80,57615,TCP,1521118750477787,1480,4,5,0,64887,2,0,59,48668
4022675284,3255953097,80,62155,TCP,1521118750477788,170,4,5,8,20784,2,0,50,14113
1125595487,3391065886,6881,40500,UDP,1521118750477789,48,4,5,0,25430,2,0,55,2739
230700550,3474332962,80,25646,TCP,1521118750477799,1500,4,5,0,56731,2,0,245,29313
1755360857,3890314074,53,5574,UDP,1521118750477802,106,4,5,0,16113,0,0,58,51036
2075950837,3571852772,443,35592,TCP,1521118750477802,52,4,5,0,23478,2,0,58,61329
3992027340,3448447998,3478,56030,UDP,1521118750477804,100,4,5,0,27381,2,0,89,22092
1699834451,3451144556,80,53937,TCP,1521118750477809,1372,4,5,0,15329,2,0,57,6646
1699834451,3451144556,80,53937,TCP,1521118750477810,1372,4,5,0,15330,2,0,57,6645
1190350564,3350287758,80,50206,TCP,1521118750477832,40,4,5,0,2224,2,0,53,35337
232382615,4109904889,80,45689,TCP,1521118750477832,52,4,5,8,9816,2,0,237,22529
2377634709,3390841037,443,47610,TCP,1521118750477833,1500,4,5,0,7944,2,0,60,52701
739993913,3978971487,443,50402,TCP,1521118750477834,1500,4,5,0,31896,2,0,241,15269
2377634709,3390841037,443,47610,TCP,1521118750477835,1500,4,5,0,7945,2,0,60,52700
739993913,3978971487,443,50402,TCP,1521118750477837,1500,4,5,0,31897,2,0,241,15268
1962370036,1962334114,51353,1485,UDP,1521118750477839,1158,4,5,24,52889,2,0,58,18481
2377634709,3390841037,443,47610,TCP,1521118750477840,1500,4,5,0,7946,2,0,60,52699
1053032795,3347703279,443,52097,TCP,1521118750477841,40,4,5,0,0,2,0,49,23608
2377634709,3390841037,443,47610,TCP,1521118750477841,1500,4,5,0,7947,2,0,60,52698
1655497693,3447595079,55561,29034,TCP,1521118750477842,1400,4,5,0,26695,2,0,116,25833
1655497693,3447595079,55561,29034,TCP,1521118750477843,1400,4,5,0,26696,2,0,116,25832
2377634709,3390841037,443,47610,TCP,1521118750477845,1500,4,5,0,7948,2,0,60,52697
3972760872,3447537964,22858,61448,TCP,1521118750477846,52,4,5,0,1095,2,0,115,33503
2377634709,3390841037,443,47610,TCP,1521118750477847,1500,4,5,0,7949,2,0,60,52696
2377634709,3390841037,443,47610,TCP,1521118750477849,1500,4,5,0,7950,2,0,60,52695
2489197548,842571102,80,20085,TCP,1521118750477850,314,4,5,0,47022,2,0,59,65326
2377634709,3390841037,443,47610,TCP,1521118750477851,1500,4,5,0,7951,2,0,60,52694
2377634709,3390841037,443,47610,TCP,1521118750477852,1500,4,5,0,7952,2,0,60,52693
2377634709,3390841037,443,47610,TCP,1521118750477854,1500,4,5,0,7953,2,0,60,52692
3997137757,3569581336,80,50848,TCP,1521118750477858,1480,4,5,0,62951,2,0,58,35279
3997137757,3569581336,80,50848,TCP,1521118750477859,1480,4,5,0,62952,2,0,58,35278
2377634709,3390841037,443,47610,TCP,1521118750477860,1500,4,5,0,7954,2,0,60,52691
2377634709,3390841037,443,47610,TCP,1521118750477861,537,4,5,0,7955,2,0,60,53653
3997137757,3569581336,80,50848,TCP,1521118750477862,1480,4,5,0,62953,2,0,58,35277
3997137757,3569581336,80,50848,TCP,1521118750477863,1480,4,5,0,62954,2,0,58,35276
2377634709,3390841037,443,47610,TCP,1521118750477866,1500,4,5,0,7956,2,0,60,52689
2377634709,3390841037,443,47610,TCP,1521118750477867,1500,4,5,0,7957,2,0,60,52688
3306168832,4099499203,443,12240,TCP,1521118750477869,233,4,5,0,25282,2,0,246,57630
2377634709,3390841037,443,47610,TCP,1521118750477869,1500,4,5,0,7958,2,0,60,52687
1655497693,3447595079,55561,29034,TCP,1521118750477870,1400,4,5,0,26697,2,0,116,25831
2377634709,3390841037,443,47610,TCP,1521118750477871,1500,4,5,0,7959,2,0,60,52686
3436085689,3441433830,6881,58366,UDP,1521118750477873,48,4,5,0,19783,0,0,117,49127
2377634709,3390841037,443,47610,TCP,1521118750477873,1500,4,5,0,7960,2,0,60,52685
2377634709,3390841037,443,47610,TCP,1521118750477874,1033,4,5,0,7961,2,0,60,53151
3453525675,283451530,52535,443,TCP,1521118750477875,52,4,5,0,39984,2,0,56,2209
1655973750,3338134722,6885,1028,UDP,1521118750477879,132,4,5,0,32454,0,0,116,37310
1962370036,1962334114,51353,1485,UDP,1521118750477881,1366,4,5,24,52890,2,0,58,18272
1699834451,3451144556,80,53937,TCP,1521118750477882,1372,4,5,0,15331,2,0,57,6644
1699834451,3451144556,80,53937,TCP,1521118750477883,1372,4,5,0,15332,2,0,57,6643
738434835,3978971498,443,19268,TCP,1521118750477884,498,4,5,0,62074,2,0,240,38111
706597415,3391062777,22978,16869,UDP,1521118750477886,48,4,5,0,7921,0,0,119,56174
795158955,1962334036,443,49541,TCP,1521118750477887,52,4,5,0,33419,2,0,240,25309
228405077,3223179652,80,54084,TCP,1521118750477893,121,4,5,0,28952,2,0,50,2259
1434465333,843175545,56834,445,TCP,1521118750477894,40,4,5,0,10485,2,0,114,19819
1962370036,1962334114,51353,1485,UDP,1521118750477908,1366,4,5,24,52891,2,0,58,18271
2510184632,4223574586,10003,38174,TCP,1521118750477909,1480,4,5,0,37852,2,0,55,5636
3315372680,2343837713,443,50707,TCP,1521118750477910,1492,4,5,0,8512,2,0,58,5626
3315372680,2343837713,443,50707,TCP,1521118750477913,1492,4,5,0,8513,2,0,58,5625
2260923222,3324064737,1935,2993,TCP,1521118750477915,97,4,5,0,18307,2,0,55,34808
3315372680,2343837713,443,50707,TCP,1521118750477917,1492,4,5,0,8514,2,0,58,5624
2278795635,3257478708,443,28562,TCP,1521118750477918,298,4,5,0,60474,2,0,57,13039
3315372680,2343837713,443,50707,TCP,1521118750477923,1492,4,5,0,8515,2,0,58,5623
2087007439,2270145432,443,33513,TCP,1521118750477924,303,4,5,0,11691,2,0,118,61953
738622072,3978971487,443,24996,TCP,1521118750477929,52,4,5,0,7799,2,0,240,36676
1962370036,1962334114,51353,1485,UDP,1521118750477930,1366,4,5,24,52892,2,0,58,18270
738426702,3978971493,443,3672,TCP,1521118750477932,498,4,5,0,42671,2,0,240,117
1539471628,4103964022,54688,65236,UDP,1521118750477933,84,4,5,0,16234,0,0,116,47180
1962329749,1074109250,56356,1485,UDP,1521118750477934,1314,4,5,24,53516,2,0,54,22483
2279000374,4041192770,443,52295,TCP,1521118750477935,1438,4,5,0,1685,2,0,59,15510
1801915679,3452384605,50321,64999,TCP,1521118750477943,52,4,5,0,15544,2,0,54,35937
1053759575,3455831441,443,53713,TCP,1521118750477943,1469,4,5,0,43096,2,0,240,59950
2181312202,3447552966,25,59728,TCP,1521118750477948,52,4,5,0,53811,2,0,246,47229
1234923774,3558786780,443,26324,TCP,1521118750477949,1340,4,5,0,19325,2,0,57,39850
1234923774,3558786780,443,26324,TCP,1521118750477958,1340,4,5,0,19326,2,0,57,39849
282018607,4098085650,443,59552,TCP,1521118750477966,1492,4,5,0,6870,2,0,59,1018
3741785781,3978971491,443,61860,TCP,1521118750477968,465,4,5,0,9391,2,0,248,10285
282018607,4098085650,443,59552,TCP,1521118750477970,1492,4,5,0,6871,2,0,59,1017
269242581,3978971495,443,33304,TCP,1521118750477971,961,4,5,0,44398,2,0,58,63573
2510184658,3349796410,443,29605,TCP,1521118750477976,332,4,5,0,6801,2,0,54,38086
718026855,3571692354,6008,6650,UDP,1521118750477979,52,4,5,9,8816,2,0,54,14055
1699834451,3451144556,80,53937,TCP,1521118750477980,1372,4,5,0,15333,2,0,57,6642
1699834451,3451144556,80,53937,TCP,1521118750477981,1372,4,5,0,15334,2,0,57,6641
2279000374,4041192770,443,52295,TCP,1521118750477986,1438,4,5,0,1686,2,0,59,15509
738370213,3978971495,443,28620,TCP,1521118750477987,1500,4,5,0,61616,2,0,240,36657
738370213,3978971495,443,28620,TCP,1521118750477989,1500,4,5,0,61617,2,0,240,36656
2473968077,3484900854,58099,64426,TCP,1521118750477995,52,4,5,0,24724,2,0,55,24639
1056380270,3571692354,4100,47558,UDP,1521118750478003,74,4,5,0,58430,2,0,49,35033
1235721153,4225200978,443,43521,TCP,1521118750478005,1500,4,5,0,34382,2,0,58,24635
1962370036,1962334114,51353,1485,UDP,1521118750478006,1489,4,5,24,52893,2,0,58,18146
738370213,3978971495,443,28620,TCP,1521118750478007,1500,4,5,0,61618,2,0,240,36655
1235721153,4225200978,443,43521,TCP,1521118750478008,1500,4,5,0,34383,2,0,58,24634
2198041738,3608324562,443,42895,TCP,1521118750478010,1460,4,5,0,1947,2,0,56,48438
738370213,3978971495,443,28620,TCP,1521118750478011,1500,4,5,0,61619,2,0,240,36654
1235721153,4225200978,443,43521,TCP,1521118750478012,1500,4,5,0,34384,2,0,58,24633
2198041738,3608324562,443,42895,TCP,1521118750478013,1460,4,5,0,1948,2,0,56,48437
1442251532,4109904406,80,63862,TCP,1521118750478015,1480,4,5,0,0,2,0,56,50462
1235721153,4225200978,443,43521,TCP,1521118750478016,1500,4,5,0,34385,2,0,58,24632
1235721153,4225200978,443,43521,TCP,1521118750478018,1500,4,5,0,34386,2,0,58,24631
1235721153,4225200978,443,43521,TCP,1521118750478019,1500,4,5,0,34387,2,0,58,24630
1235721153,4225200978,443,43521,TCP,1521118750478020,1500,4,5,0,34388,2,0,58,24629
1235721153,4225200978,443,43521,TCP,1521118750478022,1500,4,5,0,34389,2,0,58,24628
740010620,3978971484,443,16298,TCP,1521118750478023,52,4,5,0,15759,2,0,241,16150
1235721153,4225200978,443,43521,TCP,1521118750478023,1500,4,5,0,34390,2,0,58,24627
1235721153,4225200978,443,43521,TCP,1521118750478024,1500,4,5,0,34391,2,0,58,24626
42510340,3390571827,80,11764,TCP,1521118750478025,1140,4,5,0,5027,2,0,57,45065
800783747,3347702009,443,46485,TCP,1521118750478026,64,4,5,0,14458,2,0,237,32636
3672243520,3617813330,80,60545,TCP,1521118750478027,1480,4,5,0,51122,2,0,61,19813
1235721153,4225200978,443,43521,TCP,1521118750478028,1500,4,5,0,34392,2,0,58,24625
1235721153,4225200978,443,43521,TCP,1521118750478029,1500,4,5,0,34393,2,0,58,24624
1235721153,4225200978,443,43521,TCP,1521118750478031,1500,4,5,0,34394,2,0,58,24623
1235721153,4225200978,443,43521,TCP,1521118750478032,1500,4,5,0,34395,2,0,58,24622
1256673287,3352065923,24543,40393,TCP,1521118750478033,40,4,5,20,31539,2,0,117,45130
1235721153,4225200978,443,43521,TCP,1521118750478033,1500,4,5,0,34396,2,0,58,24621
1235721153,4225200978,443,43521,TCP,1521118750478035,1500,4,5,0,34397,2,0,58,24620
1235721153,4225200978,443,43521,TCP,1521118750478036,1500,4,5,0,34398,2,0,58,24619
1235721153,4225200978,443,43521,TCP,1521118750478037,1500,4,5,0,34399,2,0,58,24618
42510340,3390571827,80,11764,TCP,1521118750478039,1140,4,5,0,5028,2,0,57,45064
3542516036,3618740955,443,57287,UDP,1521118750478040,1378,4,5,0,0,2,0,58,29843
1235721153,4225200978,443,43521,TCP,1521118750478041,1500,4,5,0,34400,2,0,58,24617
3672202151,1074109358,443,58186,TCP,1521118750478042,1500,4,5,0,63017,2,0,61,12214
1235721153,4225200978,443,43521,TCP,1521118750478043,1500,4,5,0,34401,2,0,58,24616
269244055,3978971491,8181,60590,TCP,1521118750478045,60,4,5,0,0,2,0,59,41611
738370213,3978971495,443,28620,TCP,1521118750478045,1500,4,5,0,61620,2,0,240,36653
738370213,3978971495,443,28620,TCP,1521118750478046,1500,4,5,0,61621,2,0,240,36652
517385444,3352065826,8080,58411,TCP,1521118750478048,1500,4,5,0,29188,2,0,59,48494
3672202151,1074109358,443,58186,TCP,1521118750478049,678,4,5,0,63018,2,0,61,13035
3363620954,4244117880,39213,123,UDP,1521118750478050,36,4,5,0,43823,0,0,245,29521
2474037881,3618737040,25,33817,TCP,1521118750478050,193,4,5,0,64222,2,0,56,32294
1962370036,1962334114,51353,1485,UDP,1521118750478050,1488,4,5,24,52894,2,0,58,18146
1962329749,1074109250,56356,1485,UDP,1521118750478051,1314,4,5,24,53518,2,0,54,22481
1699834451,3451144556,80,53937,TCP,1521118750478052,1372,4,5,0,15335,2,0,57,6640
3527246821,3618740955,443,26916,UDP,1521118750478053,1378,4,5,0,0,2,0,58,29403
3527246821,3618740955,443,26916,UDP,1521118750478055,1378,4,5,0,0,2,0,58,29403
1699834451,3451144556,80,53937,TCP,1521118750478056,1372,4,5,0,15336,2,0,57,6639
3527246821,3618740955,443,26916,UDP,1521118750478057,1378,4,5,0,0,2,0,58,29403
1861077966,3350327721,51063,33730,TCP,1521118750478059,52,4,5,0,28051,2,0,118,41753
2258940779,3978971498,2515,7876,TCP,1521118750478059,52,4,5,0,25108,2,0,58,28171
360218037,3349715215,443,49475,TCP,1521118750478059,60,4,5,0,14544,2,0,241,23814
2260923212,3242284301,1935,1846,TCP,1521118750478062,97,4,5,0,23457,2,0,55,22424
789261236,3617826773,443,59639,TCP,1521118750478063,91,4,5,0,4505,2,0,232,42699
1303655167,2199531723,61110,445,TCP,1521118750478063,40,4,5,0,27382,2,0,119,25665
1962329749,1074109250,56356,1485,UDP,1521118750478064,1314,4,5,24,53517,2,0,54,22482
3310683221,2317271739,53,34056,UDP,1521118750478069,1473,4,5,0,62409,0,0,59,28638
2260923251,3242274994,1935,58551,TCP,1521118750478073,40,4,5,0,61457,2,0,55,59284
1743087438,3890314075,53,34134,UDP,1521118750478077,113,4,5,8,32132,2,0,55,37759
738370213,3978971495,443,28620,TCP,1521118750478077,1500,4,5,0,61622,2,0,240,36651
738370213,3978971495,443,28620,TCP,1521118750478079,311,4,5,0,61623,2,0,240,37839
1962329749,1074109250,56356,1485,UDP,1521118750478082,1281,4,5,24,53519,2,0,54,22513
139152270,3257581731,443,51174,TCP,1521118750478083,52,4,5,0,18315,2,0,117,59281
3672202151,1074109358,443,58186,TCP,1521118750478090,1500,4,5,0,63019,2,0,61,12212
1655497693,3447595079,55561,29034,TCP,1521118750478091,1400,4,5,0,26698,2,0,116,25830
2270456640,3978971487,80,19750,TCP,1521118750478092,52,4,5,0,60090,2,0,248,28394
3672202151,1074109358,443,58186,TCP,1521118750478095,1352,4,5,0,63020,2,0,61,12359
1962370036,1962334114,51353,1485,UDP,1521118750478097,1412,4,5,24,52895,2,0,58,18221
1655497693,3447595079,55561,29034,TCP,1521118750478101,1400,4,5,0,26699,2,0,116,25829
1962329749,1074109250,56356,1485,UDP,1521118750478103,1281,4,5,24,53520,2,0,54,22512
2582212730,2270145408,80,40688,TCP,1521118750478104,181,4,5,0,55033,2,0,248,28181
1863878312,3349796533,4185,27628,UDP,1521118750478114,48,4,5,0,11697,0,0,52,50412
1847301539,3569582284,21995,38271,UDP,1521118750478115,48,4,5,0,21254,0,0,116,39528
2487475774,4095553831,53,45727,UDP,1521118750478116,76,4,5,0,23090,2,0,58,20136
789345393,3608384669,443,26685,TCP,1521118750478117,52,4,5,0,59338,2,0,239,38090
742704643,3978971493,443,7078,TCP,1521118750478121,52,4,5,0,55050,2,0,240,35553
833759811,1235570543,63680,445,TCP,1521118750478126,40,4,5,8,24034,2,0,117,45788
833759811,1235570543,63680,445,TCP,1521118750478126,40,4,5,8,24035,2,0,117,45787
1699834451,3451144556,80,53937,TCP,1521118750478130,1372,4,5,0,15337,2,0,57,6638
517385444,3352065826,8080,58411,TCP,1521118750478131,1500,4,5,0,29189,2,0,59,48493
1699834451,3451144556,80,53937,TCP,1521118750478132,1372,4,5,0,15338,2,0,57,6637
1962370036,1962334114,51353,1485,UDP,1521118750478133,1412,4,5,24,52896,2,0,58,18220
3501330963,3617826773,443,59632,TCP,1521118750478139,522,4,5,0,12749,2,0,59,43490
283699743,1962334021,80,51413,TCP,1521118750478143,52,4,5,0,11122,2,0,55,53518
1079000321,0,80,51413,TCP,1521118750478147,0,6,0,0,124,0,4406,223,59132
2132660172,3680242639,4435,46066,UDP,1521118750478159,60,4,5,0,25130,2,0,121,26993
3318356336,3607512241,443,63205,TCP,1521118750478160,1492,4,5,0,59275,2,0,59,22438
3318356336,3607512241,443,63205,TCP,1521118750478162,1492,4,5,0,59276,2,0,59,22437
1962370036,1962334114,51353,1485,UDP,1521118750478168,1411,4,5,24,52897,2,0,58,18220
2260923212,3391010449,1935,50694,TCP,1521118750478176,97,4,5,0,28011,2,0,55,56172
795813751,3568011089,443,49363,TCP,1521118750478176,1452,4,5,0,50005,2,0,241,3603
795813751,3568011089,443,49363,TCP,1521118750478178,57,4,5,0,50006,2,0,241,4997
2005801108,3450102589,443,45200,UDP,1521118750478180,1378,4,5,8,0,2,0,58,31359
2005801108,3450102589,443,45200,UDP,1521118750478181,1378,4,5,8,0,2,0,58,31359
2260923212,3396755314,1935,41311,TCP,1521118750478193,97,4,5,0,51739,2,0,55,54659
1962370036,1962334114,51353,1485,UDP,1521118750478215,1375,4,5,24,52898,2,0,58,18255
742318877,3618763302,80,26948,TCP,1521118750478217,52,4,5,0,60146,2,0,237,51612
743774172,4093711853,80,26901,TCP,1521118750478218,1480,4,5,0,12016,2,0,245,800
738682673,3978971494,443,3552,TCP,1521118750478220,52,4,5,0,37848,2,0,240,11554
1699834451,3451144556,80,53937,TCP,1521118750478226,1372,4,5,0,15339,2,0,57,6636
1699834451,3451144556,80,53937,TCP,1521118750478227,1372,4,5,0,15340,2,0,57,6635
1962370036,1962334114,51353,1485,UDP,1521118750478235,1375,4,5,24,52899,2,0,58,18254
738508114,3978971486,443,4828,TCP,1521118750478244,1500,4,5,0,13326,2,0,241,12334
2513606723,3569583484,49819,32927,UDP,1521118750478248,112,4,5,0,7447,2,0,118,24336
1836605238,1235577974,52354,445,TCP,1521118750478255,40,4,5,0,30224,0,0,120,18934
3556624603,3334585048,62527,27211,UDP,1521118750478255,1423,4,5,0,9841,2,0,122,46713
353412874,4225762974,443,59860,TCP,1521118750478256,52,4,5,0,55438,2,0,52,44956
2272024442,1962333974,11891,36977,TCP,1521118750478263,1500,4,5,0,22402,2,0,58,47270
738508114,3978971486,443,4828,TCP,1521118750478265,1500,4,5,0,13327,2,0,241,12333
743724633,4109936406,443,50512,TCP,1521118750478266,1480,4,5,0,34717,2,0,246,55509
2272024442,1962333974,11891,36977,TCP,1521118750478268,1500,4,5,0,22403,2,0,58,47269
743724633,4109936406,443,50512,TCP,1521118750478269,1480,4,5,0,34718,2,0,246,55508
1962370036,1962334114,51353,1485,UDP,1521118750478270,1373,4,5,24,52900,2,0,58,18255
738508114,3978971486,443,4828,TCP,1521118750478271,241,4,5,0,13328,2,0,241,13591
2272024442,1962333974,11891,36977,TCP,1521118750478272,1500,4,5,0,22404,2,0,58,47268
2272024442,1962333974,11891,36977,TCP,1521118750478273,1500,4,5,0,22405,2,0,58,47267
3585292978,3448447565,443,60448,TCP,1521118750478279,220,4,5,0,36903,2,0,54,46006
2260923212,3324064642,1935,7092,TCP,1521118750478282,109,4,5,0,38318,2,0,55,14890
1675028668,3335624803,5752,45305,TCP,1521118750478282,64,4,5,0,0,2,0,50,40176
2272024442,1962333974,11891,36977,TCP,1521118750478283,1500,4,5,0,22406,2,0,58,47266
138800980,1074109367,80,39128,TCP,1521118750478284,1500,4,5,8,58583,2,0,53,34790
138800980,1074109367,80,39128,TCP,1521118750478286,1500,4,5,8,58584,2,0,53,34789
138800980,1074109367,80,39128,TCP,1521118750478287,1500,4,5,8,58585,2,0,53,34788
2272024442,1962333974,11891,36977,TCP,1521118750478288,1500,4,5,0,22407,2,0,58,47265
2272024442,1962333974,11891,36977,TCP,1521118750478289,1500,4,5,0,22408,2,0,58,47264
2272024442,1962333974,11891,36977,TCP,1521118750478291,1500,4,5,0,22409,2,0,58,47263
138800980,1074109367,80,39128,TCP,1521118750478292,1500,4,5,8,58586,2,0,53,34787
138800980,1074109367,80,39128,TCP,1521118750478293,1500,4,5,8,58587,2,0,53,34786
138800980,1074109367,80,39128,TCP,1521118750478295,1500,4,5,8,58588,2,0,53,34785
138800980,1074109367,80,39128,TCP,1521118750478296,1500,4,5,8,58589,2,0,53,34784
138800980,1074109367,80,39128,TCP,1521118750478298,1500,4,5,8,58590,2,0,53,34783
138800980,1074109367,80,39128,TCP,1521118750478299,1500,4,5,8,58591,2,0,53,34782
138800980,1074109367,80,39128,TCP,1521118750478300,1500,4,5,8,58592,2,0,53,34781
138800980,1074109367,80,39128,TCP,1521118750478301,1500,4,5,8,58593,2,0,53,34780
1699834451,3451144556,80,53937,TCP,1521118750478303,1372,4,5,0,15341,2,0,57,6634
138800980,1074109367,80,39128,TCP,1521118750478304,1500,4,5,8,58594,2,0,53,34779
138800980,1074109367,80,39128,TCP,1521118750478305,1500,4,5,8,58595,2,0,53,34778
1962370036,1962334114,51353,1485,UDP,1521118750478306,1314,4,5,24,52901,2,0,58,18313
138800980,1074109367,80,39128,TCP,1521118750478307,1500,4,5,8,58596,2,0,53,34777
138800980,1074109367,80,39128,TCP,1521118750478309,1500,4,5,8,58597,2,0,53,34776
138800980,1074109367,80,39128,TCP,1521118750478311,1500,4,5,8,58598,2,0,53,34775
1699834451,3451144556,80,53937,TCP,1521118750478312,1372,4,5,0,15342,2,0,57,6633
1660785056,3353313042,59960,1147,UDP,1521118750478313,1430,4,5,0,22379,0,0,119,43868
1660785056,3353313042,59960,1147,UDP,1521118750478314,1430,4,5,0,22380,0,0,119,43867
517385478,3455005157,8080,32808,TCP,1521118750478315,1480,4,5,0,61180,2,0,59,32642
2048620175,3472996994,80,50086,TCP,1521118750478317,1452,4,5,0,0,2,0,58,49437
2043303248,3391004332,14827,8999,UDP,1521118750478318,1466,4,5,0,19333,0,0,117,48328
2117033129,3453331238,8200,52171,UDP,1521118750478319,68,4,5,0,2451,2,0,57,59457
2260923222,3396755122,80,60250,TCP,1521118750478319,309,4,5,0,559,2,0,55,40274
2260923212,3242265021,1935,54750,TCP,1521118750478320,97,4,5,0,59758,2,0,55,5403
1623011302,3472982775,80,51855,TCP,1521118750478320,1492,4,5,0,16789,2,0,57,6131
2047905618,3390922338,80,50568,TCP,1521118750478321,40,4,5,0,50999,2,0,60,17846
2272024442,1962333974,11891,36977,TCP,1521118750478321,1500,4,5,0,22410,2,0,58,47262
269242590,3978971499,443,16984,TCP,1521118750478323,814,4,5,0,21633,2,0,58,20937
2272024442,1962333974,11891,36977,TCP,1521118750478323,1500,4,5,0,22411,2,0,58,47261
2272024442,1962333974,11891,36977,TCP,1521118750478325,1500,4,5,0,22412,2,0,58,47260
2272024442,1962333974,11891,36977,TCP,1521118750478326,1500,4,5,0,22413,2,0,58,47259
1962370036,1962334114,51353,1485,UDP,1521118750478327,1314,4,5,24,52902,2,0,58,18312
1623011302,3472982775,80,51855,TCP,1521118750478328,1492,4,5,0,16790,2,0,57,6130
3286116802,3390572440,80,23568,TCP,1521118750478352,44,4,5,0,10136,0,0,245,57058
743735425,3442966754,443,26567,TCP,1521118750478357,1492,4,5,0,51888,2,0,245,47747
2272024442,1962333974,11891,36977,TCP,1521118750478359,1500,4,5,0,22414,2,0,58,47258
2272024442,1962333974,11891,36977,TCP,1521118750478360,1500,4,5,0,22415,2,0,58,47257
2272024442,1962333974,11891,36977,TCP,1521118750478361,1500,4,5,0,22416,2,0,58,47256
2272024442,1962333974,11891,36977,TCP,1521118750478362,1500,4,5,0,22417,2,0,58,47255
1962329749,1074109250,56356,1485,UDP,1521118750478367,1280,4,5,24,53522,2,0,54,22511
2087007433,2270145422,443,5573,TCP,1521118750478369,303,4,5,0,22460,2,0,118,51200
738905530,4173919229,443,27412,TCP,1521118750478372,401,4,5,0,1125,2,0,238,41078
1962329749,1074109250,56356,1485,UDP,1521118750478378,1281,4,5,24,53521,2,0,54,22511
1699834451,3451144556,80,53937,TCP,1521118750478379,1372,4,5,0,15343,2,0,57,6632
1699834451,3451144556,80,53937,TCP,1521118750478380,1372,4,5,0,15344,2,0,57,6631
3585067774,3450222505,443,10339,TCP,1521118750478381,130,4,5,0,20540,2,0,54,20028
1962370036,1962334114,51353,1485,UDP,1521118750478384,1314,4,5,24,52903,2,0,58,18311
710595463,3391002667,51641,21459,TCP,1521118750478386,40,4,5,0,11112,2,0,116,31548
789345393,3608384669,443,26685,TCP,1521118750478387,59,4,5,0,59339,2,0,239,38082
790429317,4039786104,443,37133,TCP,1521118750478387,1480,4,5,0,45020,2,0,239,31086
2353775061,2336051399,443,60507,TCP,1521118750478388,52,4,5,0,9622,2,0,58,61704
2272024442,1962333974,11891,36977,TCP,1521118750478395,1500,4,5,0,22418,2,0,58,47254
2272024442,1962333974,11891,36977,TCP,1521118750478396,1500,4,5,0,22419,2,0,58,47253
2272024442,1962333974,11891,36977,TCP,1521118750478397,1500,4,5,0,22420,2,0,58,47252
1962370036,1962334114,51353,1485,UDP,1521118750478399,1324,4,5,24,52904,2,0,58,18300
138800980,1074109367,80,39128,TCP,1521118750478400,1500,4,5,8,58599,2,0,53,34774
138800980,1074109367,80,39128,TCP,1521118750478402,1500,4,5,8,58600,2,0,53,34773
2272024442,1962333974,11891,36977,TCP,1521118750478403,1500,4,5,0,22421,2,0,58,47251
138800980,1074109367,80,39128,TCP,1521118750478404,1500,4,5,8,58601,2,0,53,34772
138800980,1074109367,80,39128,TCP,1521118750478406,1500,4,5,8,58602,2,0,53,34771
138800980,1074109367,80,39128,TCP,1521118750478407,1500,4,5,8,58603,2,0,53,34770
138800980,1074109367,80,39128,TCP,1521118750478409,1500,4,5,8,58604,2,0,53,34769
138800980,1074109367,80,39128,TCP,1521118750478410,1500,4,5,8,58605,2,0,53,34768
138800980,1074109367,80,39128,TCP,1521118750478411,1500,4,5,8,58606,2,0,53,34767
2414368410,4041149743,5056,26598,UDP,1521118750478412,234,4,5,8,26579,2,0,120,46486
790429317,4039786104,443,37133,TCP,1521118750478413,397,4,5,0,45021,2,0,239,32168
3877058099,4030665138,443,37133,TCP,1521118750478413,1368,4,5,32,28759,2,0,248,60863
138800980,1074109367,80,39128,TCP,1521118750478414,1500,4,5,8,58607,2,0,53,34766
138800980,1074109367,80,39128,TCP,1521118750478415,1500,4,5,8,58608,2,0,53,34765
138800980,1074109367,80,39128,TCP,1521118750478417,1500,4,5,8,58609,2,0,53,34764
138800980,1074109367,80,39128,TCP,1521118750478418,1500,4,5,8,58610,2,0,53,34763
138800980,1074109367,80,39128,TCP,1521118750478420,1500,4,5,8,58611,2,0,53,34762
138800980,1074109367,80,39128,TCP,1521118750478421,1500,4,5,8,58612,2,0,53,34761
138800980,1074109367,80,39128,TCP,1521118750478422,1500,4,5,8,58613,2,0,53,34760
3430701592,3569494444,55289,40382,UDP,1521118750478424,48,4,5,0,57176,0,0,55,32609
138800980,1074109367,80,39128,TCP,1521118750478424,1500,4,5,8,58614,2,0,53,34759
138800980,1074109367,80,39128,TCP,1521118750478425,1500,4,5,8,58615,2,0,53,34758
138800980,1074109367,80,39128,TCP,1521118750478426,1500,4,5,8,58616,2,0,53,34757
138800980,1074109367,80,39128,TCP,1521118750478427,1500,4,5,8,58617,2,0,53,34756
138800980,1074109367,80,39128,TCP,1521118750478429,1500,4,5,8,58618,2,0,53,34755
138800980,1074109367,80,39128,TCP,1521118750478430,1500,4,5,8,58619,2,0,53,34754
138800980,1074109367,80,39128,TCP,1521118750478431,1500,4,5,8,58620,2,0,53,34753
138800980,1074109367,80,39128,TCP,1521118750478433,1500,4,5,8,58621,2,0,53,34752
138800980,1074109367,80,39128,TCP,1521118750478434,1500,4,5,8,58622,2,0,53,34751
138800980,1074109367,80,39128,TCP,1521118750478436,1500,4,5,8,58623,2,0,53,34750
138800980,1074109367,80,39128,TCP,1521118750478437,1500,4,5,8,58624,2,0,53,34749
138800980,1074109367,80,39128,TCP,1521118750478438,1500,4,5,8,58625,2,0,53,34748
138800980,1074109367,80,39128,TCP,1521118750478439,1500,4,5,8,58626,2,0,53,34747
2272024442,1962333974,11891,36977,TCP,1521118750478441,1500,4,5,0,22422,2,0,58,47250
2272024442,1962333974,11891,36977,TCP,1521118750478442,1500,4,5,0,22423,2,0,58,47249
2272024442,1962333974,11891,36977,TCP,1521118750478443,1500,4,5,0,22424,2,0,58,47248
1179708560,1235566758,14071,445,TCP,1521118750478445,40,4,5,0,14811,2,0,52,20425
3997125339,3232148498,32804,22,TCP,1521118750478445,52,4,5,0,15440,2,0,52,25760
2272024442,1962333974,11891,36977,TCP,1521118750478445,1500,4,5,0,22425,2,0,58,47247
1355392792,3390935153,7080,17484,UDP,1521118750478446,48,4,5,0,15536,0,0,117,46748
1962370036,1962334114,51353,1485,UDP,1521118750478453,1324,4,5,24,52905,2,0,58,18299
790247862,3607982301,9339,2262,UDP,1521118750478455,76,4,5,0,42991,2,0,46,62454
1699834451,3451144556,80,53937,TCP,1521118750478460,1372,4,5,0,15345,2,0,57,6630
2260923212,3390960049,1935,50242,TCP,1521118750478462,97,4,5,0,26482,2,0,55,42566
1699834451,3451144556,80,53937,TCP,1521118750478471,1372,4,5,0,15346,2,0,57,6629
1235721153,4225200978,443,43521,TCP,1521118750478475,1500,4,5,0,34402,2,0,58,24615
1235721153,4225200978,443,43521,TCP,1521118750478477,1500,4,5,0,34403,2,0,58,24614
2353775061,2336051399,443,60507,TCP,1521118750478478,208,4,5,0,9623,2,0,58,61547
1655497693,3447595079,55561,29034,TCP,1521118750478478,1400,4,5,0,26700,2,0,116,25828
1235721153,4225200978,443,43521,TCP,1521118750478479,1500,4,5,0,34404,2,0,58,24613
3997125339,3232148498,32804,22,TCP,1521118750478481,72,4,5,0,15441,2,0,52,25739
743724723,2318945300,80,26680,TCP,1521118750478481,622,4,5,0,9386,2,0,246,1164
3366886240,3390839014,36880,59023,UDP,1521118750478481,1088,4,5,0,18282,2,0,47,47409
1655497693,3447595079,55561,29034,TCP,1521118750478482,1400,4,5,0,26701,2,0,116,25827
1962370036,1962334114,51353,1485,UDP,1521118750478483,1302,4,5,24,52906,2,0,58,18320
1235721153,4225200978,443,43521,TCP,1521118750478486,1500,4,5,0,34405,2,0,58,24612
1235721153,4225200978,443,43521,TCP,1521118750478487,1500,4,5,0,34406,2,0,58,24611
1235721153,4225200978,443,43521,TCP,1521118750478488,1500,4,5,0,34407,2,0,58,24610
1235721153,4225200978,443,43521,TCP,1521118750478491,1500,4,5,0,34408,2,0,58,24609
1235721153,4225200978,443,43521,TCP,1521118750478492,1500,4,5,0,34409,2,0,58,24608
1235721153,4225200978,443,43521,TCP,1521118750478494,1500,4,5,0,34410,2,0,58,24607
1235721153,4225200978,443,43521,TCP,1521118750478495,1500,4,5,0,34411,2,0,58,24606
1235721153,4225200978,443,43521,TCP,1521118750478496,1500,4,5,0,34412,2,0,58,24605
1235721153,4225200978,443,43521,TCP,1521118750478499,1500,4,5,0,34413,2,0,58,24604
1235721153,4225200978,443,43521,TCP,1521118750478500,1500,4,5,0,34414,2,0,58,24603
1235721153,4225200978,443,43521,TCP,1521118750478501,1500,4,5,0,34415,2,0,58,24602
1235721153,4225200978,443,43521,TCP,1521118750478503,1500,4,5,0,34416,2,0,58,24601
1235721153,4225200978,443,43521,TCP,1521118750478504,1500,4,5,0,34417,2,0,58,24600
1235721153,4225200978,443,43521,TCP,1521118750478506,1500,4,5,0,34418,2,0,58,24599
2056258359,3617733512,8195,8195,TCP,1521118750478507,117,4,5,0,28644,2,0,57,16557
1235721153,4225200978,443,43521,TCP,1521118750478507,1500,4,5,0,34419,2,0,58,24598
1235721153,4225200978,443,43521,TCP,1521118750478508,1500,4,5,0,34420,2,0,58,24597
1235721153,4225200978,443,43521,TCP,1521118750478510,1500,4,5,0,34421,2,0,58,24596
1792512157,3223208484,465,54758,TCP,1521118750478511,89,4,5,0,6321,2,0,53,12087
269242575,3978971486,443,26172,TCP,1521118750478511,1480,4,5,0,18053,2,0,58,23879
269242575,3978971486,443,26172,TCP,1521118750478512,1480,4,5,0,18054,2,0,58,23878
3314518690,3608406018,443,24140,TCP,1521118750478514,60,4,5,0,0,2,0,55,13428
1053759575,3452105434,8000,49421,TCP,1521118750478521,1440,4,5,0,20401,2,0,240,7651
718026217,3451488452,7008,26444,UDP,1521118750478524,60,4,5,9,52635,2,0,54,49113
2260923222,3396739693,1935,2178,TCP,1521118750478528,97,4,5,0,39308,2,0,55,17166
3318356320,3390855101,443,49942,TCP,1521118750478529,1420,4,5,0,63728,2,0,59,16503
3318356320,3390855101,443,49942,TCP,1521118750478533,1420,4,5,0,63729,2,0,59,16502
1962370036,1962334114,51353,1485,UDP,1521118750478537,1302,4,5,24,52908,2,0,58,18318
1962370036,1962334114,51353,1485,UDP,1521118750478539,1302,4,5,24,52907,2,0,58,18319
3978976046,3978971498,23148,80,TCP,1521118750478540,52,4,5,0,35784,2,0,59,13582
1699834451,3451144556,80,53937,TCP,1521118750478542,1372,4,5,0,15347,2,0,57,6628
1699834451,3451144556,80,53937,TCP,1521118750478544,1372,4,5,0,15348,2,0,57,6627
3978976046,3978971498,23148,80,TCP,1521118750478548,93,4,5,0,35785,2,0,59,13540
3527255913,3618740937,443,26744,UDP,1521118750478549,1378,4,5,0,0,2,0,58,20329
3254631371,1962333978,49980,80,TCP,1521118750478551,40,4,5,0,16690,2,0,113,65219
2268844176,3390883675,443,59763,TCP,1521118750478553,40,4,5,0,22037,2,0,59,119
269242579,3978971487,443,32384,TCP,1521118750478555,1061,4,5,0,43933,2,0,58,63948
2137332818,3618736958,63895,61991,UDP,1521118750478557,1361,4,5,0,3252,2,0,123,61248
575712276,3474333497,21777,22,TCP,1521118750478559,136,4,5,0,3218,2,0,49,32810
3318356320,3390855101,443,49942,TCP,1521118750478560,1420,4,5,0,63730,2,0,59,16501
752764147,3571859386,443,38561,TCP,1521118750478562,46,4,5,0,15095,2,0,239,51808
1054341600,2341451192,9339,27026,UDP,1521118750478562,53,4,5,0,60207,2,0,237,10376
3318356320,3390855101,443,49942,TCP,1521118750478566,1420,4,5,0,63731,2,0,59,16500
3667810488,3233210807,4433,61833,UDP,1521118750478573,137,4,5,0,22925,2,0,246,21777
752764147,3571859386,443,38561,TCP,1521118750478575,85,4,5,0,15096,2,0,239,51768
1819821626,3338647934,43454,59381,UDP,1521118750478579,1456,4,5,0,28169,0,0,57,56067
517385572,4093843478,80,50531,TCP,1521118750478584,1450,4,5,2,57236,2,0,59,33379
3877058099,4030665138,80,50531,TCP,1521118750478587,1368,4,5,32,28760,2,0,248,60862
517385572,4093843478,80,50531,TCP,1521118750478588,1450,4,5,2,57237,2,0,59,33378
517385572,4093843478,80,50531,TCP,1521118750478589,1450,4,5,2,57238,2,0,59,33377
517385572,4093843478,80,50531,TCP,1521118750478590,1450,4,5,2,57239,2,0,59,33376
1655497693,3447595079,55561,29034,TCP,1521118750478593,1400,4,5,0,26702,2,0,116,25826
790939475,3353384197,443,54697,TCP,1521118750478597,71,4,5,0,55764,2,0,237,24702
1962370036,1962334114,51353,1485,UDP,1521118750478598,1288,4,5,24,52909,2,0,58,18331
1962370036,1962334114,51353,1485,UDP,1521118750478599,1288,4,5,24,52910,2,0,58,18330
3672201745,1962334044,80,36286,TCP,1521118750478601,52,4,5,0,776,2,0,61,47478
1235330485,846973179,62218,51204,UDP,1521118750478608,307,4,5,0,21766,2,0,120,49638
3672228912,1962334045,443,63437,TCP,1521118750478609,564,4,5,0,57404,2,0,61,28705
2087007445,2270145447,443,32645,TCP,1521118750478615,303,4,5,0,24024,2,0,116,50111
3672212280,1962334044,9482,48092,TCP,1521118750478615,52,4,5,0,21387,2,0,58,17100
1190676114,3349796519,54984,26468,UDP,1521118750478620,48,4,5,0,421,0,0,116,6461
3877058099,4030665138,54984,26468,UDP,1521118750478623,1368,4,5,32,28761,2,0,248,60861
2546502277,3472982101,443,58006,TCP,1521118750478624,1500,4,5,0,46198,2,0,241,24064
2835347327,0,443,58006,TCP,1521118750478627,0,6,0,0,90,0,4410,217,57984
1962370036,1962334114,51353,1485,UDP,1521118750478628,1286,4,5,24,52911,2,0,58,18331
3527255851,3618740937,443,49752,TCP,1521118750478629,1472,4,5,0,39105,0,0,58,63122
799565743,3978971493,443,6314,TCP,1521118750478638,547,4,5,0,34335,2,0,240,13518
1304313421,3454856602,16674,46573,UDP,1521118750478640,1396,4,5,0,29532,1,0,115,26506
2260923212,3242265421,1935,49968,TCP,1521118750478650,109,4,5,0,7936,2,0,55,56813
2313830813,3978971492,18334,443,TCP,1521118750478653,52,4,5,0,44746,2,0,49,39139
752779434,3454853293,443,52055,TCP,1521118750478656,1472,4,5,0,22681,2,0,239,53627
3223949995,2332752498,50527,443,TCP,1521118750478657,40,4,5,0,8574,2,0,115,3584
3556623735,3260417919,55659,27163,UDP,1521118750478661,129,4,5,0,5128,2,0,122,35097
1962370036,1962334114,51353,1485,UDP,1521118750478663,1195,4,5,24,52912,2,0,58,18421
2137327634,4107110941,57224,26875,UDP,1521118750478675,174,4,5,0,2966,2,0,123,60742
1962370036,1962334114,51353,1485,UDP,1521118750478689,1195,4,5,24,52913,2,0,58,18420
2249791296,3473703260,52211,7179,UDP,1521118750478690,94,4,5,0,7513,2,0,121,63091
3370063996,3455775752,33930,2860,TCP,1521118750478699,64,4,5,0,24633,2,0,47,18464
2260923212,3390572014,1935,42766,TCP,1521118750478699,97,4,5,0,32053,2,0,55,31820
2260922839,3396739693,80,50245,TCP,1521118750478705,40,4,5,0,53516,2,0,57,2886
790790487,3978971496,443,48590,TCP,1521118750478710,648,4,5,0,41648,2,0,241,64946
800805032,2325249398,443,60040,TCP,1521118750478712,347,4,5,0,14476,2,0,238,51870
3672212280,1962334044,9482,48092,TCP,1521118750478713,52,4,5,0,21388,2,0,58,17099
1827263876,3390873182,8999,11449,UDP,1521118750478713,48,4,5,0,1273,0,0,116,38619
742318877,3618763302,80,26948,TCP,1521118750478714,238,4,5,0,60147,2,0,237,51425
2007206710,4041149895,9910,51587,UDP,1521118750478721,123,4,5,0,62983,2,0,57,18922
2278689123,3445812299,9306,52975,TCP,1521118750478723,214,4,5,0,54098,2,0,53,9964
1962370036,1962334114,51353,1485,UDP,1521118750478728,1194,4,5,24,52914,2,0,58,18420
271619767,1962334198,39151,1485,UDP,1521118750478740,325,4,5,24,5333,2,0,54,15079
2087007445,2270145447,443,52475,TCP,1521118750478742,300,4,5,0,24121,2,0,116,50017
2569360549,3452549481,443,3123,TCP,1521118750478744,1492,4,5,0,56852,2,0,55,60177
133969977,3455650445,32733,20035,UDP,1521118750478749,1466,4,5,0,7388,0,0,117,2716
232315565,3348701980,24020,32236,UDP,1521118750478750,92,4,5,0,64423,2,0,46,32174
1568402209,3391040596,59446,8999,TCP,1521118750478751,40,4,5,0,11792,2,0,114,39855
1962370036,1962334114,51353,1485,UDP,1521118750478754,1176,4,5,24,52915,2,0,58,18437
3368728123,3338648631,16674,1433,TCP,1521118750478755,234,4,5,0,17060,2,0,114,49964
3318356337,3390571603,8080,40078,TCP,1521118750478760,1140,4,5,0,59498,2,0,59,42354
3310683221,2317271739,53,34056,UDP,1521118750478763,1473,4,5,0,62410,0,0,59,28637
987941622,3347680447,5056,26330,UDP,1521118750478764,216,4,5,0,31460,2,0,121,11279
3318356337,3390571603,8080,40078,TCP,1521118750478767,1140,4,5,0,59499,2,0,59,42353
796348720,1962334034,443,36294,TCP,1521118750478768,861,4,5,0,19478,2,0,237,29076
792199369,3453738017,443,35063,TCP,1521118750478769,60,4,5,0,0,2,0,239,45501
3440414104,3353310666,8196,2796,UDP,1521118750478772,108,4,5,0,17704,0,0,52,43270
1962370036,1962334114,51353,1485,UDP,1521118750478774,1176,4,5,24,52916,2,0,58,18436
3992032700,3391015605,443,43973,TCP,1521118750478776,1450,4,5,0,61612,2,0,88,5151
3992032700,3391015605,443,43973,TCP,1521118750478778,1450,4,5,0,61613,2,0,88,5150
3992032700,3391015605,443,43973,TCP,1521118750478779,1450,4,5,0,61614,2,0,88,5149
3992032700,3391015605,443,43973,TCP,1521118750478781,1450,4,5,0,61615,2,0,88,5148
1636099152,3890314075,53,23894,UDP,1521118750478782,111,4,5,0,46249,0,0,56,9411
3992032700,3391015605,443,43973,TCP,1521118750478783,1450,4,5,0,61616,2,0,88,5147
3992032700,3391015605,443,43973,TCP,1521118750478784,1450,4,5,0,61617,2,0,88,5146
3992032700,3391015605,443,43973,TCP,1521118750478785,1450,4,5,0,61618,2,0,88,5145
3992032700,3391015605,443,43973,TCP,1521118750478787,1450,4,5,0,61619,2,0,88,5144
3992032700,3391015605,443,43973,TCP,1521118750478788,1450,4,5,0,61620,2,0,88,5143
3672239237,1962334039,443,64311,TCP,1521118750478789,1302,4,5,0,18684,2,0,61,56368
795158955,1962334036,443,49541,TCP,1521118750478791,620,4,5,0,33420,2,0,240,24740
1928490250,3350331297,80,1867,TCP,1521118750478792,48,4,5,8,0,2,0,54,40304
1075838391,1074109373,443,33630,TCP,1521118750478793,1500,4,5,160,59959,2,0,58,13995
2302893950,3484683469,34047,30705,UDP,1521118750478796,1455,4,5,0,9639,0,0,114,22612
1075838391,1074109373,443,33630,TCP,1521118750478803,1500,4,5,160,59960,2,0,58,13994
3318356337,3390571603,8080,40078,TCP,1521118750478806,1140,4,5,0,59500,2,0,59,42352
3318356337,3390571603,8080,40078,TCP,1521118750478810,1140,4,5,0,59501,2,0,59,42351
360258918,3347703170,443,60799,TCP,1521118750478811,1452,4,5,0,27494,2,0,51,63226
743197548,3390572416,80,37100,TCP,1521118750478817,60,4,5,0,0,2,0,237,17515
1075838391,1074109373,443,33630,TCP,1521118750478817,1500,4,5,160,59961,2,0,58,13993
2377634709,3390872894,443,51428,TCP,1521118750478822,1500,4,5,0,41870,2,0,60,52453
1962370036,1962334114,51353,1485,UDP,1521118750478824,1176,4,5,24,52917,2,0,58,18435
2377634709,3390872894,443,51428,TCP,1521118750478825,1500,4,5,0,41871,2,0,60,52452
2377634709,3390872894,443,51428,TCP,1521118750478826,1500,4,5,0,41872,2,0,60,52451
2214929376,283729038,28524,443,TCP,1521118750478827,40,4,5,0,914,2,0,119,60129
1075838391,1074109373,443,33630,TCP,1521118750478828,1500,4,5,160,59962,2,0,58,13992
2377634709,3390872894,443,51428,TCP,1521118750478830,1500,4,5,0,41873,2,0,60,52450
2377634709,3390872894,443,51428,TCP,1521118750478832,1500,4,5,0,41874,2,0,60,52449
2377634709,3390872894,443,51428,TCP,1521118750478833,1500,4,5,0,41875,2,0,60,52448
138800980,1074109367,80,39128,TCP,1521118750478835,1500,4,5,8,58627,2,0,53,34746
138800980,1074109367,80,39128,TCP,1521118750478836,1500,4,5,8,58628,2,0,53,34745
138800980,1074109367,80,39128,TCP,1521118750478838,1500,4,5,8,58629,2,0,53,34744
2377634709,3390872894,443,51428,TCP,1521118750478839,1500,4,5,0,41876,2,0,60,52447
2377634709,3390872894,443,51428,TCP,1521118750478840,1500,4,5,0,41877,2,0,60,52446
138800980,1074109367,80,39128,TCP,1521118750478841,1500,4,5,8,58630,2,0,53,34743
138800980,1074109367,80,39128,TCP,1521118750478843,1500,4,5,8,58631,2,0,53,34742
138800980,1074109367,80,39128,TCP,1521118750478844,1500,4,5,8,58632,2,0,53,34741
3741785781,3978971484,443,51500,TCP,1521118750478845,52,4,5,0,19909,2,0,248,187
2377634709,3390872894,443,51428,TCP,1521118750478845,1500,4,5,0,41878,2,0,60,52445
138800980,1074109367,80,39128,TCP,1521118750478847,1500,4,5,8,58633,2,0,53,34740
3584891819,4104016765,5222,37668,TCP,1521118750478848,228,4,5,0,6922,2,0,54,61333
138800980,1074109367,80,39128,TCP,1521118750478848,1500,4,5,8,58634,2,0,53,34739
2377634709,3390872894,443,51428,TCP,1521118750478849,1500,4,5,0,41879,2,0,60,52444
138800980,1074109367,80,39128,TCP,1521118750478851,1500,4,5,8,58635,2,0,53,34738
138800980,1074109367,80,39128,TCP,1521118750478852,1500,4,5,8,58636,2,0,53,34737
138800980,1074109367,80,39128,TCP,1521118750478854,1500,4,5,8,58637,2,0,53,34736
138800980,1074109367,80,39128,TCP,1521118750478855,1500,4,5,8,58638,2,0,53,34735
2377634709,3390872894,443,51428,TCP,1521118750478856,1500,4,5,0,41880,2,0,60,52443
2260923222,3391076997,1935,55155,TCP,1521118750478858,97,4,5,0,62558,2,0,55,20602
2377634709,3390872894,443,51428,TCP,1521118750478858,1500,4,5,0,41881,2,0,60,52442
2377634709,3390872894,443,51428,TCP,1521118750478859,1500,4,5,0,41882,2,0,60,52441
2377634709,3390872894,443,51428,TCP,1521118750478860,1500,4,5,0,41883,2,0,60,52440
138800980,1074109367,80,39128,TCP,1521118750478861,1500,4,5,8,58639,2,0,53,34734
1962370036,1962334114,51353,1485,UDP,1521118750478863,1175,4,5,24,52918,2,0,58,18435
138800980,1074109367,80,39128,TCP,1521118750478864,1500,4,5,8,58640,2,0,53,34733
138800980,1074109367,80,39128,TCP,1521118750478866,1500,4,5,8,58641,2,0,53,34732
738577323,2270145408,4455,61025,TCP,1521118750478867,52,4,5,0,53989,2,0,49,19550
800805032,2325249398,443,60040,TCP,1521118750478867,86,4,5,0,14477,2,0,238,52130
2377634709,3390872894,443,51428,TCP,1521118750478867,1500,4,5,0,41884,2,0,60,52439
2377634709,3390872894,443,51428,TCP,1521118750478868,1500,4,5,0,41885,2,0,60,52438
3318356861,3348631077,80,42391,TCP,1521118750478870,1462,4,5,0,27604,2,0,59,5993
2465344539,3396739850,56872,8080,TCP,1521118750478871,257,4,5,8,12613,2,0,118,9756
138800980,1074109367,80,39128,TCP,1521118750478871,1500,4,5,8,58642,2,0,53,34731
138800980,1074109367,80,39128,TCP,1521118750478872,1500,4,5,8,58643,2,0,53,34730
138800980,1074109367,80,39128,TCP,1521118750478874,1500,4,5,8,58644,2,0,53,34729
138800980,1074109367,80,39128,TCP,1521118750478875,1500,4,5,8,58645,2,0,53,34728
138800980,1074109367,80,39128,TCP,1521118750478876,1500,4,5,8,58646,2,0,53,34727
2377634709,3390872894,443,51428,TCP,1521118750478878,1500,4,5,0,41886,2,0,60,52437
3527241946,3618741021,443,41423,UDP,1521118750478879,1378,4,5,0,0,2,0,58,34212
2377634709,3390872894,443,51428,TCP,1521118750478880,1500,4,5,0,41887,2,0,60,52436
2377634709,3390872894,443,51428,TCP,1521118750478882,1500,4,5,0,41888,2,0,60,52435
138800980,1074109367,80,39128,TCP,1521118750478883,1500,4,5,8,58647,2,0,53,34726
138800980,1074109367,80,39128,TCP,1521118750478884,1500,4,5,8,58648,2,0,53,34725
2377634709,3390872894,443,51428,TCP,1521118750478886,1500,4,5,0,41889,2,0,60,52434
138800980,1074109367,80,39128,TCP,1521118750478887,1500,4,5,8,58649,2,0,53,34724
138800980,1074109367,80,39128,TCP,1521118750478888,1500,4,5,8,58650,2,0,53,34723
138800980,1074109367,80,39128,TCP,1521118750478889,1500,4,5,8,58651,2,0,53,34722
738691820,3350286969,80,44415,TCP,1521118750478891,52,4,5,0,55029,2,0,240,58031
685481219,3390837173,1253,39349,UDP,1521118750478891,48,4,5,0,9202,0,0,115,33307
685481219,3390837173,1253,39349,UDP,1521118750478891,48,4,5,0,9203,0,0,115,33306
138800980,1074109367,80,39128,TCP,1521118750478891,1500,4,5,8,58652,2,0,53,34721
138800980,1074109367,80,39128,TCP,1521118750478893,1500,4,5,8,58653,2,0,53,34720
138800980,1074109367,80,39128,TCP,1521118750478894,1500,4,5,8,58654,2,0,53,34719
138800980,1074109367,80,39128,TCP,1521118750478895,1500,4,5,8,58655,2,0,53,34718
138800980,1074109367,80,39128,TCP,1521118750478896,1500,4,5,8,58656,2,0,53,34717
138800980,1074109367,80,39128,TCP,1521118750478898,1500,4,5,8,58657,2,0,53,34716
2059866362,3446798989,2187,10496,TCP,1521118750478899,125,4,5,0,27420,2,0,52,34718
138800980,1074109367,80,39128,TCP,1521118750478899,1500,4,5,8,58658,2,0,53,34715
138800980,1074109367,80,39128,TCP,1521118750478900,1500,4,5,8,58659,2,0,53,34714
138800980,1074109367,80,39128,TCP,1521118750478902,1500,4,5,8,58660,2,0,53,34713
138800980,1074109367,80,39128,TCP,1521118750478903,1500,4,5,8,58661,2,0,53,34712
2313830813,3978971492,18334,443,TCP,1521118750478904,83,4,5,0,44747,2,0,49,39107
3318356337,3390571603,8080,40078,TCP,1521118750478904,1140,4,5,0,59502,2,0,59,42350
915545284,3455830654,4030,49607,UDP,1521118750478906,113,4,5,0,52011,2,0,48,37760
3318356337,3390571603,8080,40078,TCP,1521118750478906,1140,4,5,0,59503,2,0,59,42349
3556216764,4223982242,80,27571,TCP,1521118750478907,168,4,5,0,1987,2,0,54,626
2377634709,3390872894,443,51428,TCP,1521118750478907,1500,4,5,0,41890,2,0,60,52433
2377634709,3390872894,443,51428,TCP,1521118750478908,1500,4,5,0,41891,2,0,60,52432
2377634709,3390872894,443,51428,TCP,1521118750478910,1500,4,5,0,41892,2,0,60,52431
2377634709,3390872894,443,51428,TCP,1521118750478911,1500,4,5,0,41893,2,0,60,52430
138800980,1074109367,80,39128,TCP,1521118750478912,1500,4,5,8,58662,2,0,53,34711
138800980,1074109367,80,39128,TCP,1521118750478913,1500,4,5,8,58663,2,0,53,34710
138800980,1074109367,80,39128,TCP,1521118750478915,1500,4,5,8,58664,2,0,53,34709
138800980,1074109367,80,39128,TCP,1521118750478916,1500,4,5,8,58665,2,0,53,34708
138800980,1074109367,80,39128,TCP,1521118750478917,1500,4,5,8,58666,2,0,53,34707
138800980,1074109367,80,39128,TCP,1521118750478919,1500,4,5,8,58667,2,0,53,34706
138800980,1074109367,80,39128,TCP,1521118750478920,1500,4,5,8,58668,2,0,53,34705
1075838391,1074109373,443,33630,TCP,1521118750478922,1500,4,5,160,59963,2,0,58,13991
1056882033,3445857822,443,50836,TCP,1521118750478923,52,4,5,0,54737,2,0,241,19456
138800980,1074109367,80,39128,TCP,1521118750478923,1500,4,5,8,58669,2,0,53,34704
138800980,1074109367,80,39128,TCP,1521118750478924,1500,4,5,8,58670,2,0,53,34703
138800980,1074109367,80,39128,TCP,1521118750478926,1500,4,5,8,58671,2,0,53,34702
138800980,1074109367,80,39128,TCP,1521118750478927,1500,4,5,8,58672,2,0,53,34701
138800980,1074109367,80,39128,TCP,1521118750478928,1500,4,5,8,58673,2,0,53,34700
138800980,1074109367,80,39128,TCP,1521118750478929,1500,4,5,8,58674,2,0,53,34699
2377634709,3390872894,443,51428,TCP,1521118750478931,1500,4,5,0,41894,2,0,60,52429
138800980,1074109367,80,39128,TCP,1521118750478932,1500,4,5,8,58675,2,0,53,34698
1075838391,1074109373,443,33630,TCP,1521118750478934,1500,4,5,160,59964,2,0,58,13990
138800980,1074109367,80,39128,TCP,1521118750478935,1500,4,5,8,58676,2,0,53,34697
2377634709,3390872894,443,51428,TCP,1521118750478936,1500,4,5,0,41895,2,0,60,52428
1181050068,3560985278,10412,59219,TCP,1521118750478937,52,4,5,0,9098,2,0,46,22274
3366976542,3390840636,43650,58515,UDP,1521118750478938,192,4,5,0,0,2,0,47,40198
2377634709,3390872894,443,51428,TCP,1521118750478938,1500,4,5,0,41896,2,0,60,52427
138800980,1074109367,80,39128,TCP,1521118750478939,1500,4,5,8,58677,2,0,53,34696
138800980,1074109367,80,39128,TCP,1521118750478940,1500,4,5,8,58678,2,0,53,34695
2377634709,3390872894,443,51428,TCP,1521118750478942,1500,4,5,0,41897,2,0,60,52426
138800980,1074109367,80,39128,TCP,1521118750478943,1500,4,5,8,58679,2,0,53,34694
1075838391,1074109373,443,33630,TCP,1521118750478944,772,4,5,160,59965,2,0,58,14717
3542516066,4030665149,443,52920,UDP,1521118750478945,1378,4,5,0,0,2,0,58,58629
842254564,3352313634,5056,58729,UDP,1521118750478946,855,4,5,0,21897,2,0,121,42754
2377634709,3390872894,443,51428,TCP,1521118750478947,1500,4,5,0,41898,2,0,60,52425
138800980,1074109367,80,39128,TCP,1521118750478949,1500,4,5,8,58680,2,0,53,34693
2377634709,3390872894,443,51428,TCP,1521118750478950,1500,4,5,0,41899,2,0,60,52424
1962370036,1962334114,51353,1485,UDP,1521118750478951,1355,4,5,24,52919,2,0,58,18254
2377634709,3390872894,443,51428,TCP,1521118750478952,1500,4,5,0,41900,2,0,60,52423
3585292156,3455830641,443,44555,TCP,1521118750478953,52,4,5,0,63870,2,0,54,42408
2377634709,3390872894,443,51428,TCP,1521118750478954,1500,4,5,0,41901,2,0,60,52422
1280595875,3233168729,55745,58041,UDP,1521118750478955,353,4,5,0,27607,2,0,122,61869
2313830813,3978971492,18334,443,TCP,1521118750478955,52,4,5,0,44748,2,0,49,39137
1962370036,1962334114,51353,1485,UDP,1521118750478955,1355,4,5,24,52920,2,0,58,18253
2377634709,3390872894,443,51428,TCP,1521118750478956,1500,4,5,0,41902,2,0,60,52421
2377634709,3390872894,443,51428,TCP,1521118750478958,1500,4,5,0,41903,2,0,60,52420
752778836,3571889293,443,36236,TCP,1521118750478968,1472,4,5,0,17482,2,0,239,3399
752778836,3571889293,443,36236,TCP,1521118750478971,1472,4,5,0,17483,2,0,239,3398
791056793,3445857845,9339,2155,UDP,1521118750478973,75,4,5,0,41008,2,0,46,32793
938035621,3978971486,80,24900,TCP,1521118750478982,1500,4,5,0,7275,2,0,59,26010
938035621,3978971486,80,24900,TCP,1521118750478983,1500,4,5,0,7276,2,0,59,26009
800783747,3347702009,443,46485,TCP,1521118750478985,64,4,5,0,14459,2,0,237,32635
3314518690,3453500608,443,51336,TCP,1521118750478989,1480,4,5,0,53907,2,0,55,4306
685481219,3390837173,1253,39349,UDP,1521118750478991,48,4,5,0,9204,0,0,115,33305
1264309528,3978971485,443,23390,TCP,1521118750478991,1500,4,5,32,65022,2,0,61,58113
685481219,3390837173,1253,39349,UDP,1521118750478992,48,4,5,0,9205,0,0,115,33304
3363793107,3353371325,80,54839,TCP,1521118750478992,40,4,5,0,29650,2,0,238,48396
1264309528,3978971485,443,23390,TCP,1521118750478993,1500,4,5,32,65023,2,0,61,58112
671374749,3350329545,58743,27011,TCP,1521118750478995,1500,4,5,24,55900,2,0,55,7563
1962370036,1962334114,51353,1485,UDP,1521118750478997,1354,4,5,24,52921,2,0,58,18253
671374749,3350329545,58743,27011,TCP,1521118750479004,1500,4,5,24,55901,2,0,55,7562
269242575,3978971484,80,19486,TCP,1521118750479008,1480,4,5,0,24645,2,0,58,17289
269242575,3978971484,80,19486,TCP,1521118750479011,1156,4,5,0,24646,2,0,58,17612
269242575,3978971484,80,19486,TCP,1521118750479012,65,4,5,0,24647,2,0,58,18702
138800980,1074109367,80,39128,TCP,1521118750479018,1500,4,5,8,58681,2,0,53,34692
138800980,1074109367,80,39128,TCP,1521118750479019,1500,4,5,8,58682,2,0,53,34691
138800980,1074109367,80,39128,TCP,1521118750479021,1500,4,5,8,58683,2,0,53,34690
138800980,1074109367,80,39128,TCP,1521118750479022,1500,4,5,8,58684,2,0,53,34689
793860940,3978971484,80,56590,TCP,1521118750479023,40,4,5,0,5398,2,0,43,31126
138800980,1074109367,80,39128,TCP,1521118750479023,1500,4,5,8,58685,2,0,53,34688
138800980,1074109367,80,39128,TCP,1521118750479025,1500,4,5,8,58686,2,0,53,34687
138800980,1074109367,80,39128,TCP,1521118750479026,1500,4,5,8,58687,2,0,53,34686
138800980,1074109367,80,39128,TCP,1521118750479027,1500,4,5,8,58688,2,0,53,34685
138800980,1074109367,80,39128,TCP,1521118750479028,1500,4,5,8,58689,2,0,53,34684
138800980,1074109367,80,39128,TCP,1521118750479030,1500,4,5,8,58690,2,0,53,34683
138800980,1074109367,80,39128,TCP,1521118750479031,1500,4,5,8,58691,2,0,53,34682
1226551553,3978971485,443,5884,TCP,1521118750479033,1500,4,5,0,45127,2,0,241,41775
3741785781,3978971490,443,14946,TCP,1521118750479034,52,4,5,0,4525,2,0,248,15565
138800980,1074109367,80,39128,TCP,1521118750479034,1500,4,5,8,58692,2,0,53,34681
138800980,1074109367,80,39128,TCP,1521118750479035,1500,4,5,8,58693,2,0,53,34680
138800980,1074109367,80,39128,TCP,1521118750479037,1500,4,5,8,58694,2,0,53,34679
138800980,1074109367,80,39128,TCP,1521118750479038,1500,4,5,8,58695,2,0,53,34678
269242575,3978971484,80,19486,TCP,1521118750479039,1480,4,5,0,24648,2,0,58,17286
138800980,1074109367,80,39128,TCP,1521118750479040,1500,4,5,8,58696,2,0,53,34677
269242575,3978971484,80,19486,TCP,1521118750479042,1480,4,5,0,24649,2,0,58,17285
1226551553,3978971485,443,5884,TCP,1521118750479043,304,4,5,0,45128,2,0,241,42970
138800980,1074109367,80,39128,TCP,1521118750479043,1500,4,5,8,58697,2,0,53,34676
138800980,1074109367,80,39128,TCP,1521118750479045,1500,4,5,8,58698,2,0,53,34675
138800980,1074109367,80,39128,TCP,1521118750479046,1500,4,5,8,58699,2,0,53,34674
138800980,1074109367,80,39128,TCP,1521118750479048,1500,4,5,8,58700,2,0,53,34673
138800980,1074109367,80,39128,TCP,1521118750479049,1500,4,5,8,58701,2,0,53,34672
3556629676,3256819999,52112,11678,UDP,1521118750479050,41,4,5,0,15008,2,0,122,12859
138800980,1074109367,80,39128,TCP,1521118750479050,1500,4,5,8,58702,2,0,53,34671
138800980,1074109367,80,39128,TCP,1521118750479052,1500,4,5,8,58703,2,0,53,34670
138800980,1074109367,80,39128,TCP,1521118750479053,1500,4,5,8,58704,2,0,53,34669
138800980,1074109367,80,39128,TCP,1521118750479054,1500,4,5,8,58705,2,0,53,34668
138800980,1074109367,80,39128,TCP,1521118750479055,1500,4,5,8,58706,2,0,53,34667
138800980,1074109367,80,39128,TCP,1521118750479057,1500,4,5,8,58707,2,0,53,34666
1962370036,1962334114,51353,1485,UDP,1521118750479058,1287,4,5,24,52922,2,0,58,18319
2141754651,3390898563,7079,49397,TCP,1521118750479059,1294,4,5,0,63696,2,0,58,25269
138800980,1074109367,80,39128,TCP,1521118750479061,1500,4,5,8,58708,2,0,53,34665
138800980,1074109367,80,39128,TCP,1521118750479062,1500,4,5,8,58709,2,0,53,34664
138800980,1074109367,80,39128,TCP,1521118750479063,1500,4,5,8,58710,2,0,53,34663
2211447537,3443987580,61456,50275,UDP,1521118750479064,186,4,5,0,10529,2,0,115,30093
796330449,4041192770,443,62121,TCP,1521118750479065,40,4,5,8,28123,2,0,237,16514
138800980,1074109367,80,39128,TCP,1521118750479065,1500,4,5,8,58711,2,0,53,34662
138800980,1074109367,80,39128,TCP,1521118750479066,1500,4,5,8,58712,2,0,53,34661
138800980,1074109367,80,39128,TCP,1521118750479067,1500,4,5,8,58713,2,0,53,34660
1842276391,2205355001,63566,51627,TCP,1521118750479068,40,4,5,0,13950,2,0,51,11248
138800980,1074109367,80,39128,TCP,1521118750479069,1500,4,5,8,58714,2,0,53,34659
3494302117,4109935998,443,45107,TCP,1521118750479070,120,4,5,0,1570,2,0,56,65530
2381068955,3890314060,53,65137,UDP,1521118750479070,261,4,5,0,0,2,0,54,6195
1699834439,3233196661,443,50418,TCP,1521118750479070,1500,4,5,0,55390,2,0,57,10489
1699834439,3233196661,443,50418,TCP,1521118750479071,1500,4,5,0,55391,2,0,57,10488
1053370443,3484897608,443,2234,TCP,1521118750479073,40,4,5,0,57667,2,0,240,8568
1304313421,3454856602,443,2234,UDP,1521118750479073,38,4,5,0,29532,0,172,115,35884
1962370036,1962334114,51353,1485,UDP,1521118750479073,1287,4,5,24,52923,2,0,58,18318
2260923212,3396740946,1935,2930,TCP,1521118750479075,97,4,5,0,18944,2,0,55,36287
504317775,3472993356,443,59492,TCP,1521118750479078,1450,4,5,0,45351,2,0,91,34938
504317775,3472993356,443,59492,TCP,1521118750479080,1450,4,5,0,45352,2,0,91,34937
1699834467,3608343554,443,45017,TCP,1521118750479082,1400,4,5,0,15758,2,0,57,25640
504317775,3472993356,443,59492,TCP,1521118750479084,1450,4,5,0,45353,2,0,91,34936
504317775,3472993356,443,59492,TCP,1521118750479085,1450,4,5,0,45354,2,0,91,34935
3877058099,4030665138,443,59492,TCP,1521118750479087,1304,4,5,32,28762,2,0,248,60924
2260923251,3242277293,1935,44040,TCP,1521118750479088,97,4,5,0,61462,2,0,55,56923
4114527027,3558786717,27861,5864,UDP,1521118750479091,48,4,5,0,31020,0,0,115,35682
1067495545,4102003830,80,57165,TCP,1521118750479094,52,4,5,0,57063,2,0,237,11724
2302893950,3484683469,34047,30705,UDP,1521118750479095,1455,4,5,0,9640,0,0,114,22611
739993913,3978971487,443,50402,TCP,1521118750479101,1500,4,5,0,31898,2,0,241,15267
1450557624,4225762697,59141,49472,UDP,1521118750479102,358,4,5,12,5180,0,0,109,8104
2353100499,1074109393,80,54183,TCP,1521118750479102,627,4,5,0,24884,2,0,58,65125
4106728455,3242264157,80,57290,TCP,1521118750479103,1420,4,5,0,3113,2,0,59,48597
4106728455,3242264157,80,57290,TCP,1521118750479104,1420,4,5,0,3114,2,0,59,48596
739993913,3978971487,443,50402,TCP,1521118750479105,1500,4,5,0,31899,2,0,241,15266
942637450,1074109374,443,47741,TCP,1521118750479111,1500,4,5,8,50116,2,0,246,9682
1280628307,3349715170,54973,42724,UDP,1521118750479113,258,4,5,0,9088,2,0,122,22840
739948031,3978971493,443,63126,TCP,1521118750479113,52,4,5,0,7608,2,0,240,21602
942637450,1074109374,443,47741,TCP,1521118750479116,1500,4,5,8,50117,2,0,246,9681
942637450,1074109374,443,47741,TCP,1521118750479118,1500,4,5,8,50118,2,0,246,9680
942637450,1074109374,443,47741,TCP,1521118750479121,1500,4,5,8,50119,2,0,246,9679
1962370036,1962334114,51353,1485,UDP,1521118750479122,1287,4,5,24,52924,2,0,58,18317
942637450,1074109374,443,47741,TCP,1521118750479126,1500,4,5,8,50120,2,0,246,9678
942637450,1074109374,443,47741,TCP,1521118750479129,1500,4,5,8,50121,2,0,246,9677
942637450,1074109374,443,47741,TCP,1521118750479131,1500,4,5,8,50122,2,0,246,9676
942637450,1074109374,443,47741,TCP,1521118750479132,1500,4,5,8,50123,2,0,246,9675
796568101,4041960587,443,26717,TCP,1521118750479134,52,4,5,0,53726,2,0,45,17615
942637450,1074109374,443,47741,TCP,1521118750479138,1500,4,5,8,50124,2,0,246,9674
799210139,3261529794,8000,49737,TCP,1521118750479139,1440,4,5,0,42212,2,0,240,62731
942637450,1074109374,443,47741,TCP,1521118750479140,1500,4,5,8,50125,2,0,246,9673
4106728455,3242264157,80,57290,TCP,1521118750479142,1420,4,5,0,3115,2,0,59,48595
1262717388,3472905749,119,26497,UDP,1521118750479143,1427,4,5,0,53210,2,0,59,28762
4106728455,3242264157,80,57290,TCP,1521118750479144,1420,4,5,0,3116,2,0,59,48594
942637450,1074109374,443,47741,TCP,1521118750479145,1500,4,5,8,50126,2,0,246,9672
942637450,1074109374,443,47741,TCP,1521118750479147,1500,4,5,8,50127,2,0,246,9671
4004411467,3484683487,10000,58395,UDP,1521118750479148,251,4,5,0,12995,2,0,52,53153
942637450,1074109374,443,47741,TCP,1521118750479148,1500,4,5,8,50128,2,0,246,9670
739663495,4041960793,443,44437,TCP,1521118750479150,52,4,5,0,8774,2,0,237,33435
718027167,3453618329,7008,60784,UDP,1521118750479150,51,4,5,9,58243,2,0,53,10063
790271742,4217677538,443,53441,TCP,1521118750479150,64,4,5,0,48876,2,0,46,9580
942637450,1074109374,443,47741,TCP,1521118750479150,1500,4,5,8,50129,2,0,246,9669
3306120868,3451407625,80,58076,TCP,1521118750479151,1412,4,5,0,56999,2,0,58,5719
3306120868,3451407625,80,58076,TCP,1521118750479152,1412,4,5,0,57000,2,0,58,5718
942637450,1074109374,443,47741,TCP,1521118750479153,1500,4,5,8,50130,2,0,246,9668
790612048,3352309995,56886,25,TCP,1521118750479155,58,4,5,0,42191,2,0,240,62914
942637450,1074109374,443,47741,TCP,1521118750479155,1500,4,5,8,50131,2,0,246,9667
3885269718,4104030614,443,51852,TCP,1521118750479157,40,4,5,0,61857,2,0,54,27278
942637450,1074109374,443,47741,TCP,1521118750479157,1500,4,5,8,50132,2,0,246,9666
942637450,1074109374,443,47741,TCP,1521118750479158,1500,4,5,8,50133,2,0,246,9665
4004411467,3484683487,10000,58395,UDP,1521118750479159,1243,4,5,0,12996,2,0,52,52160
942637450,1074109374,443,47741,TCP,1521118750479160,1500,4,5,8,50134,2,0,246,9664
942637450,1074109374,443,47741,TCP,1521118750479162,1500,4,5,8,50135,2,0,246,9663
942637450,1074109374,443,47741,TCP,1521118750479163,1500,4,5,8,50136,2,0,246,9662
2260923212,3391072996,1935,50824,TCP,1521118750479164,97,4,5,0,878,2,0,55,20758
942637450,1074109374,443,47741,TCP,1521118750479167,1500,4,5,8,50137,2,0,246,9661
1962370036,1962334114,51353,1485,UDP,1521118750479168,1187,4,5,24,52925,2,0,58,18416
3995694773,3450326556,58747,80,TCP,1521118750479169,40,4,5,0,53038,0,0,247,62461
942637450,1074109374,443,47741,TCP,1521118750479171,1500,4,5,8,50138,2,0,246,9660
942637450,1074109374,443,47741,TCP,1521118750479172,1500,4,5,8,50139,2,0,246,9659
2353100455,1074109429,443,44205,TCP,1521118750479173,52,4,5,0,62183,2,0,58,28409
2260923222,3391056117,1935,62801,TCP,1521118750479173,97,4,5,0,20325,2,0,55,18180
3756983464,3352051770,443,49338,TCP,1521118750479174,1400,4,5,0,64466,2,0,56,21775
3756983464,3352051770,443,49338,TCP,1521118750479175,1400,4,5,0,64467,2,0,56,21774
942637450,1074109374,443,47741,TCP,1521118750479176,1500,4,5,8,50140,2,0,246,9658
2075950837,3571852772,443,35592,TCP,1521118750479178,1015,4,5,0,23479,2,0,58,60365
942637450,1074109374,443,47741,TCP,1521118750479178,1500,4,5,8,50141,2,0,246,9657
3756983464,3352051770,443,49338,TCP,1521118750479180,1400,4,5,0,64468,2,0,56,21773
942637450,1074109374,443,47741,TCP,1521118750479184,1500,4,5,8,50142,2,0,246,9656
942637450,1074109374,443,47741,TCP,1521118750479185,1500,4,5,8,50143,2,0,246,9655
942637450,1074109374,443,47741,TCP,1521118750479188,1500,4,5,8,50144,2,0,246,9654
942637450,1074109374,443,47741,TCP,1521118750479191,1500,4,5,8,50145,2,0,246,9653
1962370036,1962334114,51353,1485,UDP,1521118750479192,1186,4,5,24,52926,2,0,58,18416
942637450,1074109374,443,47741,TCP,1521118750479197,1500,4,5,8,50146,2,0,246,9652
942637450,1074109374,443,47741,TCP,1521118750479199,1500,4,5,8,50147,2,0,246,9651
942637450,1074109374,443,47741,TCP,1521118750479200,1500,4,5,8,50148,2,0,246,9650
739993913,3978971487,443,50402,TCP,1521118750479202,1500,4,5,0,31900,2,0,241,15265
739993913,3978971487,443,50402,TCP,1521118750479205,1500,4,5,0,31901,2,0,241,15264
794532909,1962334046,80,58693,TCP,1521118750479209,607,4,5,0,25256,2,0,237,4371
942637450,1074109374,443,47741,TCP,1521118750479209,1500,4,5,8,50149,2,0,246,9649
942637450,1074109374,443,47741,TCP,1521118750479211,1500,4,5,8,50150,2,0,246,9648
942637450,1074109374,443,47741,TCP,1521118750479212,1500,4,5,8,50151,2,0,246,9647
2353100455,1074109429,443,44205,TCP,1521118750479214,52,4,5,0,62184,2,0,58,28408
942637450,1074109374,443,47741,TCP,1521118750479217,1500,4,5,8,50152,2,0,246,9646
1962370036,1962334114,51353,1485,UDP,1521118750479219,1065,4,5,24,52927,2,0,58,18536
1962370036,1962334114,51353,1485,UDP,1521118750479223,1065,4,5,24,52928,2,0,58,18535
942637450,1074109374,443,47741,TCP,1521118750479226,1500,4,5,8,50153,2,0,246,9645
942637450,1074109374,443,47741,TCP,1521118750479227,1500,4,5,8,50154,2,0,246,9644
942637450,1074109374,443,47741,TCP,1521118750479228,1500,4,5,8,50155,2,0,246,9643
942637450,1074109374,443,47741,TCP,1521118750479233,1500,4,5,8,50156,2,0,246,9642
1355804722,3390984279,1033,32323,UDP,1521118750479235,1454,4,5,0,495,0,0,116,58328
2260923251,3391003020,1935,50617,TCP,1521118750479236,97,4,5,0,48785,2,0,55,42788
942637450,1074109374,443,47741,TCP,1521118750479237,1500,4,5,8,50157,2,0,246,9641
3978969803,3978971488,39990,443,TCP,1521118750479238,52,4,5,0,60451,2,0,55,61727
356828622,3443994498,443,27532,TCP,1521118750479239,40,4,5,0,9469,2,0,241,36086
942637450,1074109374,443,47741,TCP,1521118750479240,1500,4,5,8,50158,2,0,246,9640
2056258359,3617733512,8195,8195,TCP,1521118750479241,101,4,5,0,28645,2,0,57,16572
942637450,1074109374,443,47741,TCP,1521118750479244,1500,4,5,8,50159,2,0,246,9639
942637450,1074109374,443,47741,TCP,1521118750479252,1500,4,5,8,50160,2,0,246,9638
739993913,3978971487,443,50402,TCP,1521118750479259,1500,4,5,0,31902,2,0,241,15263
739993913,3978971487,443,50402,TCP,1521118750479263,1500,4,5,0,31903,2,0,241,15262
2141754651,3391046495,7079,65248,TCP,1521118750479264,1294,4,5,0,40462,2,0,58,31641
2302893950,3484683469,34047,30705,UDP,1521118750479267,1455,4,5,0,9641,0,0,114,22610
1962370036,1962334114,51353,1485,UDP,1521118750479270,1065,4,5,24,52929,2,0,58,18534
2280867179,3570033437,443,44556,TCP,1521118750479274,40,4,5,0,20970,2,0,51,61599
3877058099,4030665138,443,44556,TCP,1521118750479279,1464,4,5,32,28810,2,0,248,60716
942637450,1074109374,443,47741,TCP,1521118750479280,1500,4,5,8,50145,2,0,246,9653
942637450,1074109374,443,47741,TCP,1521118750479282,1500,4,5,8,50146,2,0,246,9652
942637450,1074109374,443,47741,TCP,1521118750479283,1500,4,5,8,50147,2,0,246,9651
942637450,1074109374,443,47741,TCP,1521118750479284,1500,4,5,8,50148,2,0,246,9650
942637450,1074109374,443,47741,TCP,1521118750479286,1500,4,5,8,50149,2,0,246,9649
942637450,1074109374,443,47741,TCP,1521118750479287,1500,4,5,8,50150,2,0,246,9648
739993913,3978971487,443,50402,TCP,1521118750479288,1500,4,5,0,31904,2,0,241,15261
739993913,3978971487,443,50402,TCP,1521118750479289,1500,4,5,0,31905,2,0,241,15260
942637450,1074109374,443,47741,TCP,1521118750479291,1500,4,5,8,50151,2,0,246,9647
942637450,1074109374,443,47741,TCP,1521118750479292,1500,4,5,8,50152,2,0,246,9646
942637450,1074109374,443,47741,TCP,1521118750479293,1500,4,5,8,50153,2,0,246,9645
942637450,1074109374,443,47741,TCP,1521118750479295,1500,4,5,8,50154,2,0,246,9644
942637450,1074109374,443,47741,TCP,1521118750479296,1500,4,5,8,50155,2,0,246,9643
2269646128,3353372645,52087,62813,UDP,1521118750479298,76,4,5,0,59157,2,0,58,38221
269242601,3978971486,443,29652,TCP,1521118750479298,52,4,5,0,391,2,0,58,42943
739993913,3978971487,443,50402,TCP,1521118750479302,1500,4,5,0,31906,2,0,241,15259
739993913,3978971487,443,50402,TCP,1521118750479304,1500,4,5,0,31907,2,0,241,15258
2260923251,3237900303,1935,52898,TCP,1521118750479310,97,4,5,0,61585,2,0,55,42945
1842240178,3390997148,35325,55526,TCP,1521118750479312,1480,4,5,0,11981,2,0,117,48167
3972760872,3447537964,22858,61448,TCP,1521118750479315,52,4,5,0,1096,2,0,115,33502
1962370036,1962334114,51353,1485,UDP,1521118750479316,1067,4,5,24,52930,2,0,58,18531
1962370036,1962334114,51353,1485,UDP,1521118750479317,1067,4,5,24,52931,2,0,58,18530
538542359,3390957442,41972,55446,UDP,1521118750479318,48,4,5,0,16131,0,0,117,46057
3766937918,3349866806,443,2170,TCP,1521118750479323,1400,4,5,32,41642,2,0,61,6927
3766937918,3349866806,443,2170,TCP,1521118750479324,1400,4,5,32,41643,2,0,61,6926
799649700,3978971497,443,43900,TCP,1521118750479327,52,4,5,0,5972,2,0,240,23950
739993913,3978971487,443,50402,TCP,1521118750479339,1500,4,5,0,31908,2,0,241,15257
270453035,3390571947,443,50402,TCP,1521118750479340,80,4,5,192,42310,0,0,54,13722
2559863274,3353250621,80,53565,TCP,1521118750479341,40,4,5,0,64595,2,0,58,61153
4217867219,1074109250,80,49204,TCP,1521118750479342,1500,4,5,0,22330,2,0,59,32863
564342951,1962334029,9482,48172,TCP,1521118750479344,52,4,5,0,64083,2,0,60,42466
2510584855,3455830190,443,49598,TCP,1521118750479344,1452,4,5,0,23338,0,0,59,30396
739993913,3978971487,443,50402,TCP,1521118750479345,1500,4,5,0,31909,2,0,241,15256
790729470,3978971488,443,32790,TCP,1521118750479353,52,4,5,0,14634,2,0,240,22767
2377634709,3390995114,443,42713,TCP,1521118750479356,564,4,5,0,59384,2,0,60,44725
2377634709,3390995114,443,42713,TCP,1521118750479357,564,4,5,0,59385,2,0,60,44724
4217867219,1074109250,80,49204,TCP,1521118750479357,1500,4,5,0,22331,2,0,59,32862
738449134,3978971497,443,54306,TCP,1521118750479369,529,4,5,0,26283,2,0,241,59317
1962370036,1962334114,51353,1485,UDP,1521118750479370,1106,4,5,24,52932,2,0,58,18490
4217867219,1074109250,80,49204,TCP,1521118750479371,1500,4,5,0,22332,2,0,59,32861
3992029082,2324810533,80,49204,TCP,1521118750479372,60,4,5,0,38238,2,0,52,58911
269242580,3978971488,80,27224,TCP,1521118750479373,1466,4,5,0,56081,2,0,58,51393
2260923222,3391007263,1935,58165,TCP,1521118750479374,97,4,5,0,29297,2,0,55,58062
3885270025,3223173357,443,50093,TCP,1521118750479374,1400,4,5,0,17651,2,0,54,5604
3885270025,3223173357,443,50093,TCP,1521118750479375,716,4,5,0,17652,2,0,54,6287
3885270025,3223173357,443,50093,TCP,1521118750479376,78,4,5,0,17653,2,0,54,6924
3995689490,2332397869,80,27485,TCP,1521118750479378,1480,4,5,0,62700,2,0,58,55764
3995689490,2332397869,80,27485,TCP,1521118750479379,1480,4,5,0,62701,2,0,58,55763
3978969803,3978971488,39990,443,TCP,1521118750479381,103,4,5,0,60452,2,0,55,61675
4106699041,3347600936,109,36787,UDP,1521118750479381,1473,4,5,0,37718,2,0,56,22076
2087079079,3348631271,11028,31359,UDP,1521118750479382,32,4,5,0,0,2,0,52,42816
4217867219,1074109250,80,49204,TCP,1521118750479383,1500,4,5,0,22333,2,0,59,32860
738426702,3978971493,443,3672,TCP,1521118750479387,1500,4,5,0,42672,2,0,240,64649
461936986,3349791224,3724,59920,TCP,1521118750479388,166,4,5,0,49502,2,0,54,17519
4217867219,1074109250,80,49204,TCP,1521118750479392,1500,4,5,0,22334,2,0,59,32859
3766890141,3450240834,443,56385,TCP,1521118750479394,1454,4,5,0,62736,2,0,59,59692
1962370036,1962334114,51353,1485,UDP,1521118750479395,1106,4,5,24,52933,2,0,58,18489
3766890141,3450240834,443,56385,TCP,1521118750479396,1454,4,5,0,62737,2,0,59,59691
738426702,3978971493,443,3672,TCP,1521118750479398,1500,4,5,0,42673,2,0,240,64648
718026144,846849341,6008,61782,UDP,1521118750479401,107,4,5,9,34247,2,0,55,17807
738426702,3978971493,443,3672,TCP,1521118750479402,1500,4,5,0,42674,2,0,240,64647
277995027,3257636244,49319,49947,UDP,1521118750479404,818,4,5,0,1916,2,0,119,45786
4217867219,1074109250,80,49204,TCP,1521118750479404,1500,4,5,0,22335,2,0,59,32858
2260923222,3391007793,1935,59880,TCP,1521118750479408,97,4,5,0,62021,2,0,55,24808
739993913,3978971487,443,50402,TCP,1521118750479409,1500,4,5,0,31910,2,0,241,15255
1879229546,1962333960,443,50402,TCP,1521118750479410,68,4,5,8,5876,0,0,53,61009
2076077415,3484917376,8200,47396,UDP,1521118750479412,68,4,5,0,2934,2,0,48,59349
738426702,3978971493,443,3672,TCP,1521118750479414,1500,4,5,0,42675,2,0,240,64646
739993913,3978971487,443,50402,TCP,1521118750479415,1500,4,5,0,31911,2,0,241,15254
1075838391,1074109373,443,33630,TCP,1521118750479416,1500,4,5,160,59966,2,0,58,13988
1260519580,3390872725,8999,43116,UDP,1521118750479417,48,4,5,0,22341,0,0,113,16392
4217867219,1074109250,80,49204,TCP,1521118750479418,1500,4,5,0,22336,2,0,59,32857
3885270326,3447541211,443,55884,TCP,1521118750479420,40,4,5,0,48648,2,0,54,65187
3306120868,3451407625,80,58076,TCP,1521118750479422,1412,4,5,0,57001,2,0,58,5717
2171066610,3390961468,63290,49759,UDP,1521118750479423,1308,4,5,0,17847,0,0,117,57189
1962370036,1962334114,51353,1485,UDP,1521118750479424,1068,4,5,24,52934,2,0,58,18526
277995027,3257636244,49319,49947,UDP,1521118750479425,1337,4,5,0,1917,2,0,119,45266
1962358044,4217677069,80,49418,TCP,1521118750479428,1492,4,5,0,57162,2,0,60,3924
1075838391,1074109373,443,33630,TCP,1521118750479429,1500,4,5,160,59967,2,0,58,13987
796369443,3454818642,443,55221,TCP,1521118750479431,71,4,5,8,8908,2,0,237,29187
4217867219,1074109250,80,49204,TCP,1521118750479432,1500,4,5,0,22337,2,0,59,32856
1075838391,1074109373,443,33630,TCP,1521118750479435,988,4,5,160,59968,2,0,58,14498
1589665537,0,443,33630,TCP,1521118750479439,0,6,0,0,281,0,4408,217,5632
1962358044,4217677069,80,49418,TCP,1521118750479440,1492,4,5,0,57163,2,0,60,3923
232388860,3349900533,24000,42731,UDP,1521118750479442,164,4,5,8,46858,2,0,46,22976
4217867219,1074109250,80,49204,TCP,1521118750479442,1500,4,5,0,22338,2,0,59,32855
1962370036,1962334114,51353,1485,UDP,1521118750479443,1068,4,5,24,52935,2,0,58,18525
2260923222,3242278314,1935,44818,TCP,1521118750479444,97,4,5,0,3290,2,0,55,48568
2390870740,3571692396,443,4337,TCP,1521118750479445,1492,4,5,0,1907,2,0,57,21259
2523396914,1235569146,61483,445,TCP,1521118750479448,40,4,5,0,11639,2,0,114,46623
1075838391,1074109373,443,33630,TCP,1521118750479449,1500,4,5,160,59969,2,0,58,13985
2141754651,2345958460,7079,1351,TCP,1521118750479450,1294,4,5,0,55046,2,0,58,18447
738426702,3978971493,443,3672,TCP,1521118750479451,1500,4,5,0,42676,2,0,240,64645
1226551553,3978971496,443,38054,TCP,1521118750479452,529,4,5,0,8831,2,0,241,13496
564342951,1962334029,9482,48172,TCP,1521118750479453,52,4,5,0,64084,2,0,60,42465
4217867219,1074109250,80,49204,TCP,1521118750479455,1500,4,5,0,22339,2,0,59,32854
738426702,3978971493,443,3672,TCP,1521118750479458,1500,4,5,0,42677,2,0,240,64644
738426702,3978971493,443,3672,TCP,1521118750479459,253,4,5,0,42678,2,0,240,355
1075838391,1074109373,443,33630,TCP,1521118750479461,1500,4,5,160,59970,2,0,58,13984
1962370036,1962334114,51353,1485,UDP,1521118750479463,1066,4,5,24,52936,2,0,58,18526
1670205591,1962334115,45474,1485,UDP,1521118750479465,296,4,5,24,46407,2,0,57,35495
4217867219,1074109250,80,49204,TCP,1521118750479466,1500,4,5,0,22340,2,0,59,32853
1075838391,1074109373,443,33630,TCP,1521118750479469,1164,4,5,160,59971,2,0,58,14319
1355613369,3347600854,38275,12804,TCP,1521118750479470,40,4,5,0,19534,2,0,116,18333
1765346706,3391038523,16108,19003,UDP,1521118750479473,206,4,5,0,15568,0,0,120,41001
3366886240,3390839014,36880,59023,UDP,1521118750479475,1088,4,5,0,18283,2,0,47,47408
356827995,2343838017,443,58661,TCP,1521118750479476,52,4,5,0,6069,2,0,239,61049
4217867219,1074109250,80,49204,TCP,1521118750479477,1500,4,5,0,22341,2,0,59,32852
1053830496,4041960822,80,49880,TCP,1521118750479482,60,4,5,0,0,2,0,238,49705
2141754651,3390933997,7079,49309,TCP,1521118750479486,1294,4,5,0,52664,2,0,58,867
1890391252,3474201406,10198,1051,UDP,1521118750479492,1453,4,5,0,6816,0,0,117,46540
4217867219,1074109250,80,49204,TCP,1521118750479493,1500,4,5,0,22342,2,0,59,32851
842254564,3618636312,5056,2103,UDP,1521118750479498,425,4,5,0,28928,2,0,121,47715
1264559323,3390943460,10008,3659,UDP,1521118750479501,268,4,5,0,57779,2,0,58,62192
4217867219,1074109250,80,49204,TCP,1521118750479504,1500,4,5,0,22343,2,0,59,32850
942637450,1074109374,443,47741,TCP,1521118750479507,1500,4,5,8,50238,2,0,246,9560
4217867219,1074109250,80,49204,TCP,1521118750479518,1500,4,5,0,22344,2,0,59,32849
942637450,1074109374,443,47741,TCP,1521118750479519,1500,4,5,8,50239,2,0,246,9559
3527241872,3618741206,443,60529,UDP,1521118750479520,1378,4,5,0,0,2,0,59,33845
3527241872,3618741206,443,60529,UDP,1521118750479521,1378,4,5,0,0,2,0,59,33845
942637450,1074109374,443,47741,TCP,1521118750479523,1500,4,5,8,50240,2,0,246,9558
1280619379,4215913555,8064,36317,TCP,1521118750479524,1450,4,5,0,22017,2,0,58,11752
3527255911,4030665106,443,37352,UDP,1521118750479525,1378,4,5,0,0,2,0,58,49172
3310683221,2317271739,53,34056,UDP,1521118750479526,1473,4,5,0,62411,0,0,59,28636
1962370036,1962334114,51353,1485,UDP,1521118750479528,1379,4,5,24,52937,2,0,58,18212
942637450,1074109374,443,47741,TCP,1521118750479529,1500,4,5,8,50241,2,0,246,9557
740685018,2270145449,80,53531,TCP,1521118750479531,1500,4,5,0,3696,2,0,240,8883
4217867219,1074109250,80,49204,TCP,1521118750479532,1500,4,5,0,22345,2,0,59,32848
1053638367,3569702563,443,46323,TCP,1521118750479533,52,4,5,0,15800,2,0,241,41718
942637450,1074109374,443,47741,TCP,1521118750479533,1500,4,5,8,50242,2,0,246,9556
139152287,3608343554,443,26333,TCP,1521118750479534,1400,4,5,0,19867,0,0,245,21477
139152287,3608343554,443,26333,TCP,1521118750479536,109,4,5,0,19868,0,0,245,22767
942637450,1074109374,443,47741,TCP,1521118750479536,1500,4,5,8,50243,2,0,246,9555
942637450,1074109374,443,47741,TCP,1521118750479537,1500,4,5,8,50244,2,0,246,9554
942637450,1074109374,443,47741,TCP,1521118750479538,1500,4,5,8,50245,2,0,246,9553
942637450,1074109374,443,47741,TCP,1521118750479540,1500,4,5,8,50246,2,0,246,9552
942637450,1074109374,443,47741,TCP,1521118750479541,1500,4,5,8,50247,2,0,246,9551
740685018,2270145449,80,53531,TCP,1521118750479542,1500,4,5,0,3697,2,0,240,8882
1053566828,4217677646,491,65153,TCP,1521118750479543,56,4,5,0,10567,2,0,113,55181
2260923251,3391043830,1935,55389,TCP,1521118750479543,97,4,5,0,44094,2,0,55,6669
4217867219,1074109250,80,49204,TCP,1521118750479544,1500,4,5,0,22346,2,0,59,32847
1962370036,1962334114,51353,1485,UDP,1521118750479545,1379,4,5,24,52938,2,0,58,18211
4217867219,1074109250,80,49204,TCP,1521118750479552,1500,4,5,0,22347,2,0,59,32846
1235721153,4225200978,443,43521,TCP,1521118750479556,1500,4,5,0,34422,2,0,58,24595
1235721153,4225200978,443,43521,TCP,1521118750479557,1500,4,5,0,34423,2,0,58,24594
1235721153,4225200978,443,43521,TCP,1521118750479559,1500,4,5,0,34424,2,0,58,24593
942637450,1074109374,443,47741,TCP,1521118750479560,1500,4,5,8,50246,2,0,246,9552
1235721153,4225200978,443,43521,TCP,1521118750479561,1500,4,5,0,34425,2,0,58,24592
1235721153,4225200978,443,43521,TCP,1521118750479562,1500,4,5,0,34426,2,0,58,24591
2260923222,3390910442,1935,50398,TCP,1521118750479564,97,4,5,0,62528,2,0,51,57141
1235721153,4225200978,443,43521,TCP,1521118750479564,1500,4,5,0,34427,2,0,58,24590
1235721153,4225200978,443,43521,TCP,1521118750479565,1500,4,5,0,34428,2,0,58,24589
2285203148,3560982193,80,55460,TCP,1521118750479566,1480,4,5,0,14315,2,0,55,62545
2285203148,3560982193,80,55460,TCP,1521118750479568,1480,4,5,0,14316,2,0,55,62544
1235721153,4225200978,443,43521,TCP,1521118750479569,1500,4,5,0,34429,2,0,58,24588
4217867219,1074109250,80,49204,TCP,1521118750479570,1500,4,5,0,22348,2,0,59,32845
685277613,3455830599,1507,55691,UDP,1521118750479571,48,4,5,0,9807,0,0,115,56997
1235721153,4225200978,443,43521,TCP,1521118750479571,1500,4,5,0,34430,2,0,58,24587
1235721153,4225200978,443,43521,TCP,1521118750479573,1500,4,5,0,34431,2,0,58,24586
740685018,2270145449,80,53531,TCP,1521118750479575,1500,4,5,0,3698,2,0,240,8881
790537571,3455736003,443,61102,TCP,1521118750479576,40,4,5,8,44561,2,0,237,58486
1235721153,4225200978,443,43521,TCP,1521118750479576,1500,4,5,0,34432,2,0,58,24585
1235721153,4225200978,443,43521,TCP,1521118750479577,1500,4,5,0,34433,2,0,58,24584
1235721153,4225200978,443,43521,TCP,1521118750479578,1500,4,5,0,34434,2,0,58,24583
3527394628,3399942817,5056,51893,UDP,1521118750479580,92,4,5,0,12342,2,0,120,28046
1218785612,3348719163,52712,1149,UDP,1521118750479580,1466,4,5,0,55,0,0,115,39478
4217867219,1074109250,80,49204,TCP,1521118750479581,1500,4,5,0,22349,2,0,59,32844
1235721153,4225200978,443,43521,TCP,1521118750479582,1500,4,5,0,34435,2,0,58,24582
564342951,1962334029,9482,48172,TCP,1521118750479584,52,4,5,0,64085,2,0,60,42464
1235721153,4225200978,443,43521,TCP,1521118750479584,1500,4,5,0,34436,2,0,58,24581
1235721153,4225200978,443,43521,TCP,1521118750479585,1500,4,5,0,34437,2,0,58,24580
1280619379,4215913555,8064,36317,TCP,1521118750479587,1294,4,5,0,22018,2,0,58,11907
1235721153,4225200978,443,43521,TCP,1521118750479588,1500,4,5,0,34438,2,0,58,24579
3744235922,3347521988,15152,49154,UDP,1521118750479589,51,4,5,0,62205,0,0,56,17842
1235721153,4225200978,443,43521,TCP,1521118750479589,1500,4,5,0,34439,2,0,58,24578
1235721153,4225200978,443,43521,TCP,1521118750479590,1500,4,5,0,34440,2,0,58,24577
1218785612,3348719163,52712,1149,UDP,1521118750479592,1466,4,5,0,56,0,0,115,39477
1235721153,4225200978,443,43521,TCP,1521118750479593,1500,4,5,0,34441,2,0,58,24576
740685018,2270145449,80,53531,TCP,1521118750479594,1500,4,5,0,3699,2,0,240,8880
4217867219,1074109250,80,49204,TCP,1521118750479596,1500,4,5,0,22350,2,0,59,32843
3306169084,3451531206,443,49876,TCP,1521118750479597,52,4,5,0,48505,2,0,246,57788
2302893950,3484683469,34047,30705,UDP,1521118750479597,1455,4,5,0,9642,0,0,114,22609
564342951,1962334029,9482,48172,TCP,1521118750479598,52,4,5,0,64086,2,0,60,42463
4217867219,1074109250,80,49204,TCP,1521118750479603,1500,4,5,0,22351,2,0,59,32842
3291977249,1074109394,53,61307,UDP,1521118750479607,311,4,5,0,52749,0,0,46,34680
938031650,3255953002,53147,58612,UDP,1521118750479612,213,4,5,0,18823,2,0,118,40969
4217867219,1074109250,80,49204,TCP,1521118750479613,1500,4,5,0,22352,2,0,59,32841
517385599,3347702545,80,25859,TCP,1521118750479619,1452,4,5,0,37620,2,0,59,12391
2353176962,1074109418,443,52720,TCP,1521118750479620,52,4,5,0,62909,2,0,60,16210
2487775489,3890314017,443,40857,TCP,1521118750479621,52,4,5,0,34646,2,0,55,21537
3955767496,1235573276,14484,445,TCP,1521118750479623,40,4,5,0,1009,2,0,112,16013
2302893950,3484683469,34047,30705,UDP,1521118750479626,1455,4,5,0,9643,0,0,114,22608
4217867219,1074109250,80,49204,TCP,1521118750479628,1500,4,5,0,22353,2,0,59,32840
356827995,2343838017,443,58661,TCP,1521118750479629,52,4,5,0,6070,2,0,239,61048
1962370036,1962334114,51353,1485,UDP,1521118750479629,1379,4,5,24,52939,2,0,58,18210
2141754651,3390613373,7079,40768,TCP,1521118750479631,1140,4,5,0,63297,2,0,58,48872
1235828074,3349796572,4877,4311,TCP,1521118750479632,1460,4,5,0,16831,2,0,54,55275
2141754651,3390571924,7079,47447,TCP,1521118750479636,1140,4,5,0,26935,2,0,58,61148
2513602416,3391056306,80,58121,TCP,1521118750479637,1500,4,5,0,29943,2,0,119,14352
139152287,3608343554,443,26333,TCP,1521118750479638,1400,4,5,0,19869,0,0,245,21475
139152287,3608343554,443,26333,TCP,1521118750479639,93,4,5,0,19870,0,0,245,22781
4217867219,1074109250,80,49204,TCP,1521118750479640,1500,4,5,0,22354,2,0,59,32839
1755360857,3890314074,53,2076,UDP,1521118750479642,109,4,5,0,38039,0,0,58,29107
139152287,3608343554,443,26333,TCP,1521118750479643,1400,4,5,0,19871,0,0,245,21473
139152287,3608343554,443,26333,TCP,1521118750479644,80,4,5,0,19872,0,0,245,22792
1067528304,3347703276,443,58622,TCP,1521118750479645,60,4,5,0,0,2,0,238,28468
1962370036,1962334114,51353,1485,UDP,1521118750479646,1233,4,5,24,52940,2,0,58,18355
2513602416,3391056306,80,58121,TCP,1521118750479648,1500,4,5,0,29944,2,0,119,14351
1792971868,1235578764,54578,445,TCP,1521118750479649,40,4,5,0,6089,2,0,114,14491
2141754651,3390613373,7079,40768,TCP,1521118750479649,194,4,5,0,63298,2,0,58,49817
517385419,3607512241,443,64313,TCP,1521118750479650,1492,4,5,0,45484,2,0,59,41246
4217867219,1074109250,80,49204,TCP,1521118750479652,1500,4,5,0,22355,2,0,59,32838
3672219554,1074109416,443,59132,TCP,1521118750479656,64,4,5,0,55424,2,0,60,4038
1055833897,2205392970,80,59984,TCP,1521118750479663,75,4,5,0,55498,2,0,44,21517
4217867219,1074109250,80,49204,TCP,1521118750479664,1500,4,5,0,22356,2,0,59,32837
517385419,3607512241,443,64313,TCP,1521118750479665,1492,4,5,0,45485,2,0,59,41245
3838932098,3472952792,7172,50241,TCP,1521118750479667,74,4,5,20,24182,2,0,54,45046
2487775489,3890314017,443,40857,TCP,1521118750479668,52,4,5,0,34647,2,0,55,21536
1235828074,3349796572,4877,4311,TCP,1521118750479671,1460,4,5,0,16832,2,0,54,55274
1962370036,1962334114,51353,1485,UDP,1521118750479673,1233,4,5,24,52941,2,0,58,18354
2197869179,3348631265,3306,27805,TCP,1521118750479674,40,4,5,8,21966,2,0,56,49412
4217867219,1074109250,80,49204,TCP,1521118750479675,1500,4,5,0,22357,2,0,59,32836
3877058099,4030665138,80,49204,TCP,1521118750479677,248,4,5,32,28811,2,0,248,61931
3672219569,1962334046,443,49867,TCP,1521118750479680,1500,4,5,0,56396,2,0,60,38375
3672219569,1962334046,443,49867,TCP,1521118750479681,1500,4,5,0,56397,2,0,60,38374
1792971868,1235578764,54578,445,TCP,1521118750479682,177,4,5,0,6090,2,0,114,14353
2141754651,3396736821,7079,2476,TCP,1521118750479682,1306,4,5,0,26709,2,0,58,56601
744337132,3347702736,443,49439,TCP,1521118750479684,1400,4,5,0,60352,2,0,232,6939
744337132,3347702736,443,49439,TCP,1521118750479685,109,4,5,0,60353,2,0,232,8229
3877058099,4030665138,443,49439,TCP,1521118750479685,392,4,5,32,28812,2,0,248,61786
3741534824,3350313966,443,51705,TCP,1521118750479686,52,4,5,0,29921,2,0,60,7383
2141754651,3390571924,7079,47447,TCP,1521118750479686,194,4,5,0,26936,2,0,58,62093
2260923251,3242265042,1935,64017,TCP,1521118750479686,97,4,5,0,55707,2,0,55,9394
4217867219,1074109250,80,49204,TCP,1521118750479687,1500,4,5,0,22358,2,0,59,32835
2260923251,3242277762,1935,51687,TCP,1521118750479688,97,4,5,0,29787,2,0,55,22594
1055833897,2205392970,80,59984,TCP,1521118750479688,52,4,5,0,55499,2,0,44,21539
2487775489,3890314017,443,40857,TCP,1521118750479689,52,4,5,0,34648,2,0,55,21535
1962370036,1962334114,51353,1485,UDP,1521118750479691,1231,4,5,24,52942,2,0,58,18355
3672219569,1962334046,443,49867,TCP,1521118750479693,1500,4,5,0,56398,2,0,60,38373
3672219569,1962334046,443,49867,TCP,1521118750479694,1500,4,5,0,56399,2,0,60,38372
4217867219,1074109250,80,49204,TCP,1521118750479700,1500,4,5,0,22359,2,0,59,32834
3502187954,3453738511,443,26750,TCP,1521118750479702,1480,4,5,0,2556,2,0,240,55510
271675609,1074109386,443,50273,TCP,1521118750479710,405,4,5,0,2943,2,0,58,55050
4217867219,1074109250,80,49204,TCP,1521118750479712,1500,4,5,0,22360,2,0,59,32833
790537571,3455736003,443,61102,TCP,1521118750479713,86,4,5,8,44562,2,0,237,58439
799091495,2319915557,42032,53,UDP,1521118750479713,67,4,5,0,6296,2,0,241,29149
2197869179,3348631265,3306,27805,TCP,1521118750479716,51,4,5,8,21967,2,0,56,49400
740685018,2270145449,80,53531,TCP,1521118750479718,1500,4,5,0,3700,2,0,240,8879
2559863274,3353250621,80,53565,TCP,1521118750479719,40,4,5,0,64596,2,0,58,61152
1962370036,1962334114,51353,1485,UDP,1521118750479724,1471,4,5,24,52943,2,0,58,18114
800783747,3347702009,443,46485,TCP,1521118750479726,64,4,5,0,14460,2,0,237,32634
4217867219,1074109250,80,49204,TCP,1521118750479726,1500,4,5,0,22361,2,0,59,32832
1907771105,3617809876,12532,2201,TCP,1521118750479728,1400,4,5,0,24240,2,0,116,44224
3494302127,3336551875,443,41802,TCP,1521118750479729,40,4,5,0,59640,2,0,56,13118
942637450,1074109374,443,47741,TCP,1521118750479733,1500,4,5,8,50305,2,0,246,9493
2277879271,3390990589,993,63259,TCP,1521118750479734,1500,4,5,0,59752,2,0,56,60138
942637450,1074109374,443,47741,TCP,1521118750479735,1500,4,5,8,50306,2,0,246,9492
3672219569,1962334046,443,49867,TCP,1521118750479737,684,4,5,0,56400,2,0,60,39187
942637450,1074109374,443,47741,TCP,1521118750479737,1500,4,5,8,50307,2,0,246,9491
4217867219,1074109250,80,49204,TCP,1521118750479739,1500,4,5,0,22362,2,0,59,32831
2487475774,3569566770,80,49204,TCP,1521118750479740,56,4,5,0,15492,0,0,58,47305
942637450,1074109374,443,47741,TCP,1521118750479740,1500,4,5,8,50308,2,0,246,9490
942637450,1074109374,443,47741,TCP,1521118750479742,1500,4,5,8,50309,2,0,246,9489
228554005,3390574967,443,43833,TCP,1521118750479743,60,4,5,0,0,2,0,241,11128
942637450,1074109374,443,47741,TCP,1521118750479743,1500,4,5,8,50310,2,0,246,9488
942637450,1074109374,443,47741,TCP,1521118750479744,1500,4,5,8,50311,2,0,246,9487
942637450,1074109374,443,47741,TCP,1521118750479746,1500,4,5,8,50312,2,0,246,9486
139068308,3223218357,80,60249,TCP,1521118750479747,579,4,5,0,64466,2,0,244,21552
3526909226,3607623181,63076,61039,UDP,1521118750479747,65,4,5,0,26228,2,0,120,40895
942637450,1074109374,443,47741,TCP,1521118750479747,1500,4,5,8,50313,2,0,246,9485
517385575,4223552029,8080,54051,TCP,1521118750479749,1492,4,5,0,27815,2,0,59,47971
3366886240,3390839014,36880,59023,UDP,1521118750479750,1088,4,5,0,18284,2,0,47,47407
942637450,1074109374,443,47741,TCP,1521118750479751,1500,4,5,8,50314,2,0,246,9484
4217867219,1074109250,80,49204,TCP,1521118750479752,1500,4,5,0,22363,2,0,59,32830
2140679974,4093838473,58812,36854,UDP,1521118750479754,1164,4,5,0,16991,0,0,54,38583
741768668,4109936437,443,4328,TCP,1521118750479757,52,4,5,0,32039,2,0,240,51035
4217867219,1074109250,80,49204,TCP,1521118750479761,1500,4,5,0,22364,2,0,59,32829
1962370036,1962334114,51353,1485,UDP,1521118750479762,1470,4,5,24,52944,2,0,58,18114
88231723,3349796402,5098,1065,UDP,1521118750479763,143,4,5,0,11488,0,0,112,11061
2277879271,3390990589,993,63259,TCP,1521118750479763,1500,4,5,0,59753,2,0,56,60137
2141754651,3390966080,7079,49399,TCP,1521118750479771,1294,4,5,0,30173,2,0,58,56810
3992032822,842932778,443,56226,TCP,1521118750479772,1450,4,5,0,53032,2,0,87,30357
710875635,3484881426,9675,21666,TCP,1521118750479774,108,4,5,0,20825,2,0,116,36631
3992032822,842932778,443,56226,TCP,1521118750479774,1450,4,5,0,53033,2,0,87,30356
4217867219,1074109250,80,49204,TCP,1521118750479775,1500,4,5,0,22365,2,0,59,32828
3584920382,3484728517,80,2628,TCP,1521118750479777,203,4,5,0,46490,0,0,246,8492
743041868,3352312477,443,55425,TCP,1521118750479779,177,4,5,0,14933,2,0,49,62702
2621945125,3353370814,24405,81,TCP,1521118750479782,40,4,5,0,41821,0,0,240,44390
4217867219,1074109250,80,49204,TCP,1521118750479787,1500,4,5,0,22366,2,0,59,32827
1075838391,1074109373,443,33630,TCP,1521118750479793,1500,4,5,160,59972,2,0,58,13982
358760292,3455830224,443,52931,TCP,1521118750479795,1480,4,5,0,49128,2,0,243,54964
3672219569,1962334046,443,49867,TCP,1521118750479797,1500,4,5,0,56401,2,0,60,38370
3672219569,1962334046,443,49867,TCP,1521118750479798,1500,4,5,0,56402,2,0,60,38369
4217867219,1074109250,80,49204,TCP,1521118750479799,1500,4,5,0,22367,2,0,59,32826
3672219569,1962334046,443,49867,TCP,1521118750479800,1500,4,5,0,56403,2,0,60,38368
3672219569,1962334046,443,49867,TCP,1521118750479802,1500,4,5,0,56404,2,0,60,38367
740685018,2270145449,80,53531,TCP,1521118750479803,1500,4,5,0,3701,2,0,240,8878
1075838391,1074109373,443,33630,TCP,1521118750479804,1500,4,5,160,59973,2,0,58,13981
2260923222,3396736634,1935,63156,TCP,1521118750479805,97,4,5,0,63448,2,0,55,61620
3318818637,3334524847,18839,9090,TCP,1521118750479807,239,4,5,0,21267,2,0,121,10855
2260923246,3242272361,1935,51330,TCP,1521118750479807,97,4,5,0,31262,2,0,55,26525
739993913,3978971487,443,50402,TCP,1521118750479809,1500,4,5,0,31912,2,0,241,15253
739993913,3978971487,443,50402,TCP,1521118750479810,543,4,5,0,31913,2,0,241,16209
4217867219,1074109250,80,49204,TCP,1521118750479811,1500,4,5,0,22368,2,0,59,32825
800557487,1962334010,80,46053,TCP,1521118750479812,52,4,5,0,60222,2,0,235,40685
1962370036,1962334114,51353,1485,UDP,1521118750479814,1218,4,5,24,52945,2,0,58,18365
1075838391,1074109373,443,33630,TCP,1521118750479817,1500,4,5,160,59974,2,0,58,13980
740793134,3338140904,80,47284,TCP,1521118750479818,60,4,5,0,0,2,0,237,646
138701718,3233185819,80,49234,TCP,1521118750479818,1347,4,5,0,39162,0,0,246,29198
138701718,3233185819,80,49234,TCP,1521118750479819,1347,4,5,0,39163,0,0,246,29197
4217867219,1074109250,80,49204,TCP,1521118750479823,1500,4,5,0,22369,2,0,59,32824
718026217,3453656624,7008,42711,UDP,1521118750479825,118,4,5,9,35506,2,0,54,60667
1075838391,1074109373,443,33630,TCP,1521118750479826,1500,4,5,160,59975,2,0,58,13979
3741785781,3978971484,443,35510,TCP,1521118750479829,52,4,5,0,44529,2,0,248,41102
4217867219,1074109250,80,49204,TCP,1521118750479835,1500,4,5,0,22370,2,0,59,32823
3672219569,1962334046,443,49867,TCP,1521118750479837,1500,4,5,0,56405,2,0,60,38366
3672219569,1962334046,443,49867,TCP,1521118750479838,1500,4,5,0,56406,2,0,60,38365
3672219569,1962334046,443,49867,TCP,1521118750479840,1500,4,5,0,56407,2,0,60,38364
2203899684,3223214912,465,47929,TCP,1521118750479841,142,4,5,0,39729,2,0,55,12889
3672219569,1962334046,443,49867,TCP,1521118750479841,1500,4,5,0,56408,2,0,60,38363
1589709182,0,443,49867,TCP,1521118750479842,0,6,0,0,342,0,4408,217,5632
2340594942,1962333969,65309,443,TCP,1521118750479845,52,4,5,0,0,2,0,51,52027
741768668,4109936437,443,4328,TCP,1521118750479846,1480,4,5,0,32040,2,0,240,49606
2340594942,1962333969,65309,443,TCP,1521118750479847,52,4,5,0,0,2,0,51,52027
3672201779,1962334029,443,42204,TCP,1521118750479848,52,4,5,0,29382,2,0,61,18853
741768668,4109936437,443,4328,TCP,1521118750479848,1480,4,5,0,32041,2,0,240,49605
2565066989,3324003055,38021,80,TCP,1521118750479849,40,4,5,0,54321,0,0,244,32701
4217867219,1074109250,80,49204,TCP,1521118750479851,1500,4,5,0,22371,2,0,59,32822
1962370036,1962334114,51353,1485,UDP,1521118750479854,1218,4,5,24,52946,2,0,58,18364
1208734521,3353371821,53,28590,UDP,1521118750479858,75,4,5,0,9591,0,0,109,57432
741768668,4109936437,443,4328,TCP,1521118750479859,1292,4,5,0,32042,2,0,240,49792
4217867219,1074109250,80,49204,TCP,1521118750479862,1500,4,5,0,22372,2,0,59,32821
3585292040,3349715154,443,51691,TCP,1521118750479863,291,4,5,0,25026,2,0,54,29916
1842212215,4030689915,42488,1412,UDP,1521118750479866,1452,4,5,0,54768,0,0,52,60752
4217867219,1074109250,80,49204,TCP,1521118750479874,1500,4,5,0,22373,2,0,59,32820
1218785612,3348719163,52712,1149,UDP,1521118750479879,1466,4,5,0,57,0,0,115,39476
1962370036,1962334114,51353,1485,UDP,1521118750479881,1218,4,5,24,52947,2,0,58,18363
816296514,3455008405,80,39168,TCP,1521118750479882,1320,4,5,0,30296,2,0,47,57609
3672219569,1962334046,443,49867,TCP,1521118750479883,1500,4,5,0,56409,2,0,60,38362
3672219569,1962334046,443,49867,TCP,1521118750479884,1500,4,5,0,56410,2,0,60,38361
1623011302,3472982775,80,51851,TCP,1521118750479885,1492,4,5,0,870,2,0,57,22050
4217867219,1074109250,80,49204,TCP,1521118750479887,1500,4,5,0,22374,2,0,59,32819
3672219569,1962334046,443,49867,TCP,1521118750479888,1500,4,5,0,56411,2,0,60,38360
3672219569,1962334046,443,49867,TCP,1521118750479889,1500,4,5,0,56412,2,0,60,38359
2340498649,1962334015,24939,80,TCP,1521118750479890,40,4,5,0,11140,2,0,114,55483
1226518379,3978971499,443,5036,TCP,1521118750479891,52,4,5,0,50470,2,0,241,5505
1623011302,3472982775,80,51851,TCP,1521118750479896,1492,4,5,0,871,2,0,57,22049
4217867219,1074109250,80,49204,TCP,1521118750479898,1500,4,5,0,22375,2,0,59,32818
739851840,3978971497,443,23366,TCP,1521118750479902,361,4,5,0,51671,2,0,240,7882
740004005,3978971491,443,54308,TCP,1521118750479903,52,4,5,0,24970,2,0,240,13803
3741785781,3978971484,443,51500,TCP,1521118750479904,465,4,5,0,19939,2,0,248,65279
3585853415,3617749146,443,43470,TCP,1521118750479904,89,4,5,0,19664,2,0,54,2543
4217867219,1074109250,80,49204,TCP,1521118750479909,1500,4,5,0,22376,2,0,59,32817
1701631431,3447688526,9637,23444,TCP,1521118750479910,40,4,5,0,0,2,0,56,44238
3272940864,3223150537,15360,58695,UDP,1521118750479911,48,4,5,16,31263,0,0,118,51793
788825964,1074109332,443,43978,TCP,1521118750479915,40,4,5,0,50457,2,0,239,13484
2263449026,3390571996,80,37004,TCP,1521118750479921,1140,4,5,0,19774,2,0,56,7334
3585093881,3571889293,5222,35370,TCP,1521118750479922,1480,4,5,0,29891,2,0,54,14927
4217867219,1074109250,80,49204,TCP,1521118750479923,1500,4,5,0,22377,2,0,59,32816
2263449026,3390571996,80,37004,TCP,1521118750479924,1140,4,5,0,19775,2,0,56,7333
1821906474,3455648090,21469,64110,UDP,1521118750479925,48,4,5,0,24334,0,0,120,37273
1226534510,3978971496,443,43102,TCP,1521118750479925,52,4,5,0,62151,2,0,240,43487
1190350564,3350287758,80,50206,TCP,1521118750479927,40,4,5,0,0,2,0,53,37561
2463696411,3447539493,64940,49198,UDP,1521118750479930,80,4,5,0,11968,0,0,118,26694
1962370036,1962334114,51353,1485,UDP,1521118750479930,1284,4,5,24,52948,2,0,58,18296
3672219569,1962334046,443,49867,TCP,1521118750479931,1500,4,5,0,56413,2,0,60,38358
3672219569,1962334046,443,49867,TCP,1521118750479933,1500,4,5,0,56414,2,0,60,38357
3672219569,1962334046,443,49867,TCP,1521118750479934,1500,4,5,0,56415,2,0,60,38356
4217867219,1074109250,80,49204,TCP,1521118750479936,1500,4,5,0,22378,2,0,59,32815
1125054859,3259957056,1024,41696,UDP,1521118750479937,1430,4,5,0,20304,0,0,54,12766
3585093881,3571889293,5222,35370,TCP,1521118750479938,1480,4,5,0,29892,2,0,54,14926
3585093881,3571889293,5222,35370,TCP,1521118750479940,295,4,5,0,29893,2,0,54,16110
1125054859,3259957056,1024,41696,UDP,1521118750479940,1430,4,5,0,30949,0,0,54,2121
3672219569,1962334046,443,49867,TCP,1521118750479941,1500,4,5,0,56416,2,0,60,38355
740685018,2270145449,80,53531,TCP,1521118750479942,1500,4,5,0,3702,2,0,240,8877
816248593,3233193808,443,49410,TCP,1521118750479944,71,4,5,0,37351,2,0,51,11787
1125054859,3259957056,1024,41696,UDP,1521118750479944,1430,4,5,0,14419,0,0,54,18651
3801788594,3454820213,443,48676,TCP,1521118750479945,1280,4,5,0,15586,2,0,55,16743
1273792659,3449035189,443,61438,TCP,1521118750479946,60,4,5,0,0,2,0,60,33523
3307968861,3978971496,80,2334,TCP,1521118750479946,60,4,5,0,0,2,0,60,43424
3307946305,1235570538,1282,445,TCP,1521118750479946,52,4,5,0,9862,2,0,114,17090
743800095,3453738624,443,36791,TCP,1521118750479946,1480,4,5,0,35323,2,0,245,41059
4217867219,1074109250,80,49204,TCP,1521118750479948,1500,4,5,0,22379,2,0,59,32814
3741785781,3978971486,443,34542,TCP,1521118750479949,52,4,5,0,29866,2,0,248,55763
3801788594,3454820213,443,48676,TCP,1521118750479949,1280,4,5,0,15587,2,0,55,16742
1067688933,3348704782,443,54216,TCP,1521118750479950,1213,4,5,0,9565,2,0,238,35245
1637965883,3472949631,19789,55666,UDP,1521118750479951,1466,4,5,0,18776,0,0,118,25470
2056003583,3472991432,39286,22,TCP,1521118750479953,1500,4,5,0,37384,2,0,80,33982
743800095,3453738624,443,36791,TCP,1521118750479954,1480,4,5,0,35324,2,0,245,41058
3766937918,3334585693,443,49526,TCP,1521118750479955,1400,4,5,40,13134,2,0,61,46885
3766937918,3334585693,443,49526,TCP,1521118750479956,1400,4,5,40,13135,2,0,61,46884
2056003583,3472991432,39286,22,TCP,1521118750479958,1500,4,5,0,37385,2,0,80,33981
2056003583,3472991432,39286,22,TCP,1521118750479959,1500,4,5,0,37386,2,0,80,33980
2056003583,3472991432,39286,22,TCP,1521118750479960,1500,4,5,0,37387,2,0,80,33979
3466293781,2336765218,51417,20303,UDP,1521118750479962,1430,4,5,0,46158,2,0,53,35565
2056003583,3472991432,39286,22,TCP,1521118750479963,1500,4,5,0,37388,2,0,80,33978
1962370036,1962334114,51353,1485,UDP,1521118750479964,1284,4,5,24,52949,2,0,58,18295
2056003583,3472991432,39286,22,TCP,1521118750479966,1500,4,5,0,37389,2,0,80,33977
2056003583,3472991432,39286,22,TCP,1521118750479967,1500,4,5,0,37390,2,0,80,33976
739851840,3978971497,443,23366,TCP,1521118750479968,86,4,5,0,51672,2,0,240,8156
2056003583,3472991432,39286,22,TCP,1521118750479968,1500,4,5,0,37391,2,0,80,33975
2056003583,3472991432,39286,22,TCP,1521118750479969,1500,4,5,0,37392,2,0,80,33974
4217867219,1074109250,80,49204,TCP,1521118750479971,1500,4,5,0,22380,2,0,59,32813
740685018,2270145449,80,53531,TCP,1521118750479972,1500,4,5,0,3703,2,0,240,8876
2056003583,3472991432,39286,22,TCP,1521118750479973,1500,4,5,0,37393,2,0,80,33973
2056003583,3472991432,39286,22,TCP,1521118750479975,1500,4,5,0,37394,2,0,80,33972
2056003583,3472991432,39286,22,TCP,1521118750479976,1500,4,5,0,37395,2,0,80,33971
2056003583,3472991432,39286,22,TCP,1521118750479978,1500,4,5,0,37396,2,0,80,33970
281458523,3223197920,80,49557,TCP,1521118750479979,40,4,5,0,21254,2,0,58,19626
2056003583,3472991432,39286,22,TCP,1521118750479979,1500,4,5,0,37397,2,0,80,33969
2056003583,3472991432,39286,22,TCP,1521118750479980,1500,4,5,0,37398,2,0,80,33968
2056003583,3472991432,39286,22,TCP,1521118750479982,1500,4,5,0,37399,2,0,80,33967
4217867219,1074109250,80,49204,TCP,1521118750479983,1500,4,5,0,22381,2,0,59,32812
2056003583,3472991432,39286,22,TCP,1521118750479984,1500,4,5,0,37400,2,0,80,33966
130702765,1235567932,46838,443,TCP,1521118750479985,52,4,5,160,55536,2,0,48,31963
2056003583,3472991432,39286,22,TCP,1521118750479985,1500,4,5,0,37401,2,0,80,33965
139152361,3445811407,443,48594,TCP,1521118750479987,52,4,5,0,1358,0,0,244,46863
2056003583,3472991432,39286,22,TCP,1521118750479987,1500,4,5,0,37402,2,0,80,33964
3672219569,1962334046,443,49867,TCP,1521118750479988,1500,4,5,0,56417,2,0,60,38354
2056003583,3472991432,39286,22,TCP,1521118750479990,1500,4,5,0,37403,2,0,80,33963
2056003583,3472991432,39286,22,TCP,1521118750479991,1500,4,5,0,37404,2,0,80,33962
718026217,3453656624,7008,42711,UDP,1521118750479992,52,4,5,9,35507,2,0,54,60732
2260923259,3242286066,1935,58708,TCP,1521118750479992,109,4,5,0,921,2,0,55,43136
2056003583,3472991432,39286,22,TCP,1521118750479993,1500,4,5,0,37405,2,0,80,33961
2056003583,3472991432,39286,22,TCP,1521118750479994,1500,4,5,0,37406,2,0,80,33960
3672219569,1962334046,443,49867,TCP,1521118750479995,1500,4,5,0,56418,2,0,60,38353
2056003583,3472991432,39286,22,TCP,1521118750479996,1500,4,5,0,37407,2,0,80,33959
1066832459,1074109393,443,64199,TCP,1521118750479998,52,4,5,0,29046,2,0,49,10902
3672219569,1962334046,443,49867,TCP,1521118750479998,1500,4,5,0,56419,2,0,60,38352
2056003583,3472991432,39286,22,TCP,1521118750479999,1500,4,5,0,37408,2,0,80,33958
800701300,1962334046,80,64484,TCP,1521118750480000,52,4,5,0,12987,2,0,237,9094
3672219569,1962334046,443,49867,TCP,1521118750480000,1500,4,5,0,56420,2,0,60,38351
4217867219,1074109250,80,49204,TCP,1521118750480002,1500,4,5,0,22382,2,0,59,32811
2056003583,3472991432,39286,22,TCP,1521118750480003,1500,4,5,0,37409,2,0,80,33957
2056003583,3472991432,39286,22,TCP,1521118750480005,1500,4,5,0,37410,2,0,80,33956
2056003583,3472991432,39286,22,TCP,1521118750480006,1500,4,5,0,37411,2,0,80,33955
2056003583,3472991432,39286,22,TCP,1521118750480007,1500,4,5,0,37412,2,0,80,33954
2056003583,3472991432,39286,22,TCP,1521118750480009,308,4,5,0,37413,2,0,80,35145
2353100481,1074109393,443,42022,TCP,1521118750480009,656,4,5,0,532,2,0,58,23931
3291977249,1074109394,53,56983,UDP,1521118750480009,311,4,5,8,52748,0,0,46,34673
4217867219,1074109250,80,49204,TCP,1521118750480010,1500,4,5,0,22383,2,0,59,32810
1056066415,1962334047,443,45169,TCP,1521118750480011,1500,4,5,0,47756,2,0,234,63959
1056066415,1962334047,443,45169,TCP,1521118750480012,626,4,5,0,47757,2,0,234,64832
3504689888,3569497116,10895,53907,UDP,1521118750480013,184,4,5,192,22176,2,0,50,50224
3527255965,4030665149,443,6270,TCP,1521118750480013,1440,4,5,0,38624,0,0,58,26784
2112157893,3257583241,10086,60171,TCP,1521118750480014,40,4,5,0,0,2,0,53,18034
938035612,3978971497,443,7060,TCP,1521118750480014,52,4,5,0,20807,2,0,59,13924
4217867219,1074109250,80,49204,TCP,1521118750480014,1500,4,5,0,22384,2,0,59,32809
1962370036,1962334114,51353,1485,UDP,1521118750480016,1413,4,5,24,52950,2,0,58,18165
1637965883,3472949631,19789,55666,UDP,1521118750480017,1466,4,5,0,18777,0,0,118,25469
517385572,4093843478,80,50531,TCP,1521118750480019,1450,4,5,2,57240,2,0,59,33375
517385572,4093843478,80,50531,TCP,1521118750480020,1450,4,5,2,57241,2,0,59,33374
3310683221,2317271739,53,34056,UDP,1521118750480021,1473,4,5,0,62412,0,0,59,28635
4217867219,1074109250,80,49204,TCP,1521118750480022,1500,4,5,0,22385,2,0,59,32808
3585067633,4104016705,5222,49784,TCP,1521118750480024,84,4,5,0,43467,2,0,54,45783
3672219569,1962334046,443,49867,TCP,1521118750480027,1500,4,5,0,56421,2,0,60,38350
789092601,2205399030,443,46496,TCP,1521118750480031,40,4,5,0,60971,2,0,221,44088
3672219569,1962334046,443,49867,TCP,1521118750480032,1500,4,5,0,56422,2,0,60,38349
3672219569,1962334046,443,49867,TCP,1521118750480033,1500,4,5,0,56423,2,0,60,38348
3672219569,1962334046,443,49867,TCP,1521118750480034,1500,4,5,0,56424,2,0,60,38347
4217867219,1074109250,80,49204,TCP,1521118750480036,1500,4,5,0,22386,2,0,59,32807
1258836754,3568004015,443,27522,TCP,1521118750480037,40,4,5,0,7751,2,0,53,18708
4217867219,1074109250,80,49204,TCP,1521118750480047,1500,4,5,0,22387,2,0,59,32806
816248593,3233193808,443,49410,TCP,1521118750480048,40,4,5,0,37352,2,0,51,11817
1068070390,3229900435,443,27693,TCP,1521118750480052,83,4,5,0,28841,2,0,49,1093
1068070390,3229900435,443,27693,TCP,1521118750480053,52,4,5,0,28842,2,0,49,1123
4217867219,1074109250,80,49204,TCP,1521118750480058,1500,4,5,0,22388,2,0,59,32805
1962370036,1962334114,51353,1485,UDP,1521118750480059,1413,4,5,24,52951,2,0,58,18164
1075838391,1074109373,443,33630,TCP,1521118750480061,1500,4,5,160,59976,2,0,58,13978
1053114451,1962334032,443,43759,TCP,1521118750480066,283,4,5,0,42259,2,0,241,6250
741464060,3571692339,80,57827,TCP,1521118750480066,632,4,5,2,3829,2,0,237,61507
4217867219,1074109250,80,49204,TCP,1521118750480070,1500,4,5,0,22389,2,0,59,32804
3816889347,3233216994,46145,27594,UDP,1521118750480072,48,4,5,0,3234,0,0,106,35325
3672219569,1962334046,443,49867,TCP,1521118750480074,1500,4,5,0,56425,2,0,60,38346
3672219569,1962334046,443,49867,TCP,1521118750480075,1500,4,5,0,56426,2,0,60,38345
3672219569,1962334046,443,49867,TCP,1521118750480076,1500,4,5,0,56427,2,0,60,38344
3672219569,1962334046,443,49867,TCP,1521118750480078,1500,4,5,0,56428,2,0,60,38343
671374749,3350329545,58743,27011,TCP,1521118750480079,1500,4,5,24,55902,2,0,55,7561
1075838391,1074109373,443,33630,TCP,1521118750480080,1500,4,5,160,59977,2,0,58,13977
1962370036,1962334114,51353,1485,UDP,1521118750480081,1117,4,5,24,52952,2,0,58,18459
4217867219,1074109250,80,49204,TCP,1521118750480082,1500,4,5,0,22390,2,0,59,32803
1124008501,3349792049,14587,28344,UDP,1521118750480084,1466,4,5,0,23890,0,0,116,4562
3331065665,1962333979,35384,443,TCP,1521118750480085,52,4,5,0,0,2,0,51,11749
751475145,1962334036,443,47622,TCP,1521118750480085,334,4,5,0,62511,2,0,240,33435
1075838391,1074109373,443,33630,TCP,1521118750480086,1500,4,5,160,59978,2,0,58,13976
1056185092,3978971484,443,64140,TCP,1521118750480088,1500,4,5,0,11019,2,0,49,34962
1056185092,3978971484,443,64140,TCP,1521118750480089,1500,4,5,0,11020,2,0,49,34961
283991473,1962334034,443,43974,TCP,1521118750480090,52,4,5,8,1961,2,0,59,32044
671374749,3350329545,58743,27011,TCP,1521118750480090,1500,4,5,24,55903,2,0,55,7560
3363620954,3233202499,50277,123,UDP,1521118750480091,36,4,5,16,54016,0,0,248,56550
1056185092,3978971484,443,64140,TCP,1521118750480092,1500,4,5,0,11021,2,0,49,34960
1645394518,3455008409,20496,1024,UDP,1521118750480093,1453,4,5,0,20187,0,0,114,52083
4106714314,3350330209,1253,52209,TCP,1521118750480094,1428,4,5,0,4746,2,0,58,62516
741748435,1962334034,443,55821,TCP,1521118750480095,1500,4,5,0,44008,2,0,240,12769
4106714314,3350330209,1253,52209,TCP,1521118750480097,1428,4,5,0,4747,2,0,58,62515
1056185092,3978971484,443,64140,TCP,1521118750480098,1500,4,5,0,11022,2,0,49,34959
4217867219,1074109250,80,49204,TCP,1521118750480099,1500,4,5,0,22391,2,0,59,32802
741748435,1962334034,443,55821,TCP,1521118750480101,1500,4,5,0,44009,2,0,240,12768
1962370036,1962334114,51353,1485,UDP,1521118750480102,1117,4,5,24,52953,2,0,58,18458
795717022,3978971489,443,59436,TCP,1521118750480103,1500,4,5,0,19923,2,0,240,9137
1075838391,1074109373,443,33630,TCP,1521118750480104,1444,4,5,160,59979,2,0,58,14031
1067495545,4102003830,80,57165,TCP,1521118750480106,52,4,5,0,57064,2,0,237,11723
2481107668,2324912733,80,49574,TCP,1521118750480106,1480,4,5,0,27459,2,0,53,43333
741748435,1962334034,443,55821,TCP,1521118750480107,1500,4,5,0,44010,2,0,240,12767
795717022,3978971489,443,59436,TCP,1521118750480108,1500,4,5,0,19924,2,0,240,9136
741748435,1962334034,443,55821,TCP,1521118750480109,1500,4,5,0,44011,2,0,240,12766
3584920382,3484728517,80,2628,TCP,1521118750480111,1500,4,5,0,46491,0,0,246,7194
741748435,1962334034,443,55821,TCP,1521118750480112,1500,4,5,0,44012,2,0,240,12765
2481107668,2324912733,80,49574,TCP,1521118750480113,1480,4,5,0,27460,2,0,53,43332
3606401134,1962334113,80,49574,TCP,1521118750480115,68,4,5,0,50831,2,0,45,4910
4217867219,1074109250,80,49204,TCP,1521118750480115,1500,4,5,0,22392,2,0,59,32801
2263449026,3390571996,80,37004,TCP,1521118750480116,1140,4,5,0,19776,2,0,56,7332
739758105,3350329553,443,51021,TCP,1521118750480117,52,4,5,0,33253,2,0,237,20266
2141754651,3396735134,7079,43057,TCP,1521118750480117,1306,4,5,0,1698,2,0,58,17764
2263449026,3390571996,80,37004,TCP,1521118750480119,1140,4,5,0,19777,2,0,56,7331
2481107668,2324912733,80,49574,TCP,1521118750480120,1480,4,5,0,27461,2,0,53,43331
3997137757,3569581336,80,50848,TCP,1521118750480121,1480,4,5,0,62955,2,0,58,35275
3997137757,3569581336,80,50848,TCP,1521118750480122,1480,4,5,0,62956,2,0,58,35274
2198041731,3223149794,443,2148,TCP,1521118750480123,1436,4,5,0,61760,2,0,56,14229
2481107668,2324912733,80,49574,TCP,1521118750480125,1480,4,5,0,27462,2,0,53,43330
4217867219,1074109250,80,49204,TCP,1521118750480126,1500,4,5,0,22393,2,0,59,32800
697304791,3978971485,80,64586,TCP,1521118750480127,52,4,5,0,0,2,0,43,59605
3672219569,1962334046,443,49867,TCP,1521118750480127,1500,4,5,0,56429,2,0,60,38342
2263449026,3390571996,80,37004,TCP,1521118750480129,1140,4,5,0,19778,2,0,56,7330
2263449026,3390571996,80,37004,TCP,1521118750480130,1140,4,5,0,19779,2,0,56,7329
2481107668,2324912733,80,49574,TCP,1521118750480131,1480,4,5,0,27463,2,0,53,43329
2481107668,2324912733,80,49574,TCP,1521118750480132,1480,4,5,0,27464,2,0,53,43328
3672219569,1962334046,443,49867,TCP,1521118750480133,1500,4,5,0,56430,2,0,60,38341
3672219569,1962334046,443,49867,TCP,1521118750480135,1500,4,5,0,56431,2,0,60,38340
3672219569,1962334046,443,49867,TCP,1521118750480136,1500,4,5,0,56432,2,0,60,38339
2481107668,2324912733,80,49574,TCP,1521118750480137,1480,4,5,0,27465,2,0,53,43327
3513236663,3268407300,6881,26279,UDP,1521118750480139,48,4,5,8,23903,0,0,113,43874
2481107668,2324912733,80,49574,TCP,1521118750480139,1480,4,5,0,27466,2,0,53,43326
790254706,3453634647,443,26706,TCP,1521118750480140,1480,4,5,0,28299,2,0,46,16103
2203906713,3255955017,5063,49953,TCP,1521118750480141,40,4,5,0,46705,2,0,55,26381
4217867219,1074109250,80,49204,TCP,1521118750480142,1500,4,5,0,22394,2,0,59,32799
795717022,3978971489,443,59436,TCP,1521118750480143,1500,4,5,0,19925,2,0,240,9135
795717022,3978971489,443,59436,TCP,1521118750480144,1500,4,5,0,19926,2,0,240,9134
1067501610,4041960749,443,18945,TCP,1521118750480145,52,4,5,0,29792,2,0,46,29312
2481107668,2324912733,80,49574,TCP,1521118750480146,1480,4,5,0,27467,2,0,53,43325
1053044552,3978971484,80,24340,TCP,1521118750480147,52,4,5,0,0,2,0,41,44337
2481107668,2324912733,80,49574,TCP,1521118750480147,1480,4,5,0,27468,2,0,53,43324
741748435,1962334034,443,55821,TCP,1521118750480148,1500,4,5,0,44013,2,0,240,12764
2481107668,2324912733,80,49574,TCP,1521118750480149,1480,4,5,0,27469,2,0,53,43323
938035612,3978971497,443,7060,TCP,1521118750480151,189,4,5,0,20808,2,0,59,13786
3585292123,3450221786,5222,45155,TCP,1521118750480151,52,4,5,0,34556,2,0,54,44600
4217867219,1074109250,80,49204,TCP,1521118750480151,1500,4,5,0,22395,2,0,59,32798
2481107668,2324912733,80,49574,TCP,1521118750480152,1480,4,5,0,27470,2,0,53,43322
1962370036,1962334114,51353,1485,UDP,1521118750480154,1115,4,5,24,52954,2,0,58,18459
2481107668,2324912733,80,49574,TCP,1521118750480154,1480,4,5,0,27471,2,0,53,43321
741748435,1962334034,443,55821,TCP,1521118750480156,1500,4,5,0,44014,2,0,240,12763
795717022,3978971489,443,59436,TCP,1521118750480158,1500,4,5,0,19927,2,0,240,9133
2481107668,2324912733,80,49574,TCP,1521118750480159,1480,4,5,0,27472,2,0,53,43320
3524818303,3223248172,41570,9104,UDP,1521118750480160,48,4,5,0,9876,0,0,118,14662
270826682,1962334074,443,44910,TCP,1521118750480160,52,4,5,0,38904,2,0,60,52604
2481107668,2324912733,80,49574,TCP,1521118750480160,1480,4,5,0,27473,2,0,53,43319
741748435,1962334034,443,55821,TCP,1521118750480161,1500,4,5,0,44015,2,0,240,12762
3223949995,2332752498,50527,443,TCP,1521118750480163,40,4,5,0,8575,2,0,115,3583
795717022,3978971489,443,59436,TCP,1521118750480163,1500,4,5,0,19928,2,0,240,9132
741748435,1962334034,443,55821,TCP,1521118750480164,1500,4,5,0,44016,2,0,240,12761
2481107668,2324912733,80,49574,TCP,1521118750480165,1480,4,5,0,27474,2,0,53,43318
4217867219,1074109250,80,49204,TCP,1521118750480167,1500,4,5,0,22396,2,0,59,32797
3403274093,3245036844,57275,45555,TCP,1521118750480168,40,4,5,0,48301,0,0,248,19779
844420957,3472949316,26840,49291,TCP,1521118750480168,155,4,5,0,14527,2,0,55,12711
2056003583,3472991432,39286,22,TCP,1521118750480168,1500,4,5,0,37414,2,0,80,33952
795717022,3978971489,443,59436,TCP,1521118750480170,551,4,5,0,19929,2,0,240,10080
2056003583,3472991432,39286,22,TCP,1521118750480170,1500,4,5,0,37415,2,0,80,33951
1218785612,3348719163,52712,1149,UDP,1521118750480172,1466,4,5,0,58,0,0,115,39475
2056003583,3472991432,39286,22,TCP,1521118750480173,1500,4,5,0,37416,2,0,80,33950
2056003583,3472991432,39286,22,TCP,1521118750480174,1500,4,5,0,37417,2,0,80,33949
2056003583,3472991432,39286,22,TCP,1521118750480175,1500,4,5,0,37418,2,0,80,33948
2056003583,3472991432,39286,22,TCP,1521118750480177,1500,4,5,0,37419,2,0,80,33947
799586877,3978971499,443,54020,TCP,1521118750480178,52,4,5,0,11135,2,0,240,16073
4217867219,1074109250,80,49204,TCP,1521118750480178,1500,4,5,0,22397,2,0,59,32796
2056003583,3472991432,39286,22,TCP,1521118750480179,1500,4,5,0,37420,2,0,80,33946
741748435,1962334034,443,55821,TCP,1521118750480181,1500,4,5,0,44017,2,0,240,12760
2056003583,3472991432,39286,22,TCP,1521118750480182,1500,4,5,0,37421,2,0,80,33945
2056003583,3472991432,39286,22,TCP,1521118750480184,1500,4,5,0,37422,2,0,80,33944
2056003583,3472991432,39286,22,TCP,1521118750480185,1500,4,5,0,37423,2,0,80,33943
741748435,1962334034,443,55821,TCP,1521118750480186,1500,4,5,0,44018,2,0,240,12759
738544832,3978971494,443,38684,TCP,1521118750480188,52,4,5,0,28740,2,0,234,28969
2056003583,3472991432,39286,22,TCP,1521118750480188,1500,4,5,0,37424,2,0,80,33942
3672219569,1962334046,443,49867,TCP,1521118750480189,1500,4,5,0,56433,2,0,60,38338
3672219569,1962334046,443,49867,TCP,1521118750480190,1500,4,5,0,56434,2,0,60,38337
2056003583,3472991432,39286,22,TCP,1521118750480191,1500,4,5,0,37425,2,0,80,33941
3672219569,1962334046,443,49867,TCP,1521118750480193,1500,4,5,0,56435,2,0,60,38336
741748435,1962334034,443,55821,TCP,1521118750480194,1500,4,5,0,44019,2,0,240,12758
2056003583,3472991432,39286,22,TCP,1521118750480195,1500,4,5,0,37426,2,0,80,33940
2056003583,3472991432,39286,22,TCP,1521118750480197,1500,4,5,0,37427,2,0,80,33939
2056003583,3472991432,39286,22,TCP,1521118750480198,1500,4,5,0,37428,2,0,80,33938
741748435,1962334034,443,55821,TCP,1521118750480200,1500,4,5,0,44020,2,0,240,12757
3672219569,1962334046,443,49867,TCP,1521118750480201,1500,4,5,0,56436,2,0,60,38335
2056003583,3472991432,39286,22,TCP,1521118750480202,1244,4,5,0,37429,2,0,80,34193
2056003583,3472991432,39286,22,TCP,1521118750480203,1500,4,5,0,37430,2,0,80,33936
4217867219,1074109250,80,49204,TCP,1521118750480204,1500,4,5,0,22398,2,0,59,32795
2056003583,3472991432,39286,22,TCP,1521118750480206,1500,4,5,0,37431,2,0,80,33935
2269646203,3233191368,36521,40133,TCP,1521118750480207,43,4,5,0,19210,2,0,57,2945
2056003583,3472991432,39286,22,TCP,1521118750480207,1500,4,5,0,37432,2,0,80,33934
3992031758,3337740662,443,51466,TCP,1521118750480208,1450,4,5,0,41834,2,0,88,20859
3992031758,3337740662,443,51466,TCP,1521118750480210,1450,4,5,0,41835,2,0,88,20858
3992031758,3337740662,443,51466,TCP,1521118750480211,1450,4,5,0,41836,2,0,88,20857
2056003583,3472991432,39286,22,TCP,1521118750480213,1500,4,5,0,37433,2,0,80,33933
2056003583,3472991432,39286,22,TCP,1521118750480214,1500,4,5,0,37434,2,0,80,33932
2056003583,3472991432,39286,22,TCP,1521118750480215,1500,4,5,0,37435,2,0,80,33931
2056003583,3472991432,39286,22,TCP,1521118750480216,1500,4,5,0,37436,2,0,80,33930
2056003583,3472991432,39286,22,TCP,1521118750480218,1500,4,5,0,37437,2,0,80,33929
2056003583,3472991432,39286,22,TCP,1521118750480219,180,4,5,0,37438,2,0,80,35248
1962370036,1962334114,51353,1485,UDP,1521118750480219,1220,4,5,24,52955,2,0,58,18353
150829318,3223201309,80,54541,TCP,1521118750480220,1400,4,5,0,4372,0,0,58,558
150829318,3223201309,80,54541,TCP,1521118750480221,1400,4,5,0,4373,0,0,58,557
4217867219,1074109250,80,49204,TCP,1521118750480223,1500,4,5,0,22399,2,0,59,32794
942637450,1074109374,443,47741,TCP,1521118750480224,1500,4,5,8,50424,2,0,246,9374
150829318,3223201309,80,54541,TCP,1521118750480226,1400,4,5,0,4374,0,0,58,556
150829318,3223201309,80,54541,TCP,1521118750480227,1400,4,5,0,4375,0,0,58,555
2260923222,3390967278,1935,50220,TCP,1521118750480228,97,4,5,0,9411,2,0,51,53422
1449800705,3242284754,25000,56964,TCP,1521118750480228,40,4,5,104,0,2,0,54,41449
1218785612,3348719163,52712,1149,UDP,1521118750480228,1466,4,5,0,59,0,0,115,39474
2260923246,3390571925,1935,5703,TCP,1521118750480229,97,4,5,0,3432,2,0,55,60496
3527246821,3618740955,443,26916,UDP,1521118750480230,1378,4,5,0,0,2,0,58,29403
3420505579,3260418467,443,48872,TCP,1521118750480231,1380,4,5,0,29306,2,0,47,30292
3420505579,3260418467,443,48872,TCP,1521118750480232,1380,4,5,0,29307,2,0,47,30291
3527246821,3618740955,443,26916,UDP,1521118750480233,1378,4,5,0,0,2,0,58,29403
2483256890,1962334038,80,45030,TCP,1521118750480234,52,4,5,0,48122,2,0,56,10303
942637450,1074109374,443,47741,TCP,1521118750480234,1500,4,5,8,50425,2,0,246,9373
741748435,1962334034,443,55821,TCP,1521118750480236,1500,4,5,0,44021,2,0,240,12756
4217867219,1074109250,80,49204,TCP,1521118750480237,1500,4,5,0,22400,2,0,59,32793
3466293781,2336765218,51417,20303,UDP,1521118750480238,1430,4,5,0,46159,2,0,53,35564
942637450,1074109374,443,47741,TCP,1521118750480240,1270,4,5,8,50426,2,0,246,9602
741748435,1962334034,443,55821,TCP,1521118750480241,1500,4,5,0,44022,2,0,240,12755
1962370036,1962334114,51353,1485,UDP,1521118750480242,1220,4,5,24,52956,2,0,58,18352
3527246821,3618740955,443,26916,UDP,1521118750480243,1378,4,5,0,0,2,0,58,29403
1951810765,3455830190,443,26689,TCP,1521118750480244,52,4,5,0,14597,2,0,48,49649
739758105,3350329553,443,51021,TCP,1521118750480245,1500,4,5,0,33254,2,0,237,18817
741748435,1962334034,443,55821,TCP,1521118750480246,1500,4,5,0,44023,2,0,240,12754
741748435,1962334034,443,55821,TCP,1521118750480247,1500,4,5,0,44024,2,0,240,12753
799890193,1962334031,443,52073,TCP,1521118750480248,52,4,5,0,32205,2,0,240,13810
4217867219,1074109250,80,49204,TCP,1521118750480248,1500,4,5,0,22401,2,0,59,32792
739758105,3350329553,443,51021,TCP,1521118750480250,1500,4,5,0,33255,2,0,237,18816
3672219569,1962334046,443,49867,TCP,1521118750480251,1500,4,5,0,56437,2,0,60,38334
3672219569,1962334046,443,49867,TCP,1521118750480252,1500,4,5,0,56438,2,0,60,38333
3672219569,1962334046,443,49867,TCP,1521118750480254,1500,4,5,0,56439,2,0,60,38332
3672219569,1962334046,443,49867,TCP,1521118750480255,1500,4,5,0,56440,2,0,60,38331
3366886240,3390839014,36880,59023,UDP,1521118750480257,1088,4,5,0,18285,2,0,47,47406
1962370036,1962334114,51353,1485,UDP,1521118750480258,1220,4,5,24,52957,2,0,58,18351
4217867219,1074109250,80,49204,TCP,1521118750480259,1500,4,5,0,22402,2,0,59,32791
739758105,3350329553,443,51021,TCP,1521118750480260,1252,4,5,0,33256,2,0,237,19063
2377634709,3390572507,443,43302,TCP,1521118750480261,1140,4,5,0,3063,2,0,60,64332
3885269718,4104030614,443,51852,TCP,1521118750480262,1452,4,5,0,61858,2,0,54,25865
2377634709,3390572507,443,43302,TCP,1521118750480263,1140,4,5,0,3064,2,0,60,64331
2377634709,3390572507,443,43302,TCP,1521118750480264,1140,4,5,0,3065,2,0,60,64330
3885269718,4104030614,443,51852,TCP,1521118750480265,1452,4,5,0,61859,2,0,54,25864
1262695699,3473706193,443,56630,TCP,1521118750480267,40,4,5,0,46765,2,0,60,44014
2377634709,3390572507,443,43302,TCP,1521118750480267,1140,4,5,0,3066,2,0,60,64329
2377634709,3390572507,443,43302,TCP,1521118750480268,1140,4,5,0,3067,2,0,60,64328
2377634709,3390572507,443,43302,TCP,1521118750480269,1140,4,5,0,3068,2,0,60,64327
697671511,3391001394,9998,42043,TCP,1521118750480270,52,4,5,0,3647,0,0,119,3912
2181312202,3233207499,25,54891,TCP,1521118750480270,60,4,5,0,21233,2,0,246,60281
2377634709,3390572507,443,43302,TCP,1521118750480270,1140,4,5,0,3069,2,0,60,64326
2377634709,3390572507,443,43302,TCP,1521118750480271,1140,4,5,0,3070,2,0,60,64325
4217867219,1074109250,80,49204,TCP,1521118750480272,1500,4,5,0,22403,2,0,59,32790
1056185092,3978971484,443,64140,TCP,1521118750480273,1500,4,5,0,11023,2,0,49,34958
741748435,1962334034,443,55821,TCP,1521118750480274,1500,4,5,0,44025,2,0,240,12752
269242588,3978971485,443,48086,TCP,1521118750480276,52,4,5,0,30575,2,0,58,12773
1056185092,3978971484,443,64140,TCP,1521118750480276,1500,4,5,0,11024,2,0,49,34957
741748435,1962334034,443,55821,TCP,1521118750480277,1500,4,5,0,44026,2,0,240,12751
741748435,1962334034,443,55821,TCP,1521118750480278,1500,4,5,0,44027,2,0,240,12750
741748435,1962334034,443,55821,TCP,1521118750480280,1500,4,5,0,44028,2,0,240,12749
1056185092,3978971484,443,64140,TCP,1521118750480281,1500,4,5,0,11025,2,0,49,34956
1056185092,3978971484,443,64140,TCP,1521118750480283,1500,4,5,0,11026,2,0,49,34955
4217867219,1074109250,80,49204,TCP,1521118750480284,1500,4,5,0,22404,2,0,59,32789
1056185092,3978971484,443,64140,TCP,1521118750480285,1500,4,5,0,11027,2,0,49,34954
1056185092,3978971484,443,64140,TCP,1521118750480287,800,4,5,0,11028,2,0,49,35653
1962370036,1962334114,51353,1485,UDP,1521118750480287,1219,4,5,24,52958,2,0,58,18351
282571794,3452386850,443,55942,TCP,1521118750480288,103,4,5,0,35913,2,0,239,11892
3672219569,1962334046,443,49867,TCP,1521118750480288,1500,4,5,0,56441,2,0,60,38330
4217867219,1074109250,80,49204,TCP,1521118750480290,1500,4,5,0,22405,2,0,59,32788
1280571232,3455008393,80,46059,TCP,1521118750480291,1480,4,5,0,31253,0,0,56,45806
3672219569,1962334046,443,49867,TCP,1521118750480292,1500,4,5,0,56442,2,0,60,38329
3672219569,1962334046,443,49867,TCP,1521118750480293,1500,4,5,0,56443,2,0,60,38328
3672219569,1962334046,443,49867,TCP,1521118750480295,1500,4,5,0,56444,2,0,60,38327
3436085689,3441433830,6881,58366,UDP,1521118750480297,333,4,5,0,19784,0,0,117,48841
788646944,3448447665,443,65044,TCP,1521118750480297,52,4,5,0,36196,2,0,239,4865
2260923222,3242271101,1935,50743,TCP,1521118750480297,97,4,5,0,193,2,0,55,58878
3741785781,3978971499,443,49398,TCP,1521118750480297,52,4,5,0,25753,2,0,248,59863
4217867219,1074109250,80,49204,TCP,1521118750480297,1500,4,5,0,22406,2,0,59,32787
2140679974,4093838473,58812,36854,UDP,1521118750480298,1164,4,5,0,22593,0,0,54,32981
1280571232,3455008393,80,46059,TCP,1521118750480299,1480,4,5,0,31254,0,0,56,45805
2260923259,3242284850,1935,50841,TCP,1521118750480301,97,4,5,0,31517,2,0,55,13768
741748435,1962334034,443,55821,TCP,1521118750480301,1500,4,5,0,44029,2,0,240,12748
741748435,1962334034,443,55821,TCP,1521118750480302,1022,4,5,0,44030,2,0,240,13225
1235721153,4225200978,443,43521,TCP,1521118750480303,1500,4,5,0,34442,2,0,58,24575
1235721153,4225200978,443,43521,TCP,1521118750480304,1500,4,5,0,34443,2,0,58,24574
1235721153,4225200978,443,43521,TCP,1521118750480305,1500,4,5,0,34444,2,0,58,24573
1235721153,4225200978,443,43521,TCP,1521118750480307,1500,4,5,0,34445,2,0,58,24572
4217867219,1074109250,80,49204,TCP,1521118750480309,1500,4,5,0,22407,2,0,59,32786
1235721153,4225200978,443,43521,TCP,1521118750480310,1500,4,5,0,34446,2,0,58,24571
2140679974,4093838473,58812,36854,UDP,1521118750480311,1165,4,5,0,60144,0,0,54,60964
1235721153,4225200978,443,43521,TCP,1521118750480312,1500,4,5,0,34447,2,0,58,24570
1235721153,4225200978,443,43521,TCP,1521118750480313,1500,4,5,0,34448,2,0,58,24569
1235721153,4225200978,443,43521,TCP,1521118750480315,1500,4,5,0,34449,2,0,58,24568
742123328,3455005157,443,39065,TCP,1521118750480316,52,4,5,0,53549,2,0,237,43333
1235721153,4225200978,443,43521,TCP,1521118750480316,1500,4,5,0,34450,2,0,58,24567
1235721153,4225200978,443,43521,TCP,1521118750480317,1500,4,5,0,34451,2,0,58,24566
1235721153,4225200978,443,43521,TCP,1521118750480318,1500,4,5,0,34452,2,0,58,24565
1235721153,4225200978,443,43521,TCP,1521118750480320,1500,4,5,0,34453,2,0,58,24564
1962370036,1962334114,51353,1485,UDP,1521118750480321,1398,4,5,24,52959,2,0,58,18171
4217867219,1074109250,80,49204,TCP,1521118750480323,1500,4,5,0,22408,2,0,59,32785
738285041,3474333424,443,51206,TCP,1521118750480324,52,4,5,0,61847,2,0,240,10547
1235721153,4225200978,443,43521,TCP,1521118750480324,1500,4,5,0,34454,2,0,58,24563
1235721153,4225200978,443,43521,TCP,1521118750480325,1500,4,5,0,34455,2,0,58,24562
1235721153,4225200978,443,43521,TCP,1521118750480327,1500,4,5,0,34456,2,0,58,24561
2489054920,3396739933,80,59429,TCP,1521118750480328,40,4,5,0,49161,2,0,57,2255
1235721153,4225200978,443,43521,TCP,1521118750480328,1500,4,5,0,34457,2,0,58,24560
3672219569,1962334046,443,49867,TCP,1521118750480329,1500,4,5,0,56445,2,0,60,38326
1235721153,4225200978,443,43521,TCP,1521118750480331,1500,4,5,0,34458,2,0,58,24559
1235721153,4225200978,443,43521,TCP,1521118750480332,1500,4,5,0,34459,2,0,58,24558
1235721153,4225200978,443,43521,TCP,1521118750480333,1500,4,5,0,34460,2,0,58,24557
3672219569,1962334046,443,49867,TCP,1521118750480334,1500,4,5,0,56446,2,0,60,38325
1528581584,3223150334,50534,3128,TCP,1521118750480336,1500,4,5,0,24818,2,0,47,7458
1235721153,4225200978,443,43521,TCP,1521118750480337,1500,4,5,0,34461,2,0,58,24556
2260923212,3242271101,1935,50754,TCP,1521118750480339,97,4,5,0,8899,2,0,55,50182
4217867219,1074109250,80,49204,TCP,1521118750480339,1500,4,5,0,22409,2,0,59,32784
3672219569,1962334046,443,49867,TCP,1521118750480340,1500,4,5,0,56447,2,0,60,38324
2564638098,2270145447,443,41680,TCP,1521118750480341,1399,4,5,0,62544,2,0,241,32457
3672219569,1962334046,443,49867,TCP,1521118750480343,1500,4,5,0,56448,2,0,60,38323
1962370036,1962334114,51353,1485,UDP,1521118750480344,1398,4,5,24,52960,2,0,58,18170
2279000371,3242286394,80,51666,TCP,1521118750480345,1476,4,5,0,64669,2,0,59,52752
738691820,3350286969,80,44415,TCP,1521118750480346,208,4,5,0,55030,2,0,240,57874
360218189,2343840181,443,63778,TCP,1521118750480346,40,4,5,0,45188,2,0,241,36892
2260923259,3396739842,1935,21668,TCP,1521118750480347,97,4,5,0,28239,2,0,55,28049
4217867219,1074109250,80,49204,TCP,1521118750480347,1500,4,5,0,22410,2,0,59,32783
517385465,3347702545,80,25890,TCP,1521118750480348,1452,4,5,0,30239,2,0,59,19906
3372543618,2059628448,35419,443,TCP,1521118750480349,40,4,5,0,7671,2,0,50,35054
4217867219,1074109250,80,49204,TCP,1521118750480349,1500,4,5,0,22411,2,0,59,32782
4217867219,1074109250,80,49204,TCP,1521118750480351,1500,4,5,0,22412,2,0,59,32781
266795606,3473485838,51681,4098,TCP,1521118750480353,64,4,5,0,21331,2,0,48,60944
1622249518,1235578779,64793,445,TCP,1521118750480353,52,4,5,0,2600,2,0,114,21628
799075905,3978971490,443,60898,TCP,1521118750480356,52,4,5,0,61531,2,0,240,17913
517385465,3347702545,80,25890,TCP,1521118750480361,1452,4,5,0,30240,2,0,59,19905
1629966224,3347704832,23896,3391,TCP,1521118750480363,40,4,5,0,25474,2,0,119,15372
2353100481,1074109416,443,55055,TCP,1521118750480363,668,4,5,0,53553,2,0,58,36410
4217867219,1074109250,80,49204,TCP,1521118750480366,1500,4,5,0,22413,2,0,59,32780
269242603,3978971493,443,9032,TCP,1521118750480368,1480,4,5,0,18558,2,0,58,23339
269242603,3978971493,443,9032,TCP,1521118750480369,154,4,5,0,18559,2,0,58,24664
3660189768,3349796374,17571,2683,TCP,1521118750480369,40,4,5,0,16564,2,0,118,15337
3672219569,1962334046,443,49867,TCP,1521118750480369,1500,4,5,0,56449,2,0,60,38322
3672219569,1962334046,443,49867,TCP,1521118750480372,1500,4,5,0,56450,2,0,60,38321
718027811,3441624486,7008,33725,UDP,1521118750480374,51,4,5,9,40405,2,0,54,27939
4217867219,1074109250,80,49204,TCP,1521118750480376,1500,4,5,0,22414,2,0,59,32779
3672219569,1962334046,443,49867,TCP,1521118750480377,1500,4,5,0,56451,2,0,60,38320
269242603,3978971493,443,9032,TCP,1521118750480382,1480,4,5,0,18560,2,0,58,23337
269242603,3978971493,443,9032,TCP,1521118750480383,1412,4,5,0,18561,2,0,58,23404
2260923222,3242265018,80,42654,TCP,1521118750480386,309,4,5,0,31860,2,0,55,33082
3741785781,3978971496,443,42314,TCP,1521118750480387,52,4,5,0,4573,2,0,248,15511
2359939026,1962334044,443,44551,TCP,1521118750480387,1500,4,5,0,35906,2,0,58,1547
3793322032,4038537415,22003,56129,UDP,1521118750480388,60,4,5,20,28348,0,0,118,21016
2260923246,3396753650,1935,64778,TCP,1521118750480388,97,4,5,0,39853,2,0,51,3664
1962370036,1962334114,51353,1485,UDP,1521118750480389,1396,4,5,24,52961,2,0,58,18171
1075838391,1074109373,443,33630,TCP,1521118750480391,1500,4,5,160,59980,2,0,58,13974
2141754651,3390895376,7079,54316,TCP,1521118750480392,1294,4,5,0,4760,2,0,58,21857
4217867219,1074109250,80,49204,TCP,1521118750480394,1500,4,5,0,22415,2,0,59,32778
2005836026,4030665149,443,58171,TCP,1521118750480398,1440,4,5,0,56502,0,0,58,33820
1306691061,3608918986,22884,26454,UDP,1521118750480400,1453,4,5,0,28992,0,0,119,26178
2359939026,1962334044,443,44551,TCP,1521118750480401,1500,4,5,0,35907,2,0,58,1546
1962329749,1074109250,56356,1485,UDP,1521118750480402,1315,4,5,24,53524,2,0,54,22474
1075838391,1074109373,443,33630,TCP,1521118750480403,1500,4,5,160,59981,2,0,58,13973
1821906474,3455648090,21469,64110,UDP,1521118750480405,48,4,5,0,24335,0,0,120,37272
4217867219,1074109250,80,49204,TCP,1521118750480405,1500,4,5,0,22416,2,0,59,32777
3766937918,3484910926,443,49182,TCP,1521118750480407,1400,4,5,32,37931,2,0,61,34153
3766937918,3484910926,443,49182,TCP,1521118750480408,1400,4,5,32,37932,2,0,61,34152
3766937918,3484910926,443,49182,TCP,1521118750480409,1400,4,5,32,37933,2,0,61,34151
3766937918,3484910926,443,49182,TCP,1521118750480410,1400,4,5,32,37934,2,0,61,34150
2359939026,1962334044,443,44551,TCP,1521118750480411,1500,4,5,0,35908,2,0,58,1545
2260923251,3396741874,1935,51794,TCP,1521118750480413,97,4,5,0,22154,2,0,55,32110
4217867219,1074109250,80,49204,TCP,1521118750480413,1500,4,5,0,22417,2,0,59,32776
1075838391,1074109373,443,33630,TCP,1521118750480417,1500,4,5,160,59982,2,0,58,13972
3885270203,4041960588,443,52245,TCP,1521118750480418,40,4,5,0,55125,2,0,54,41906
3985089916,3390574663,443,15971,TCP,1521118750480421,192,4,5,0,52954,2,0,58,1018
1962370036,1962334114,51353,1485,UDP,1521118750480423,1281,4,5,24,52962,2,0,58,18285
2260923222,3396736541,1935,58284,TCP,1521118750480425,97,4,5,0,37824,2,0,55,21802
1286694862,3618636664,443,59076,TCP,1521118750480425,301,4,5,0,45745,2,0,56,65393
4217867219,1074109250,80,49204,TCP,1521118750480426,1500,4,5,0,22418,2,0,59,32775
1075838391,1074109373,443,33630,TCP,1521118750480428,1500,4,5,160,59983,2,0,58,13971
2005836005,3618740937,443,27197,UDP,1521118750480429,1378,4,5,0,0,2,0,58,45212
2359939026,1962334044,443,44551,TCP,1521118750480430,1500,4,5,0,35909,2,0,58,1544
3992029330,3390574719,443,19005,TCP,1521118750480432,60,4,5,0,0,2,0,83,54944
1836605238,1235577974,52354,445,TCP,1521118750480432,177,4,5,0,30225,0,0,120,18796
1962329749,1074109250,56356,1485,UDP,1521118750480432,1315,4,5,24,53525,2,0,54,22473
3746566054,4095563244,587,50080,TCP,1521118750480436,158,4,5,0,22133,2,0,55,46052
942637450,1074109374,443,47741,TCP,1521118750480438,1500,4,5,8,50477,2,0,246,9321
4217867219,1074109250,80,49204,TCP,1521118750480441,1500,4,5,0,22419,2,0,59,32774
2623944267,3259942474,41670,60346,UDP,1521118750480443,1449,4,5,0,23065,0,0,118,35296
942637450,1074109374,443,47741,TCP,1521118750480444,1500,4,5,8,50478,2,0,246,9320
1962370036,1962334114,51353,1485,UDP,1521118750480445,1281,4,5,24,52963,2,0,58,18284
2359939026,1962334044,443,44551,TCP,1521118750480447,1500,4,5,0,35910,2,0,58,1543
2260923246,3390613400,1935,41909,TCP,1521118750480448,97,4,5,0,24614,2,0,55,63374
942637450,1074109374,443,47741,TCP,1521118750480448,1500,4,5,8,50479,2,0,246,9319
942637450,1074109374,443,47741,TCP,1521118750480450,1500,4,5,8,50480,2,0,246,9318
2047702155,3353383354,443,26337,TCP,1521118750480451,1464,4,5,0,28067,2,0,52,35689
4217867219,1074109250,80,49204,TCP,1521118750480452,1500,4,5,0,22420,2,0,59,32773
942637450,1074109374,443,47741,TCP,1521118750480454,1500,4,5,8,50481,2,0,246,9317
942637450,1074109374,443,47741,TCP,1521118750480455,1500,4,5,8,50482,2,0,246,9316
1053079989,3569581791,443,2621,TCP,1521118750480456,265,4,5,0,19666,2,0,240,61695
1258992058,3607620812,56472,29806,UDP,1521118750480456,41,4,5,0,7461,2,0,121,9222
1434856771,843175468,53020,445,TCP,1521118750480456,40,4,5,0,19194,2,0,115,12703
817195574,283551930,33585,80,TCP,1521118750480456,52,4,5,0,57013,2,0,50,5507
2047702155,3353383354,443,26337,TCP,1521118750480457,1464,4,5,0,28068,2,0,52,35688
968415530,3390867657,161,33067,TCP,1521118750480458,40,4,5,4,51251,2,0,48,7376
2359939026,1962334044,443,44551,TCP,1521118750480459,1500,4,5,0,35911,2,0,58,1542
942637450,1074109374,443,47741,TCP,1521118750480461,1500,4,5,8,50483,2,0,246,9315
942637450,1074109374,443,47741,TCP,1521118750480464,1500,4,5,8,50484,2,0,246,9314
4217867219,1074109250,80,49204,TCP,1521118750480465,1500,4,5,0,22421,2,0,59,32772
1962370036,1962334114,51353,1485,UDP,1521118750480468,1281,4,5,24,52964,2,0,58,18283
942637450,1074109374,443,47741,TCP,1521118750480469,1500,4,5,8,50485,2,0,246,9313
3527241946,3618741021,443,41423,UDP,1521118750480470,1378,4,5,0,0,2,0,58,34212
2359939026,1962334044,443,44551,TCP,1521118750480471,1500,4,5,0,35912,2,0,58,1541
942637450,1074109374,443,47741,TCP,1521118750480472,1500,4,5,8,50486,2,0,246,9312
794532909,1962334046,80,42293,TCP,1521118750480474,52,4,5,0,54924,2,0,236,41049
4217867219,1074109250,80,49204,TCP,1521118750480476,1500,4,5,0,22422,2,0,59,32771
2359939026,1962334044,443,44551,TCP,1521118750480483,1500,4,5,0,35913,2,0,58,1540
1645394518,3455008409,20496,1024,UDP,1521118750480484,1453,4,5,0,20188,0,0,114,52082
4217867219,1074109250,80,49204,TCP,1521118750480488,1500,4,5,0,22423,2,0,59,32770
942637450,1074109374,443,47741,TCP,1521118750480491,1500,4,5,8,50479,2,0,246,9319
942637450,1074109374,443,47741,TCP,1521118750480492,97,4,5,8,50480,2,0,246,10721
740685018,2270145449,80,53531,TCP,1521118750480493,1500,4,5,0,3704,2,0,240,8875
1692329291,3447595505,51900,26588,TCP,1521118750480495,40,4,5,0,25427,2,0,53,43235
2359939026,1962334044,443,44551,TCP,1521118750480496,1500,4,5,0,35914,2,0,58,1539
3741785781,3978971490,443,50264,TCP,1521118750480497,52,4,5,0,50234,2,0,248,35391
3585067731,3484897676,443,55131,TCP,1521118750480500,90,4,5,0,60910,2,0,54,38120
4217867219,1074109250,80,49204,TCP,1521118750480502,1500,4,5,0,22424,2,0,59,32769
360213598,3453269629,443,50138,TCP,1521118750480503,40,4,5,0,46156,2,0,241,53082
2127528060,3453635074,443,3972,TCP,1521118750480504,1492,4,5,0,22396,2,0,55,53119
4116866845,4225803408,33011,22,TCP,1521118750480506,40,4,5,0,54321,0,0,247,62124
2359939026,1962334044,443,44551,TCP,1521118750480506,1500,4,5,0,35915,2,0,58,1538
740532423,3347704510,443,56009,TCP,1521118750480508,71,4,5,0,14319,2,0,235,55438
4217867219,1074109250,80,49204,TCP,1521118750480511,1500,4,5,0,22425,2,0,59,32768
740685018,2270145449,80,53531,TCP,1521118750480512,1500,4,5,0,3705,2,0,240,8874
1962370036,1962334114,51353,1485,UDP,1521118750480514,1190,4,5,24,52965,2,0,58,18373
3466406791,3455662323,443,26602,TCP,1521118750480515,310,4,5,0,1480,2,0,56,15081
2141754651,3390838928,7079,60632,TCP,1521118750480517,1306,4,5,0,18393,2,0,58,64660
2359939026,1962334044,443,44551,TCP,1521118750480520,1500,4,5,0,35916,2,0,58,1537
2127528060,3453635074,443,3972,TCP,1521118750480521,1492,4,5,0,22397,2,0,55,53118
740010620,3978971492,443,15862,TCP,1521118750480524,52,4,5,0,25637,2,0,241,6264
4217867219,1074109250,80,49204,TCP,1521118750480525,1500,4,5,0,22426,2,0,59,32767
2359936980,1074109419,443,61507,TCP,1521118750480526,790,4,5,0,24139,2,0,58,44840
3466406791,3455662323,443,26602,TCP,1521118750480528,83,4,5,0,1481,2,0,56,15307
2359939026,1962334044,443,44551,TCP,1521118750480534,1500,4,5,0,35917,2,0,58,1536
739948031,3978971490,443,38982,TCP,1521118750480535,52,4,5,0,6828,2,0,240,22385
4217867219,1074109250,80,49204,TCP,1521118750480537,1500,4,5,0,22427,2,0,59,32766
360214364,3443994506,443,31373,TCP,1521118750480538,40,4,5,0,20737,2,0,241,46888
3311486815,3391018533,443,15511,TCP,1521118750480540,208,4,5,0,3480,2,0,121,18059
3542516036,3618740955,443,57287,UDP,1521118750480541,1378,4,5,0,0,2,0,58,29843
3466406791,3455662323,443,26602,TCP,1521118750480543,52,4,5,0,1482,2,0,56,15337
2359939026,1962334044,443,44551,TCP,1521118750480543,1500,4,5,0,35918,2,0,58,1535
3466293781,2336765218,51417,20303,UDP,1521118750480544,1430,4,5,0,46160,2,0,53,35563
740685018,2270145433,80,43019,TCP,1521118750480546,52,4,5,0,11756,2,0,240,2287
2260923212,3242264917,1935,52206,TCP,1521118750480549,97,4,5,0,57224,2,0,55,8041
4217867219,1074109250,80,49204,TCP,1521118750480550,1500,4,5,0,22428,2,0,59,32765
1962370036,1962334114,51353,1485,UDP,1521118750480552,1190,4,5,24,52966,2,0,58,18372
2359939026,1962334044,443,44551,TCP,1521118750480555,1500,4,5,0,35919,2,0,58,1534
740685018,2270145449,80,53531,TCP,1521118750480557,1500,4,5,0,3706,2,0,240,8873
2137332786,3484914541,56418,60898,UDP,1521118750480559,41,4,5,0,7951,2,0,123,57848
3527239300,4030665106,443,58518,TCP,1521118750480559,1440,4,5,0,41483,0,0,58,40633
839993254,4225791825,61907,6881,UDP,1521118750480560,399,4,5,0,31261,0,0,112,57943
4217867219,1074109250,80,49204,TCP,1521118750480562,1500,4,5,0,22429,2,0,59,32764
796330449,4041192770,443,62121,TCP,1521118750480564,40,4,5,8,28124,2,0,237,16513
1962370036,1962334114,51353,1485,UDP,1521118750480565,1188,4,5,24,52967,2,0,58,18373
2359939026,1962334044,443,44551,TCP,1521118750480568,1500,4,5,0,35920,2,0,58,1533
1171196630,3353371325,51732,3128,TCP,1521118750480572,60,4,5,0,50550,2,0,45,3331
4217867219,1074109250,80,49204,TCP,1521118750480576,1500,4,5,0,22430,2,0,59,32763
743011591,4218199259,443,52233,TCP,1521118750480578,52,4,5,0,34739,2,0,50,34680
2359939026,1962334044,443,44551,TCP,1521118750480580,1500,4,5,0,35921,2,0,58,1532
1053385243,3337041065,443,56567,TCP,1521118750480582,40,4,5,0,30741,2,0,240,30277
4217867219,1074109250,80,49204,TCP,1521118750480584,1500,4,5,0,22431,2,0,59,32762
2487475774,3454818632,53,15926,UDP,1521118750480586,189,4,5,0,7968,2,0,58,34649
718027811,3452494438,6008,64110,UDP,1521118750480589,51,4,5,9,52853,2,0,54,24349
3741785781,3978971490,443,14946,TCP,1521118750480591,465,4,5,0,4596,2,0,248,15081
2359939026,1962334044,443,44551,TCP,1521118750480593,1500,4,5,0,35922,2,0,58,1531
2258940747,3978971498,2515,64624,TCP,1521118750480594,52,4,5,0,42962,2,0,58,10349
740685018,2270145449,80,53531,TCP,1521118750480595,1500,4,5,0,3707,2,0,240,8872
3995707175,3448482218,60222,80,TCP,1521118750480596,52,4,5,0,65053,2,0,50,15903
4217867219,1074109250,80,49204,TCP,1521118750480598,1500,4,5,0,22432,2,0,59,32761
817195574,283551930,33585,80,TCP,1521118750480599,281,4,5,0,57014,2,0,50,5277
1645394518,3455008409,20496,1024,UDP,1521118750480602,1453,4,5,0,20189,0,0,114,52081
282018607,4098085650,443,59552,TCP,1521118750480604,1492,4,5,0,6872,2,0,59,1016
282018607,4098085650,443,59552,TCP,1521118750480605,1492,4,5,0,6873,2,0,59,1015
2359939026,1962334044,443,44551,TCP,1521118750480607,1500,4,5,0,35923,2,0,58,1530
738426702,3978971493,443,3672,TCP,1521118750480608,1500,4,5,0,42679,2,0,240,64642
4217867219,1074109250,80,49204,TCP,1521118750480609,1500,4,5,0,22433,2,0,59,32760
2260923212,3391002288,1935,50751,TCP,1521118750480610,97,4,5,0,20920,2,0,55,5889
2359939026,1962334044,443,44551,TCP,1521118750480617,1500,4,5,0,35924,2,0,58,1529
738426702,3978971493,443,3672,TCP,1521118750480620,1296,4,5,0,42680,2,0,240,64845
1962370036,1962334114,51353,1485,UDP,1521118750480621,1323,4,5,24,52968,2,0,58,18237
789748580,3390575062,443,53639,TCP,1521118750480623,60,4,5,0,0,2,0,237,59222
738249156,3978971487,443,19274,TCP,1521118750480623,52,4,5,0,25,2,0,232,26204
4217867219,1074109250,80,49204,TCP,1521118750480624,1500,4,5,0,22434,2,0,59,32759
3758453450,3680242636,50969,19698,UDP,1521118750480626,48,4,5,0,30038,0,0,122,37230
2359939026,1962334044,443,44551,TCP,1521118750480630,1500,4,5,0,35925,2,0,58,1528
4217867219,1074109250,80,49204,TCP,1521118750480634,1500,4,5,0,22435,2,0,59,32758
3403274093,3338522525,57275,18880,TCP,1521118750480635,40,4,5,0,48006,0,0,248,52838
740685018,2270145449,80,53531,TCP,1521118750480638,1500,4,5,0,3708,2,0,240,8871
2260923246,3396738434,1935,51720,TCP,1521118750480640,97,4,5,0,50273,2,0,55,7436
2359939026,1962334044,443,44551,TCP,1521118750480641,1500,4,5,0,35926,2,0,58,1527
1962370036,1962334114,51353,1485,UDP,1521118750480643,1323,4,5,24,52969,2,0,58,18236
1791216486,3391002542,443,12876,TCP,1521118750480644,1500,4,5,0,13551,2,0,55,28982
4217867219,1074109250,80,49204,TCP,1521118750480647,1500,4,5,0,22436,2,0,59,32757
1791216486,3391002542,443,12876,TCP,1521118750480652,1500,4,5,0,13552,2,0,55,28981
1928490238,2336051439,80,27880,TCP,1521118750480655,219,4,5,0,56926,2,0,57,42657
2359939026,1962334044,443,44551,TCP,1521118750480656,1500,4,5,0,35927,2,0,58,1526
4217867219,1074109250,80,49204,TCP,1521118750480659,1500,4,5,0,22437,2,0,59,32756
718026144,3618075281,6008,26612,UDP,1521118750480664,52,4,5,9,48394,2,0,54,56576
1902972905,3353385922,6890,55858,TCP,1521118750480665,576,4,5,0,62663,2,0,56,26359
2137327677,3561001266,61702,63412,UDP,1521118750480667,151,4,5,0,28297,2,0,123,41911
269242592,3978971485,443,63484,TCP,1521118750480670,818,4,5,0,42188,2,0,58,390
2005801108,3450102589,443,45200,UDP,1521118750480671,1378,4,5,8,0,2,0,58,31359
1962370036,1962334114,51353,1485,UDP,1521118750480672,1323,4,5,24,52970,2,0,58,18235
4217867219,1074109250,80,49204,TCP,1521118750480674,1500,4,5,0,22438,2,0,59,32755
2127528060,3453635074,443,3972,TCP,1521118750480678,1492,4,5,0,22398,2,0,55,53117
2359939026,1962334044,443,44551,TCP,1521118750480680,1062,4,5,0,35928,2,0,58,1963
795092544,3978971499,443,47108,TCP,1521118750480681,1500,4,5,0,864,2,0,240,62849
1962329749,1074109250,56356,1485,UDP,1521118750480683,1315,4,5,24,53526,2,0,54,22472
2127528060,3453635074,443,3972,TCP,1521118750480684,867,4,5,0,22399,2,0,55,53741
4217867219,1074109250,80,49204,TCP,1521118750480687,1500,4,5,0,22439,2,0,59,32754
1951810765,3455830190,443,26689,TCP,1521118750480688,197,4,5,0,14598,2,0,48,49503
795092544,3978971499,443,47108,TCP,1521118750480690,1500,4,5,0,865,2,0,240,62848
740685018,2270145449,80,53531,TCP,1521118750480692,1500,4,5,0,3709,2,0,240,8870
3294383253,1074109412,443,64909,TCP,1521118750480693,52,4,5,0,55303,2,0,58,31713
2087007445,2270145447,443,52475,TCP,1521118750480695,494,4,5,0,24402,2,0,116,49542
4217867219,1074109250,80,49204,TCP,1521118750480699,1500,4,5,0,22440,2,0,59,32753
3294383253,1074109412,443,64909,TCP,1521118750480700,52,4,5,0,55304,2,0,58,31712
1962370036,1962334114,51353,1485,UDP,1521118750480700,1188,4,5,24,52971,2,0,58,18369
2270456640,3978971494,80,38174,TCP,1521118750480701,52,4,5,0,55524,2,0,248,32953
718026144,3443987929,6008,11682,UDP,1521118750480701,51,4,5,9,8713,2,0,54,57115
2141754651,3391061476,7079,59306,TCP,1521118750480702,1306,4,5,0,28785,2,0,58,28325
4217867219,1074109250,80,49204,TCP,1521118750480708,1500,4,5,0,22441,2,0,59,32752
4251322546,3223274637,123,123,UDP,1521118750480709,76,4,5,0,0,2,0,53,15068
2005835792,3618740934,443,26897,UDP,1521118750480710,1378,4,5,0,0,2,0,59,45172
742189622,1962334028,80,54179,TCP,1521118750480715,52,4,5,0,1929,2,0,238,8837
4217867219,1074109250,80,49204,TCP,1521118750480722,1500,4,5,0,22442,2,0,59,32751
1536528792,3349791224,35304,51144,TCP,1521118750480723,1500,4,5,0,8819,2,0,114,27097
3997137757,3569581336,80,50848,TCP,1521118750480727,1480,4,5,0,62957,2,0,58,35273
3997137757,3569581336,80,50848,TCP,1521118750480728,1480,4,5,0,62958,2,0,58,35272
795092544,3978971499,443,47108,TCP,1521118750480729,1500,4,5,0,866,2,0,240,62847
795092544,3978971499,443,47108,TCP,1521118750480730,1500,4,5,0,867,2,0,240,62846
1962370036,1962334114,51353,1485,UDP,1521118750480732,1188,4,5,24,52972,2,0,58,18368
4217867219,1074109250,80,49204,TCP,1521118750480734,1500,4,5,0,22443,2,0,59,32750
2141754651,3390572293,7079,16238,TCP,1521118750480737,1140,4,5,0,27315,2,0,58,60399
3584920382,3484728517,80,2628,TCP,1521118750480740,1500,4,5,0,46492,0,0,246,7193
3584920382,3484728517,80,2628,TCP,1521118750480746,1500,4,5,0,46493,0,0,246,7192
738449134,3978971484,443,35262,TCP,1521118750480747,52,4,5,0,5810,2,0,241,14745
2141754651,3390572293,7079,16238,TCP,1521118750480747,218,4,5,0,27316,2,0,58,61320
4217867219,1074109250,80,49204,TCP,1521118750480748,1500,4,5,0,22444,2,0,59,32749
3525188058,3335632255,80,53481,TCP,1521118750480749,1030,4,5,0,25327,2,0,53,30393
795092544,3978971499,443,47108,TCP,1521118750480750,873,4,5,0,868,2,0,240,63472
2260923259,3390955933,1935,50388,TCP,1521118750480753,97,4,5,0,603,2,0,55,6979
3672188146,1962334020,443,42842,TCP,1521118750480753,573,4,5,0,52160,2,0,58,9964
1962329749,1074109250,56356,1485,UDP,1521118750480754,1315,4,5,24,53527,2,0,54,22471
2199535335,2270145422,449,47438,TCP,1521118750480755,997,4,5,0,63705,2,0,58,20314
3310683221,2317271739,53,34056,UDP,1521118750480756,1473,4,5,0,62413,0,0,59,28634
942637450,1074109374,443,47741,TCP,1521118750480757,1500,4,5,8,50562,2,0,246,9236
942637450,1074109374,443,47741,TCP,1521118750480759,1500,4,5,8,50563,2,0,246,9235
4217867219,1074109250,80,49204,TCP,1521118750480760,1500,4,5,0,22445,2,0,59,32748
942637450,1074109374,443,47741,TCP,1521118750480762,1500,4,5,8,50564,2,0,246,9234
942637450,1074109374,443,47741,TCP,1521118750480763,1500,4,5,8,50565,2,0,246,9233
1962370036,1962334114,51353,1485,UDP,1521118750480769,1188,4,5,24,52973,2,0,58,18367
942637450,1074109374,443,47741,TCP,1521118750480770,1500,4,5,8,50566,2,0,246,9232
4217867219,1074109250,80,49204,TCP,1521118750480771,1500,4,5,0,22446,2,0,59,32747
942637450,1074109374,443,47741,TCP,1521118750480772,1500,4,5,8,50567,2,0,246,9231
942637450,1074109374,443,47741,TCP,1521118750480774,1500,4,5,8,50568,2,0,246,9230
1744146565,3680242057,62903,21684,UDP,1521118750480776,1453,4,5,0,29892,0,0,105,64027
942637450,1074109374,443,47741,TCP,1521118750480777,1500,4,5,8,50569,2,0,246,9229
942637450,1074109374,443,47741,TCP,1521118750480778,1500,4,5,8,50570,2,0,246,9228
942637450,1074109374,443,47741,TCP,1521118750480780,1500,4,5,8,50571,2,0,246,9227
942637450,1074109374,443,47741,TCP,1521118750480781,1500,4,5,8,50572,2,0,246,9226
2260923212,3242286605,1935,22215,TCP,1521118750480783,97,4,5,0,61017,2,0,55,48095
1273792659,3449035189,443,61438,TCP,1521118750480784,52,4,5,0,22139,2,0,60,11392
4217867219,1074109250,80,49204,TCP,1521118750480785,1500,4,5,0,22447,2,0,59,32746
743801239,3446717633,443,37842,TCP,1521118750480791,1400,4,5,0,44078,2,0,244,40242
743801239,3446717633,443,37842,TCP,1521118750480792,1400,4,5,0,44079,2,0,244,40241
4217867219,1074109250,80,49204,TCP,1521118750480795,1500,4,5,0,22448,2,0,59,32745
740685018,2270145449,80,53531,TCP,1521118750480797,1500,4,5,0,3710,2,0,240,8869
3527255851,3618740937,443,49752,TCP,1521118750480799,1472,4,5,0,39106,0,0,58,63121
743801239,3446717633,443,37842,TCP,1521118750480800,1400,4,5,0,44080,2,0,244,40240
282027629,3353384091,443,37842,TCP,1521118750480802,998,4,5,0,14116,2,0,56,13371
4114527027,3558786717,27861,5864,UDP,1521118750480803,697,4,5,0,31022,2,0,115,18647
4217867219,1074109250,80,49204,TCP,1521118750480809,1500,4,5,0,22449,2,0,59,32744
742189622,1962334028,80,52941,TCP,1521118750480810,52,4,5,0,28485,2,0,237,48072
3585853436,4223554470,443,55883,TCP,1521118750480812,52,4,5,0,40627,2,0,54,47347
1962370036,1962334114,51353,1485,UDP,1521118750480813,1280,4,5,24,52974,2,0,58,18274
2559863274,3353250621,80,53565,TCP,1521118750480814,40,4,5,0,64597,2,0,58,61151
2141754651,3390613039,7079,58923,TCP,1521118750480818,1140,4,5,0,27859,2,0,58,19109
796387330,3472901880,443,1539,TCP,1521118750480818,91,4,5,8,46761,2,0,237,43384
2260923259,3391044334,1935,52752,TCP,1521118750480819,97,4,5,0,13984,2,0,55,36267
4217867219,1074109250,80,49204,TCP,1521118750480819,1500,4,5,0,22450,2,0,59,32743
3885269901,3337862051,80,39392,TCP,1521118750480826,52,4,5,0,55334,2,0,54,32484
3672201827,1962334045,80,49894,TCP,1521118750480827,1157,4,5,0,25183,2,0,61,21883
4144180405,3454861298,443,2613,TCP,1521118750480828,314,4,5,0,8824,2,0,57,11438
2260923246,3242264886,1935,44752,TCP,1521118750480829,109,4,5,0,18136,2,0,55,47114
1812582555,3337861944,443,50923,TCP,1521118750480830,1456,4,5,0,38697,0,0,250,25933
3672201827,1962334045,80,49894,TCP,1521118750480834,95,4,5,0,25184,2,0,61,22944
4217867219,1074109250,80,49204,TCP,1521118750480835,1500,4,5,0,22451,2,0,59,32742
1052798160,4041960786,443,3241,TCP,1521118750480837,52,4,5,0,1608,2,0,49,14766
740685018,2270145449,80,53531,TCP,1521118750480838,1500,4,5,0,3711,2,0,240,8868
2141754651,3390613039,7079,58923,TCP,1521118750480845,194,4,5,0,27860,2,0,58,20054
4217867219,1074109250,80,49204,TCP,1521118750480847,1500,4,5,0,22452,2,0,59,32741
2340498649,1962334015,61635,80,TCP,1521118750480849,40,4,5,0,11141,2,0,114,55482
1962329749,1074109250,56356,1485,UDP,1521118750480856,1309,4,5,24,53529,2,0,54,22475
283364704,2338943062,443,39415,TCP,1521118750480857,1492,4,5,0,34851,2,0,54,56573
283364704,2338943062,443,39415,TCP,1521118750480859,1492,4,5,0,34852,2,0,54,56572
4217867219,1074109250,80,49204,TCP,1521118750480860,1500,4,5,0,22453,2,0,59,32740
739632125,842551839,443,49620,TCP,1521118750480861,1400,4,5,0,11665,2,0,237,50820
800783747,3347702009,443,46485,TCP,1521118750480862,64,4,5,0,14461,2,0,237,32633
1962370036,1962334114,51353,1485,UDP,1521118750480862,1279,4,5,24,52975,2,0,58,18274
739632125,842551839,443,49620,TCP,1521118750480864,1400,4,5,0,11666,2,0,237,50819
3741785781,3978971484,443,35510,TCP,1521118750480867,465,4,5,0,44554,2,0,248,40664
4217867219,1074109250,80,49204,TCP,1521118750480868,1500,4,5,0,22454,2,0,59,32739
1962329749,1074109250,56356,1485,UDP,1521118750480870,1315,4,5,24,53528,2,0,54,22470
1962329749,1074109250,56356,1485,UDP,1521118750480876,1315,4,5,24,53530,2,0,54,22468
741786307,3484900731,443,55630,TCP,1521118750480878,103,4,5,0,5966,2,0,240,22294
4217867219,1074109250,80,49204,TCP,1521118750480883,1500,4,5,0,22455,2,0,59,32738
3331074607,1962334005,54392,80,TCP,1521118750480884,52,4,5,0,19553,2,0,112,33147
1962370036,1962334114,51353,1485,UDP,1521118750480886,1237,4,5,24,52976,2,0,58,18315
1774560132,3262274349,51413,51150,UDP,1521118750480888,1430,4,5,0,34696,0,0,56,51941
2260923222,3242286085,1935,54692,TCP,1521118750480890,97,4,5,0,50662,2,0,55,58960
4023727705,2321224357,443,35366,TCP,1521118750480890,52,4,5,0,28183,2,0,56,4478
3250638010,1962334036,443,33647,TCP,1521118750480892,52,4,5,0,40188,2,0,42,55553
4217867219,1074109250,80,49204,TCP,1521118750480895,1500,4,5,0,22456,2,0,59,32737
739800103,3978971491,443,52302,TCP,1521118750480898,52,4,5,0,4171,2,0,240,41899
799586877,3978971492,443,32560,TCP,1521118750480903,52,4,5,0,63294,2,0,240,29456
1774560132,3262274349,51413,51150,UDP,1521118750480907,1430,4,5,0,34697,0,0,56,51940
4217867219,1074109250,80,49204,TCP,1521118750480908,1500,4,5,0,22457,2,0,59,32736
1774560132,3262274349,51413,51150,UDP,1521118750480909,1430,4,5,0,34698,0,0,56,51939
3742243583,3569582605,80,37151,TCP,1521118750480911,40,4,5,0,62278,2,0,56,65194
272469309,1962334034,443,41360,TCP,1521118750480911,367,4,5,0,1762,2,0,53,21476
795092544,3978971493,443,19140,TCP,1521118750480916,529,4,5,0,50213,2,0,240,14477
1962370036,1962334114,51353,1485,UDP,1521118750480917,1237,4,5,24,52977,2,0,58,18314
4217867219,1074109250,80,49204,TCP,1521118750480918,1500,4,5,0,22458,2,0,59,32735
3741785778,3452474210,443,50550,TCP,1521118750480922,40,4,5,0,53817,2,0,248,20913
3741785778,3452474210,443,50550,TCP,1521118750480922,40,4,5,0,53818,2,0,248,20912
796384405,3452499172,443,50202,TCP,1521118750480922,40,4,5,0,64690,2,0,237,49762
2260923212,3242294149,1935,51273,TCP,1521118750480924,97,4,5,0,35079,2,0,55,954
282333703,3618636760,443,32825,TCP,1521118750480925,221,4,5,0,63667,2,0,239,37891
4217867219,1074109250,80,49204,TCP,1521118750480929,1500,4,5,0,22459,2,0,59,32734
1262695699,3473706193,443,56630,TCP,1521118750480932,185,4,5,0,46766,2,0,60,43868
3744282649,3455008389,54972,41767,UDP,1521118750480938,409,4,5,0,15694,2,0,120,41034
1280621862,4107095776,27015,27005,UDP,1521118750480943,174,4,5,0,15477,2,0,58,46753
2285206463,3453510055,10195,45093,UDP,1521118750480943,50,4,5,0,21356,2,0,54,48602
4217867219,1074109250,80,49204,TCP,1521118750480945,1500,4,5,0,22460,2,0,59,32733
1962370036,1962334114,51353,1485,UDP,1521118750480949,1236,4,5,24,52978,2,0,58,18314
4217867219,1074109250,80,49204,TCP,1521118750480955,1500,4,5,0,22461,2,0,59,32732
2260923259,3242288829,1935,47490,TCP,1521118750480956,97,4,5,0,35838,2,0,55,5468
2260923246,3390613070,1935,22138,TCP,1521118750480956,97,4,5,0,60292,2,0,55,28026
799019905,3978971485,443,56038,TCP,1521118750480960,1500,4,5,0,55633,2,0,240,12833
799019905,3978971485,443,56038,TCP,1521118750480962,1500,4,5,0,55634,2,0,240,12832
3741785781,3978971484,443,23144,TCP,1521118750480965,52,4,5,0,7033,2,0,248,13063
3741785781,3978971486,443,34542,TCP,1521118750480965,465,4,5,0,29901,2,0,248,55315
3314518690,3453635074,443,59837,TCP,1521118750480966,268,4,5,0,1236,2,0,55,54793
2260923212,4098065789,1935,59932,TCP,1521118750480968,97,4,5,0,23144,2,0,55,62814
4217867219,1074109250,80,49204,TCP,1521118750480969,1500,4,5,0,22462,2,0,59,32731
799019905,3978971485,443,56038,TCP,1521118750480978,1500,4,5,0,55635,2,0,240,12831
4217867219,1074109250,80,49204,TCP,1521118750480980,1500,4,5,0,22463,2,0,59,32730
3314518690,3453635074,443,59837,TCP,1521118750480984,83,4,5,0,1237,2,0,55,54977
2260923251,3390979205,1935,10257,TCP,1521118750480986,97,4,5,0,44262,2,0,55,5591
2087007445,2270145412,443,22954,TCP,1521118750480987,494,4,5,0,14201,2,0,116,59778
132833602,3890314061,53,13049,UDP,1521118750480987,183,4,5,0,47729,0,0,58,31081
4217867219,1074109250,80,49204,TCP,1521118750480991,1500,4,5,0,22464,2,0,59,32729
799019905,3978971485,443,56038,TCP,1521118750480994,1500,4,5,0,55636,2,0,240,12830
2340595168,1962333969,52727,443,TCP,1521118750480996,52,4,5,0,0,2,0,51,51801
431856463,3399954127,44632,6881,UDP,1521118750480996,48,4,5,0,6961,0,0,116,32009
2377634709,4041960793,443,49913,TCP,1521118750481000,1480,4,5,0,62934,2,0,60,33735
1962370036,1962334114,51353,1485,UDP,1521118750481001,1382,4,5,24,52979,2,0,58,18167
2377634709,4041960793,443,49913,TCP,1521118750481003,1480,4,5,0,62935,2,0,60,33734
4217867219,1074109250,80,49204,TCP,1521118750481004,1500,4,5,0,22465,2,0,59,32728
3978975892,3978971499,56406,80,TCP,1521118750481009,52,4,5,0,30937,2,0,54,19862
271675536,1962334031,443,63773,TCP,1521118750481015,406,4,5,0,65246,2,0,58,29564
3978975892,3978971499,56406,80,TCP,1521118750481016,93,4,5,0,30938,2,0,54,19820
4217867219,1074109250,80,49204,TCP,1521118750481018,1500,4,5,0,22466,2,0,59,32727
2005170347,4107078382,443,59528,TCP,1521118750481019,40,4,5,0,5583,2,0,247,32277
2137332786,3484914541,56418,60898,UDP,1521118750481020,718,4,5,0,7952,2,0,123,57170
597966835,3614059884,8999,54506,TCP,1521118750481022,1460,4,5,0,1996,2,0,116,37130
597966835,3614059884,8999,54506,TCP,1521118750481023,1460,4,5,0,1997,2,0,116,37129
1956130281,3242267034,80,51867,TCP,1521118750481024,1476,4,5,0,62379,2,0,54,54827
1445374415,3390999954,52687,16881,TCP,1521118750481025,108,4,5,0,4117,2,0,115,40912
4217867219,1074109250,80,49204,TCP,1521118750481031,1500,4,5,0,22467,2,0,59,32726
739849420,3617835984,443,9980,TCP,1521118750481035,52,4,5,0,17532,2,0,240,16878
4217867219,1074109250,80,49204,TCP,1521118750481041,1500,4,5,0,22468,2,0,59,32725
790048017,3336346636,61200,80,TCP,1521118750481043,60,4,5,0,21457,2,0,241,30425
358335756,1962334022,443,39655,TCP,1521118750481044,40,4,5,0,45080,2,0,244,45074
1962370036,1962334114,51353,1485,UDP,1521118750481047,1381,4,5,24,52980,2,0,58,18167
799019905,3978971485,443,56038,TCP,1521118750481049,1500,4,5,0,55637,2,0,240,12829
799019905,3978971485,443,56038,TCP,1521118750481051,1500,4,5,0,55638,2,0,240,12828
2260923246,3390997234,1935,57867,TCP,1521118750481052,97,4,5,0,36045,2,0,55,61319
4217867219,1074109250,80,49204,TCP,1521118750481053,1500,4,5,0,22469,2,0,59,32724
2340595091,283728570,54416,443,TCP,1521118750481064,1492,4,5,0,32650,2,0,115,58848
738467342,3348704970,443,64948,TCP,1521118750481066,256,4,5,0,29211,2,0,240,55142
4217867219,1074109250,80,49204,TCP,1521118750481068,1500,4,5,0,22470,2,0,59,32723
741768668,4109936437,443,4328,TCP,1521118750481070,949,4,5,0,32043,2,0,240,50134
3978976539,3978971487,443,30534,TCP,1521118750481076,52,4,5,0,3243,2,0,61,45129
4217867219,1074109250,80,49204,TCP,1521118750481079,1500,4,5,0,22471,2,0,59,32722
4217867219,1074109250,80,49204,TCP,1521118750481091,1500,4,5,0,22472,2,0,59,32721
1691408849,3890314058,53,44919,UDP,1521118750481094,107,4,5,0,12574,0,0,58,44438
799019905,3978971485,443,56038,TCP,1521118750481097,1500,4,5,0,55639,2,0,240,12827
799019905,3978971485,443,56038,TCP,1521118750481098,1500,4,5,0,55640,2,0,240,12826
1756040350,2199522647,9434,445,TCP,1521118750481101,40,4,5,0,25948,2,0,121,38585
3584920382,3484728517,80,2628,TCP,1521118750481103,1500,4,5,0,46495,0,0,246,7190
4217867219,1074109250,80,49204,TCP,1521118750481105,1500,4,5,0,22473,2,0,59,32720
1181669457,2324839494,11136,34914,UDP,1521118750481106,48,4,5,0,26984,0,0,114,63932
1962370036,1962334114,51353,1485,UDP,1521118750481106,1089,4,5,24,52981,2,0,58,18458
1442251532,4109904406,80,63862,TCP,1521118750481108,1480,4,5,0,0,2,0,56,50462
2260923251,3242263574,1935,41327,TCP,1521118750481110,97,4,5,0,41783,2,0,55,24786
1962370036,1962334114,51353,1485,UDP,1521118750481112,1089,4,5,24,52982,2,0,58,18457
3584920382,3484728517,80,2628,TCP,1521118750481115,1500,4,5,0,46496,0,0,246,7189
4217867219,1074109250,80,49204,TCP,1521118750481116,1500,4,5,0,22474,2,0,59,32719
1123059657,2336051423,6882,36789,UDP,1521118750481120,1471,4,5,0,35616,0,0,54,19768
843300240,3390613343,443,63489,TCP,1521118750481122,40,4,5,0,55156,2,0,56,2576
3556630390,4093898778,54529,2369,UDP,1521118750481126,1308,4,5,0,22045,2,0,119,4385
3584920382,3484728517,80,2628,TCP,1521118750481128,1500,4,5,0,46497,0,0,246,7188
4217867219,1074109250,80,49204,TCP,1521118750481129,1500,4,5,0,22475,2,0,59,32718
829889017,3453501727,36728,389,UDP,1521118750481130,80,4,5,0,48982,0,0,246,43742
3585067633,4104016705,5222,49784,TCP,1521118750481133,97,4,5,0,43667,2,0,54,45570
1904779786,3608918986,12515,26454,UDP,1521118750481134,48,4,5,0,24988,0,0,117,15784
3488883712,855485143,19163,47010,UDP,1521118750481135,1032,4,5,0,18979,0,0,116,9977
3250638010,1962334036,443,33647,TCP,1521118750481136,52,4,5,0,40189,2,0,42,55552
2260923259,3390571829,1935,16164,TCP,1521118750481136,97,4,5,0,59829,2,0,55,4182
3992027725,3390903696,443,53352,TCP,1521118750481138,52,4,5,0,44922,2,0,88,9053
4217867219,1074109250,80,49204,TCP,1521118750481139,1500,4,5,0,22476,2,0,59,32717
3556630390,4093898778,54529,2369,UDP,1521118750481140,1390,4,5,0,22046,2,0,119,4302
3584920382,3484728517,80,2628,TCP,1521118750481143,1500,4,5,0,46498,0,0,246,7187
1781508117,2199522778,54584,445,TCP,1521118750481145,52,4,5,0,17314,2,0,110,9705
1777148752,3607368426,60745,16865,UDP,1521118750481145,1455,4,5,0,12331,0,0,116,39399
1739435852,3334585552,80,51310,TCP,1521118750481149,1480,4,5,0,60246,2,0,57,46669
2075950845,3452499745,80,36387,TCP,1521118750481150,52,4,5,0,5274,2,0,58,27782
942637450,1074109374,443,47741,TCP,1521118750481150,1500,4,5,8,50682,2,0,246,9116
283268162,1074109316,443,64497,TCP,1521118750481152,1500,4,5,0,4855,2,0,57,59511
942637450,1074109374,443,47741,TCP,1521118750481153,1500,4,5,8,50683,2,0,246,9115
2211448054,3447549812,61456,6672,UDP,1521118750481154,102,4,5,0,7783,2,0,119,8040
942637450,1074109374,443,47741,TCP,1521118750481154,1500,4,5,8,50684,2,0,246,9114
4217867219,1074109250,80,49204,TCP,1521118750481156,1500,4,5,0,22477,2,0,59,32716
739849420,3617835984,443,9980,TCP,1521118750481157,198,4,5,0,17533,2,0,240,16731
1962370036,1962334114,51353,1485,UDP,1521118750481157,1087,4,5,24,52983,2,0,58,18458
942637450,1074109374,443,47741,TCP,1521118750481158,1500,4,5,8,50685,2,0,246,9113
269242584,3978971498,443,60418,TCP,1521118750481160,1480,4,5,0,36900,2,0,58,5011
942637450,1074109374,443,47741,TCP,1521118750481161,1500,4,5,8,50686,2,0,246,9112
3331064610,1962334005,51583,80,TCP,1521118750481162,52,4,5,0,32299,2,0,112,30398
269242584,3978971498,443,60418,TCP,1521118750481162,1480,4,5,0,36901,2,0,58,5010
942637450,1074109374,443,47741,TCP,1521118750481164,1500,4,5,8,50687,2,0,246,9111
942637450,1074109374,443,47741,TCP,1521118750481165,1500,4,5,8,50688,2,0,246,9110
283268162,1074109316,443,64497,TCP,1521118750481166,1500,4,5,0,4856,2,0,57,59510
795096381,3350331363,80,59205,TCP,1521118750481167,40,4,5,0,50173,2,0,240,39579
799019905,3978971485,443,56038,TCP,1521118750481167,1500,4,5,0,55641,2,0,240,12825
799019905,3978971485,443,56038,TCP,1521118750481169,1500,4,5,0,55642,2,0,240,12824
4217867219,1074109250,80,49204,TCP,1521118750481171,1500,4,5,0,22478,2,0,59,32715
1962329749,1074109250,56356,1485,UDP,1521118750481172,1354,4,5,24,53531,2,0,54,22428
283268162,1074109316,443,64497,TCP,1521118750481173,875,4,5,0,4857,2,0,57,60134
942637450,1074109374,443,47741,TCP,1521118750481174,1500,4,5,8,50689,2,0,246,9109
942637450,1074109374,443,47741,TCP,1521118750481175,1500,4,5,8,50690,2,0,246,9108
3471878006,3455008426,5938,53235,TCP,1521118750481176,40,4,5,0,28969,2,0,119,4006
2279000368,3455008409,443,52248,TCP,1521118750481176,1404,4,5,0,27928,2,0,59,28628
942637450,1074109374,443,47741,TCP,1521118750481178,1500,4,5,8,50691,2,0,246,9107
2279000368,3455008409,443,52248,TCP,1521118750481179,1404,4,5,0,27929,2,0,59,28627
4217867219,1074109250,80,49204,TCP,1521118750481180,1500,4,5,0,22479,2,0,59,32714
1056348809,3445813106,45004,64682,UDP,1521118750481181,1064,4,5,0,28671,2,0,240,32880
942637450,1074109374,443,47741,TCP,1521118750481182,1500,4,5,8,50692,2,0,246,9106
942637450,1074109374,443,47741,TCP,1521118750481184,561,4,5,8,50693,2,0,246,10044
569173632,1962334036,9482,57927,TCP,1521118750481184,52,4,5,0,19077,2,0,53,42631
1962370036,1962334114,51353,1485,UDP,1521118750481185,1211,4,5,24,52984,2,0,58,18333
2260923251,3242275675,1935,56066,TCP,1521118750481186,97,4,5,0,4595,2,0,55,49873
2277879271,3390990589,993,63259,TCP,1521118750481186,1500,4,5,0,59754,2,0,56,60136
1962329749,1074109250,56356,1485,UDP,1521118750481188,1171,4,5,24,53532,2,0,54,22610
4217867219,1074109250,80,49204,TCP,1521118750481189,1500,4,5,0,22480,2,0,59,32713
1056348809,3445813106,45004,64682,UDP,1521118750481190,1064,4,5,0,28672,2,0,240,32879
3289264555,3890314059,53,36763,UDP,1521118750481192,145,4,5,0,60318,2,0,54,65494
3877058099,4030665138,53,36763,UDP,1521118750481196,584,4,5,32,28883,0,0,248,12372
4217867219,1074109250,80,49204,TCP,1521118750481203,1500,4,5,0,22481,2,0,59,32712
1056348809,3445813106,45004,64682,UDP,1521118750481204,1063,4,5,0,28673,2,0,240,32879
1355977744,3390875008,1024,43600,UDP,1521118750481205,48,4,5,0,5807,0,0,116,56206
2489054920,3396739933,80,59429,TCP,1521118750481207,40,4,5,0,49162,2,0,57,2254
1962329749,1074109250,56356,1485,UDP,1521118750481212,1354,4,5,24,53534,2,0,54,22425
3997137757,3569581336,80,50848,TCP,1521118750481214,1480,4,5,0,62959,2,0,58,35271
3312310483,3978971486,80,62116,TCP,1521118750481215,52,4,5,0,23828,2,0,50,5862
3997137757,3569581336,80,50848,TCP,1521118750481215,1480,4,5,0,62960,2,0,58,35270
2277879271,3390990589,993,63259,TCP,1521118750481216,1500,4,5,0,59755,2,0,56,60135
3466823011,3257583254,58116,3128,TCP,1521118750481217,40,4,5,0,36884,0,0,247,22259
2260923222,3242264877,1935,50168,TCP,1521118750481217,97,4,5,0,57735,2,0,55,7560
4217867219,1074109250,80,49204,TCP,1521118750481218,1500,4,5,0,22482,2,0,59,32711
1056348809,3445813106,45004,64682,UDP,1521118750481226,1064,4,5,0,28674,2,0,240,32877
2260923212,3391007433,1935,50996,TCP,1521118750481227,97,4,5,0,43685,2,0,55,43514
1962370036,1962334114,51353,1485,UDP,1521118750481227,1211,4,5,24,52985,2,0,58,18332
4217867219,1074109250,80,49204,TCP,1521118750481229,1500,4,5,0,22483,2,0,59,32710
3272940864,3223150537,15360,58695,UDP,1521118750481231,48,4,5,16,31264,0,0,118,51792
1056348809,3445813106,45004,64682,UDP,1521118750481237,1063,4,5,0,28675,2,0,240,32877
2127528039,3334504431,443,14402,TCP,1521118750481238,1492,4,5,0,30846,2,0,55,32703
4217867219,1074109250,80,49204,TCP,1521118750481241,1500,4,5,0,22484,2,0,59,32709
4217867219,1074109250,80,49204,TCP,1521118750481243,216,4,5,0,22485,2,0,59,33992
1962329749,1074109250,56356,1485,UDP,1521118750481253,1354,4,5,24,53533,2,0,54,22426
1177843429,4223574900,25481,26771,UDP,1521118750481255,80,4,5,0,7908,0,0,47,4205
1674123861,3349898402,56447,62802,TCP,1521118750481261,52,4,5,0,15959,2,0,116,7681
2127528039,3334504431,443,14402,TCP,1521118750481264,1492,4,5,0,30847,2,0,55,32702
752794826,3559018495,443,51392,TCP,1521118750481267,1472,4,5,0,15102,2,0,239,15727
2026418739,3446784872,41485,1024,UDP,1521118750481269,1151,4,5,0,65131,0,0,52,51244
752794826,3559018495,443,51392,TCP,1521118750481270,1472,4,5,0,15103,2,0,239,15726
1962370036,1962334114,51353,1485,UDP,1521118750481271,1210,4,5,24,52986,2,0,58,18332
2172202647,4093711853,9306,3432,UDP,1521118750481272,83,4,5,0,25086,0,0,57,26013
2127528039,3334504431,443,14402,TCP,1521118750481275,1492,4,5,0,30848,2,0,55,32701
796330449,4041192770,443,62121,TCP,1521118750481281,40,4,5,8,28125,2,0,237,16512
743736485,3350286954,443,3498,TCP,1521118750481283,1492,4,5,0,39210,2,0,245,7140
2277879271,3390990589,993,63259,TCP,1521118750481285,1500,4,5,0,59756,2,0,56,60134
743736485,3350286954,443,3498,TCP,1521118750481286,1492,4,5,0,39211,2,0,245,7139
360213853,2338149405,443,51909,TCP,1521118750481287,40,4,5,0,59651,2,0,241,15996
738508114,3978971495,443,24380,TCP,1521118750481287,498,4,5,0,18850,2,0,241,7803
2260923246,3396741874,1935,50891,TCP,1521118750481288,97,4,5,0,33522,2,0,55,20747
740685018,2270145449,80,53531,TCP,1521118750481288,1500,4,5,0,3712,2,0,240,8867
2127528039,3334504431,443,14402,TCP,1521118750481289,1492,4,5,0,30849,2,0,55,32700
3527255913,3618740937,443,26744,UDP,1521118750481290,1378,4,5,0,0,2,0,58,20329
3527255913,3618740937,443,26744,UDP,1521118750481292,1378,4,5,0,0,2,0,58,20329
3720700072,3391070146,443,36258,TCP,1521118750481293,489,4,5,0,59768,2,0,241,63045
741534568,3338520074,443,37777,TCP,1521118750481293,52,4,5,0,42051,2,0,237,17629
2277879271,3390990589,993,63259,TCP,1521118750481298,1500,4,5,0,59757,2,0,56,60133
269242603,3978971493,443,9032,TCP,1521118750481299,1480,4,5,0,18562,2,0,58,23335
269242603,3978971493,443,9032,TCP,1521118750481300,1480,4,5,0,18563,2,0,58,23334
2127528039,3334504431,443,14402,TCP,1521118750481302,1492,4,5,0,30850,2,0,55,32699
2260923212,3396739642,1935,50128,TCP,1521118750481303,97,4,5,0,57904,2,0,55,64166
2260923259,3391036700,1935,50490,TCP,1521118750481303,97,4,5,0,44650,2,0,51,14259
132803794,3242272814,80,33098,TCP,1521118750481309,1420,4,5,8,1222,2,0,59,55154
132803794,3242272814,80,33098,TCP,1521118750481310,1420,4,5,8,1223,2,0,59,55153
1821906474,3455648090,21469,64110,UDP,1521118750481316,48,4,5,0,24336,0,0,120,37271
3741785781,3978971490,443,19550,TCP,1521118750481324,52,4,5,0,59300,2,0,248,26325
3494302114,4041960793,5222,49629,TCP,1521118750481324,52,4,5,0,24629,2,0,56,57952
1962370036,1962334114,51353,1485,UDP,1521118750481325,1377,4,5,24,52987,2,0,58,18164
788646944,3448447665,443,65044,TCP,1521118750481328,1340,4,5,0,36197,2,0,239,3576
1962370036,1962334114,51353,1485,UDP,1521118750481330,1377,4,5,24,52988,2,0,58,18163
740685018,2270145449,80,53531,TCP,1521118750481331,1500,4,5,0,3713,2,0,240,8866
2127528039,3334504431,443,14402,TCP,1521118750481333,1492,4,5,0,30851,2,0,55,32698
2260923222,3242289330,1935,10049,TCP,1521118750481336,97,4,5,0,31516,2,0,55,9326
4173841903,3569702819,80,44618,TCP,1521118750481338,1480,4,5,0,20140,2,0,52,1892
4173841903,3569702819,80,44618,TCP,1521118750481339,1480,4,5,0,20141,2,0,52,1891
3744282649,3455008389,54972,41767,UDP,1521118750481344,1223,4,5,0,15695,2,0,120,40219
740685018,2270145449,80,53531,TCP,1521118750481345,1500,4,5,0,3714,2,0,240,8865
2127528039,3334504431,443,14402,TCP,1521118750481349,1492,4,5,0,30852,2,0,55,32697
788646944,3448447665,443,65044,TCP,1521118750481351,1340,4,5,0,36198,2,0,239,3575
3744282649,3455008389,54972,41767,UDP,1521118750481356,1397,4,5,0,15696,2,0,120,40044
795092544,3978971495,443,61546,TCP,1521118750481360,1500,4,5,0,25955,2,0,240,37762
795092544,3978971495,443,61546,TCP,1521118750481365,1500,4,5,0,25956,2,0,240,37761
2260923259,3391012231,1935,50953,TCP,1521118750481366,97,4,5,0,63867,2,0,55,18487
788646944,3448447665,443,65044,TCP,1521118750481371,1340,4,5,0,36199,2,0,239,3574
788646944,3448447665,443,65044,TCP,1521118750481372,284,4,5,0,36200,2,0,239,4629
790934744,4099494608,443,26926,TCP,1521118750481374,89,4,5,0,8578,2,0,237,16630
2005170347,4107078382,443,59528,TCP,1521118750481377,1452,4,5,0,5603,2,0,247,30845
1962370036,1962334114,51353,1485,UDP,1521118750481379,1409,4,5,24,52989,2,0,58,18130
795092544,3978971495,443,61546,TCP,1521118750481380,1500,4,5,0,25957,2,0,240,37760
795092544,3978971495,443,61546,TCP,1521118750481381,539,4,5,0,25958,2,0,240,38720
2005170347,4107078382,443,59528,TCP,1521118750481382,1234,4,5,0,5604,2,0,247,31062
740685018,2270145449,80,53531,TCP,1521118750481383,1500,4,5,0,3715,2,0,240,8864
790934744,4099494608,443,26926,TCP,1521118750481384,52,4,5,0,8579,2,0,237,16666
740685018,2270145449,80,53531,TCP,1521118750481387,1500,4,5,0,3716,2,0,240,8863
2280867297,3472905871,443,32911,TCP,1521118750481388,40,4,5,0,26178,2,0,51,60969
4173841903,3569702819,80,44618,TCP,1521118750481392,1480,4,5,0,20142,2,0,52,1890
2260923246,3242264662,1935,52475,TCP,1521118750481393,97,4,5,0,63665,2,0,55,1821
4173841903,3569702819,80,44618,TCP,1521118750481393,1480,4,5,0,20143,2,0,52,1889
3310683221,2317271739,53,34056,UDP,1521118750481395,1473,4,5,0,62414,0,0,59,28633
2377634709,3390888159,80,35263,TCP,1521118750481396,1500,4,5,0,13607,2,0,60,65451
2377634709,3390888159,80,35263,TCP,1521118750481398,1500,4,5,0,13608,2,0,60,65450
2483256890,1962334038,80,45030,TCP,1521118750481399,503,4,5,0,48123,2,0,56,9851
1258894756,3396760917,80,55691,TCP,1521118750481400,1500,4,5,0,40218,2,0,59,56456
269242575,3978971484,80,19486,TCP,1521118750481401,1480,4,5,0,24650,2,0,58,17284
1962370036,1962334114,51353,1485,UDP,1521118750481402,1409,4,5,24,52990,2,0,58,18129
269242575,3978971484,80,19486,TCP,1521118750481405,1480,4,5,0,24651,2,0,58,17283
3672192663,1962334019,39485,443,TCP,1521118750481407,52,4,5,0,30628,2,0,60,26989
504317775,3472993356,443,59492,TCP,1521118750481407,1450,4,5,0,45355,2,0,91,34934
504317775,3472993356,443,59492,TCP,1521118750481408,1450,4,5,0,45356,2,0,91,34933
3672192663,1962334019,39485,443,TCP,1521118750481409,52,4,5,0,30629,2,0,60,26988
1258894756,3396760917,80,55691,TCP,1521118750481414,1500,4,5,0,40219,2,0,59,56455
2260923259,3242271101,1935,50770,TCP,1521118750481416,97,4,5,0,55694,2,0,55,3340
740685018,2270145449,80,53531,TCP,1521118750481421,1500,4,5,0,3717,2,0,240,8862
3306169084,3451531206,443,49876,TCP,1521118750481422,457,4,5,0,48618,2,0,246,57270
2260923212,3391012154,1935,52048,TCP,1521118750481422,97,4,5,0,13286,2,0,55,3657
2277879271,3390990589,993,63259,TCP,1521118750481423,1500,4,5,0,59758,2,0,56,60132
1928490204,4107108550,80,49354,TCP,1521118750481425,40,4,5,0,31979,2,0,57,28546
3584893391,3450125837,5222,26902,TCP,1521118750481431,1480,4,5,0,14150,2,0,54,33979
2277879271,3390990589,993,63259,TCP,1521118750481434,1500,4,5,0,59759,2,0,56,60131
1264309528,3978971485,443,23390,TCP,1521118750481438,1500,4,5,32,65024,2,0,61,58111
1264309528,3978971485,443,23390,TCP,1521118750481439,1500,4,5,32,65025,2,0,61,58110
3542516066,4030665149,443,52920,UDP,1521118750481440,1378,4,5,0,0,2,0,58,58629
3584893391,3450125837,5222,26902,TCP,1521118750481443,1480,4,5,0,14151,2,0,54,33978
1962370036,1962334114,51353,1485,UDP,1521118750481445,1171,4,5,24,52991,2,0,58,18366
3584893391,3450125837,5222,26902,TCP,1521118750481456,1480,4,5,0,14152,2,0,54,33977
255796787,3390988385,9187,55871,UDP,1521118750481457,1456,4,5,0,10024,0,0,116,47651
740685018,2270145449,80,53531,TCP,1521118750481459,1500,4,5,0,3718,2,0,240,8861
742666820,3978971499,443,31344,TCP,1521118750481466,52,4,5,0,49881,2,0,240,13004
2260923259,3396760917,1935,50797,TCP,1521118750481466,97,4,5,0,59316,2,0,55,41432
1962370036,1962334114,51353,1485,UDP,1521118750481467,1171,4,5,24,52992,2,0,58,18365
3584893391,3450125837,5222,26902,TCP,1521118750481468,1480,4,5,0,14153,2,0,54,33976
739856165,3978971493,443,38680,TCP,1521118750481470,52,4,5,0,39387,2,0,234,17690
942637450,1074109374,443,47741,TCP,1521118750481470,1500,4,5,8,50789,2,0,246,9009
269242580,3978971494,443,35168,TCP,1521118750481471,52,4,5,0,13918,2,0,58,29429
942637450,1074109374,443,47741,TCP,1521118750481471,1500,4,5,8,50790,2,0,246,9008
942637450,1074109374,443,47741,TCP,1521118750481473,1500,4,5,8,50791,2,0,246,9007
942637450,1074109374,443,47741,TCP,1521118750481474,1500,4,5,8,50792,2,0,246,9006
3584893391,3450125837,5222,26902,TCP,1521118750481479,1480,4,5,0,14154,2,0,54,33975
1218785612,3348719163,52712,1149,UDP,1521118750481480,1466,4,5,0,60,0,0,115,39473
942637450,1074109374,443,47741,TCP,1521118750481482,1500,4,5,8,50793,2,0,246,9005
942637450,1074109374,443,47741,TCP,1521118750481483,1500,4,5,8,50794,2,0,246,9004
3403274093,3454819265,57275,6222,TCP,1521118750481484,40,4,5,0,50599,0,0,248,12595
942637450,1074109374,443,47741,TCP,1521118750481484,1500,4,5,8,50795,2,0,246,9003
1999566081,3391067266,3389,49823,TCP,1521118750481486,40,4,5,0,28698,2,0,117,51939
942637450,1074109374,443,47741,TCP,1521118750481486,1500,4,5,8,50796,2,0,246,9002
817195574,283551930,52973,80,TCP,1521118750481488,52,4,5,0,30290,2,0,51,31974
268651664,3347704417,65515,51903,UDP,1521118750481488,1400,4,5,0,0,2,0,57,11767
942637450,1074109374,443,47741,TCP,1521118750481490,1500,4,5,8,50797,2,0,246,9001
942637450,1074109374,443,47741,TCP,1521118750481492,1500,4,5,8,50798,2,0,246,9000
2137327677,3561001266,61702,63412,UDP,1521118750481493,533,4,5,0,28298,2,0,123,41528
942637450,1074109374,443,47741,TCP,1521118750481494,1500,4,5,8,50799,2,0,246,8999
942637450,1074109374,443,47741,TCP,1521118750481495,561,4,5,8,50800,2,0,246,9937
3877058099,4030665138,443,47741,TCP,1521118750481495,1464,4,5,32,28893,2,0,248,60633
268651664,3347704417,65515,51903,UDP,1521118750481497,1400,4,5,0,0,2,0,57,11767
3584893391,3450125837,5222,26902,TCP,1521118750481498,1480,4,5,0,14155,2,0,54,33974
3318875885,3453614014,60322,7751,UDP,1521118750481499,96,4,5,0,9857,0,0,116,36276
740685018,2270145449,80,53531,TCP,1521118750481499,1500,4,5,0,3719,2,0,240,8860
1962370036,1962334114,51353,1485,UDP,1521118750481501,1170,4,5,24,52993,2,0,58,18365
268651664,3347704417,65515,51903,UDP,1521118750481502,1400,4,5,0,0,2,0,57,11767
268651664,3347704417,65515,51903,UDP,1521118750481503,1400,4,5,0,0,2,0,57,11767
268651664,3347704417,65515,51903,UDP,1521118750481504,1400,4,5,0,0,2,0,57,11767
3584893391,3450125837,5222,26902,TCP,1521118750481506,1480,4,5,0,14156,2,0,54,33973
268651664,3347704417,65515,51903,UDP,1521118750481507,1400,4,5,0,0,2,0,57,11767
268651664,3347704417,65515,51903,UDP,1521118750481508,1400,4,5,0,0,2,0,57,11767
268651664,3347704417,65515,51903,UDP,1521118750481509,1400,4,5,0,0,2,0,57,11767
268651664,3347704417,65515,51903,UDP,1521118750481510,1400,4,5,0,0,2,0,57,11767
742666820,3978971499,443,31344,TCP,1521118750481512,83,4,5,0,49882,2,0,240,12972
268651664,3347704417,65515,51903,UDP,1521118750481512,1400,4,5,0,0,2,0,57,11767
3335984953,3455737260,24323,26139,UDP,1521118750481513,48,4,5,0,29563,0,0,116,51594
742666820,3978971499,443,31344,TCP,1521118750481513,52,4,5,0,49883,2,0,240,13002
740685018,2270145449,80,53531,TCP,1521118750481517,1500,4,5,0,3720,2,0,240,8859
3584893391,3450125837,5222,26902,TCP,1521118750481518,1480,4,5,0,14157,2,0,54,33972
3742025011,3443986458,4379,65141,UDP,1521118750481521,136,4,5,0,233,2,0,124,31708
1962370036,1962334114,51353,1485,UDP,1521118750481522,1464,4,5,24,52994,2,0,58,18070
1280619379,3348630743,8064,21674,TCP,1521118750481524,1452,4,5,0,30923,2,0,58,61001
2127528039,3334504431,443,14402,TCP,1521118750481525,1492,4,5,0,30853,2,0,55,32696
3584893391,3450125837,5222,26902,TCP,1521118750481529,1480,4,5,0,14158,2,0,54,33971
739608387,3350288233,443,30261,TCP,1521118750481532,121,4,5,0,44315,2,0,238,3312
150836219,3472949316,443,36863,TCP,1521118750481534,1480,4,5,0,24274,0,0,56,45600
150836219,3472949316,443,36863,TCP,1521118750481535,1480,4,5,0,24275,0,0,56,45599
3584893391,3450125837,5222,26902,TCP,1521118750481538,1297,4,5,0,14159,2,0,54,34153
2127528039,3334504431,443,14402,TCP,1521118750481547,1492,4,5,0,30854,2,0,55,32695
3370063996,2325249769,34436,49340,TCP,1521118750481550,64,4,5,0,27801,2,0,47,62529
2260923259,3242263574,1935,33663,TCP,1521118750481553,97,4,5,0,24721,2,0,55,41840
743196199,3607596253,80,59330,TCP,1521118750481555,40,4,5,0,54356,2,0,237,58146
3992027725,3390903696,443,53352,TCP,1521118750481556,198,4,5,0,44923,2,0,88,8906
1190350714,3390572235,80,63140,TCP,1521118750481560,40,4,5,0,65010,2,0,53,57484
742666820,3978971499,443,31344,TCP,1521118750481560,52,4,5,0,49884,2,0,240,13001
1962370036,1962334114,51353,1485,UDP,1521118750481566,1464,4,5,24,52995,2,0,58,18069
1190350714,3390572235,80,63140,TCP,1521118750481567,40,4,5,0,65011,2,0,53,57483
1962370036,1962334114,51353,1485,UDP,1521118750481572,1463,4,5,24,52996,2,0,58,18069
2260923259,3390571946,1935,47583,TCP,1521118750481573,109,4,5,0,53305,2,0,55,10577
1280619379,3348630743,8064,21674,TCP,1521118750481573,1295,4,5,0,30924,2,0,58,61157
2260923222,3390571982,1935,5962,TCP,1521118750481575,97,4,5,0,19490,2,0,55,44405
740685018,2270145449,80,53531,TCP,1521118750481576,1500,4,5,0,3721,2,0,240,8858
2260923212,3390937668,1935,58029,TCP,1521118750481577,97,4,5,0,61478,2,0,55,29951
3978970918,3978971486,80,58776,TCP,1521118750481580,52,4,5,0,12588,2,0,60,41662
738410095,3978971490,443,40184,TCP,1521118750481581,643,4,5,0,4486,2,0,241,54511
1497045274,284070315,443,40184,TCP,1521118750481584,84,4,5,0,0,2,0,47,14011
740685018,2270145449,80,53531,TCP,1521118750481588,1500,4,5,0,3722,2,0,240,8857
794532909,1962334046,80,42293,TCP,1521118750481589,783,4,5,0,54925,2,0,236,40317
1235721153,4225200978,443,43521,TCP,1521118750481590,1500,4,5,0,34462,2,0,58,24555
1235721153,4225200978,443,43521,TCP,1521118750481591,1500,4,5,0,34463,2,0,58,24554
790934744,4099494608,443,26926,TCP,1521118750481592,52,4,5,0,8580,2,0,237,16665
1235721153,4225200978,443,43521,TCP,1521118750481594,1500,4,5,0,34464,2,0,58,24553
1235721153,4225200978,443,43521,TCP,1521118750481595,1500,4,5,0,34465,2,0,58,24552
2489054920,3396739933,80,59429,TCP,1521118750481597,82,4,5,0,49163,2,0,57,2211
1235721153,4225200978,443,43521,TCP,1521118750481599,1500,4,5,0,34466,2,0,58,24551
1235721153,4225200978,443,43521,TCP,1521118750481600,1500,4,5,0,34467,2,0,58,24550
3331096248,1962334175,50338,80,TCP,1521118750481602,40,4,5,0,14645,2,0,111,16512
1235721153,4225200978,443,43521,TCP,1521118750481603,1500,4,5,0,34468,2,0,58,24549
2260923246,3242276054,1935,55501,TCP,1521118750481604,97,4,5,0,30681,2,0,55,23413
1235721153,4225200978,443,43521,TCP,1521118750481604,1500,4,5,0,34469,2,0,58,24548
1235721153,4225200978,443,43521,TCP,1521118750481605,1500,4,5,0,34470,2,0,58,24547
1235721153,4225200978,443,43521,TCP,1521118750481607,1500,4,5,0,34471,2,0,58,24546
1235721153,4225200978,443,43521,TCP,1521118750481609,1500,4,5,0,34472,2,0,58,24545
739758105,3350329553,443,51021,TCP,1521118750481610,1500,4,5,0,33257,2,0,237,18814
2339094053,3473705568,443,57242,TCP,1521118750481611,1440,4,5,0,25179,2,0,56,14335
3223949995,2332752498,50527,443,TCP,1521118750481612,40,4,5,0,8576,2,0,115,3582
1235721153,4225200978,443,43521,TCP,1521118750481612,1500,4,5,0,34473,2,0,58,24544
740685018,2270145449,80,53531,TCP,1521118750481614,1500,4,5,0,3723,2,0,240,8856
1235721153,4225200978,443,43521,TCP,1521118750481616,1500,4,5,0,34474,2,0,58,24543
1235721153,4225200978,443,43521,TCP,1521118750481617,1500,4,5,0,34475,2,0,58,24542
1235721153,4225200978,443,43521,TCP,1521118750481618,1500,4,5,0,34476,2,0,58,24541
1235721153,4225200978,443,43521,TCP,1521118750481621,1500,4,5,0,34477,2,0,58,24540
1235721153,4225200978,443,43521,TCP,1521118750481622,1500,4,5,0,34478,2,0,58,24539
1235721153,4225200978,443,43521,TCP,1521118750481623,1500,4,5,0,34479,2,0,58,24538
738508114,3978971495,443,24380,TCP,1521118750481624,1494,4,5,0,18851,2,0,241,6806
1962370036,1962334114,51353,1485,UDP,1521118750481626,1394,4,5,24,52997,2,0,58,18137
817195574,283551930,52973,80,TCP,1521118750481627,52,4,5,0,30291,2,0,51,31973
1235721153,4225200978,443,43521,TCP,1521118750481627,1500,4,5,0,34480,2,0,58,24537
697755389,3223173476,5056,12510,UDP,1521118750481629,953,4,5,0,16032,2,0,120,13950
2181855154,3890314058,53,28774,UDP,1521118750481630,207,4,5,8,0,2,0,50,60203
1235721153,4225200978,443,43521,TCP,1521118750481632,1500,4,5,0,34481,2,0,58,24536
740685018,2270145449,80,53531,TCP,1521118750481636,1500,4,5,0,3724,2,0,240,8855
739758105,3350329553,443,51021,TCP,1521118750481643,605,4,5,0,33258,2,0,237,19708
2260923246,2345958460,1935,29845,TCP,1521118750481645,109,4,5,0,2246,2,0,55,47235
1962370036,1962334114,51353,1485,UDP,1521118750481646,1394,4,5,24,52998,2,0,58,18136
3306169084,3451531206,443,49876,TCP,1521118750481657,52,4,5,0,48620,2,0,245,57929
739941981,1074109393,443,52796,TCP,1521118750481659,1500,4,5,0,39891,2,0,232,19194
743724784,3353180970,443,47636,TCP,1521118750481660,88,4,5,0,8759,2,0,246,39964
739941981,1074109393,443,52796,TCP,1521118750481663,700,4,5,0,39892,2,0,232,19993
1962329749,1074109250,56356,1485,UDP,1521118750481664,1354,4,5,24,53535,2,0,54,22424
740685018,2270145449,80,53531,TCP,1521118750481666,1500,4,5,0,3725,2,0,240,8854
3782001140,3447689182,57835,23,TCP,1521118750481672,52,4,5,0,4808,2,0,54,12605
4106728455,4093862082,80,52394,TCP,1521118750481673,1480,4,5,0,54689,2,0,59,26361
2087007445,2270145432,443,31789,TCP,1521118750481674,303,4,5,0,8654,2,0,116,65496
1962370036,1962334114,51353,1485,UDP,1521118750481675,1209,4,5,24,52999,2,0,58,18320
4106728455,4093862082,80,52394,TCP,1521118750481677,1480,4,5,0,54690,2,0,59,26360
738544832,3978971494,443,38684,TCP,1521118750481680,52,4,5,0,28741,2,0,234,28968
2260923259,3391017832,1935,50239,TCP,1521118750481682,97,4,5,0,20025,2,0,51,57752
4106723499,3242269674,80,52554,TCP,1521118750481683,1476,4,5,0,22586,2,0,59,28507
836874896,1962334039,443,47531,TCP,1521118750481685,1500,4,5,0,31211,2,0,59,36721
1962370036,1962334114,51353,1485,UDP,1521118750481692,1209,4,5,24,53000,2,0,58,18319
836874896,1962334039,443,47531,TCP,1521118750481696,1500,4,5,0,31212,2,0,59,36720
3978970918,3978971486,80,58776,TCP,1521118750481698,243,4,5,0,12589,2,0,60,41470
4106723499,3242269674,80,52554,TCP,1521118750481698,1476,4,5,0,22587,2,0,59,28506
1578360456,3349898463,53105,1386,UDP,1521118750481699,1451,4,5,0,29397,0,0,117,25670
1760041154,3568019594,443,34502,TCP,1521118750481700,1480,4,5,0,17818,2,0,58,63157
4106728455,4093862082,80,52394,TCP,1521118750481703,1480,4,5,0,54691,2,0,59,26359
4106728455,4093862082,80,52394,TCP,1521118750481705,1480,4,5,0,54692,2,0,59,26358
4106723499,3242269674,80,52554,TCP,1521118750481706,1476,4,5,0,22588,2,0,59,28505
1962329749,1074109250,56356,1485,UDP,1521118750481707,1171,4,5,24,53536,2,0,54,22606
1839790571,3255897330,41518,16454,UDP,1521118750481708,1454,4,5,0,22393,0,0,117,45614
4032757759,0,41518,16454,UDP,1521118750481710,0,6,0,0,49,0,4412,211,4559
2260923222,3391070699,1935,59677,TCP,1521118750481710,97,4,5,0,49370,2,0,55,40088
1578360456,3349898463,53105,1386,UDP,1521118750481718,1451,4,5,0,29398,0,0,117,25669
2127528039,3334504431,443,14402,TCP,1521118750481721,1492,4,5,0,30855,2,0,55,32694
1962329749,1074109250,56356,1485,UDP,1521118750481723,1171,4,5,24,53537,2,0,54,22605
738370014,3978971485,443,7154,TCP,1521118750481724,52,4,5,0,13254,2,0,240,21141
3978970918,3978971486,80,58776,TCP,1521118750481726,52,4,5,0,12590,2,0,60,41660
795691610,3978971494,443,34770,TCP,1521118750481732,1500,4,5,0,11814,2,0,240,42653
2206634729,3390963686,123,37784,UDP,1521118750481733,76,4,5,16,0,2,0,58,24605
2127528039,3334504431,443,14402,TCP,1521118750481735,1492,4,5,0,30856,2,0,55,32693
1578360456,3349898463,53105,1386,UDP,1521118750481738,1451,4,5,0,29399,0,0,117,25668
2654140345,3391067541,45261,36366,UDP,1521118750481744,176,4,5,0,9990,2,0,44,12694
1962329749,1074109250,56356,1485,UDP,1521118750481745,1171,4,5,24,53538,2,0,54,22604
1578360456,3349898463,53105,1386,UDP,1521118750481749,1451,4,5,0,29400,0,0,117,25667
1054474658,3257294266,443,35788,TCP,1521118750481750,80,4,5,0,26575,2,0,45,34172
1434856771,843175468,53020,445,TCP,1521118750481750,143,4,5,0,19195,2,0,115,12599
738963449,4109904889,443,34899,TCP,1521118750481753,377,4,5,0,29091,2,0,237,7653
3742023935,3390980410,80,61499,TCP,1521118750481758,1500,4,5,0,4625,2,0,121,16040
1578360456,3349898463,53105,1386,UDP,1521118750481759,1451,4,5,0,29401,0,0,117,25666
3742023935,3390980410,80,61499,TCP,1521118750481760,1500,4,5,0,4626,2,0,121,16039
3741785781,3978971499,443,49398,TCP,1521118750481761,465,4,5,0,25818,2,0,248,59385
3997137757,3569581336,80,50848,TCP,1521118750481763,1480,4,5,0,62961,2,0,58,35269
3997137757,3569581336,80,50848,TCP,1521118750481764,1480,4,5,0,62962,2,0,58,35268
1568402209,3391040596,59446,8999,TCP,1521118750481765,40,4,5,0,11809,2,0,114,39838
1962370036,1962334114,51353,1485,UDP,1521118750481769,1209,4,5,24,53001,2,0,58,18318
3974999943,3353384794,445,56779,TCP,1521118750481770,52,4,5,0,20371,2,0,120,46976
1578360456,3349898463,53105,1386,UDP,1521118750481773,1451,4,5,0,29402,0,0,117,25665
795691610,3978971494,443,34770,TCP,1521118750481774,312,4,5,0,11815,2,0,240,43840
4173841903,3569702819,80,44618,TCP,1521118750481776,1480,4,5,0,20144,2,0,52,1888
2210201101,3257624460,53,59661,UDP,1521118750481777,220,4,5,0,25872,2,0,119,62078
4173841903,3569702819,80,44618,TCP,1521118750481778,1480,4,5,0,20145,2,0,52,1887
1578360456,3349898463,53105,1386,UDP,1521118750481783,1451,4,5,0,29403,0,0,117,25664
1578360456,3349898463,53105,1386,UDP,1521118750481797,1451,4,5,0,29404,0,0,117,25663
1962370036,1962334114,51353,1485,UDP,1521118750481798,1179,4,5,24,53002,2,0,58,18347
741556987,855531474,443,36857,TCP,1521118750481799,52,4,5,0,4794,2,0,238,30731
3311215651,3618085245,8080,61304,TCP,1521118750481799,1480,4,5,0,52845,2,0,54,5661
1578360456,3349898463,53105,1386,UDP,1521118750481810,1451,4,5,0,29405,0,0,117,25662
3311215651,3618085245,8080,61304,TCP,1521118750481811,1480,4,5,0,52846,2,0,54,5660
3877058099,4030665138,8080,61304,TCP,1521118750481812,1464,4,5,32,28894,2,0,248,60632
1286693774,3571692290,5222,34104,TCP,1521118750481813,52,4,5,0,26779,2,0,56,41475
3414440458,3443973208,18022,26239,UDP,1521118750481814,48,4,5,0,28340,0,0,117,10203
2127528039,3334504431,443,14402,TCP,1521118750481815,1492,4,5,0,30857,2,0,55,32692
942637450,1074109374,443,47741,TCP,1521118750481816,1500,4,5,8,50863,2,0,246,8935
942637450,1074109374,443,47741,TCP,1521118750481817,1500,4,5,8,50864,2,0,246,8934
517385465,3347702545,80,25861,TCP,1521118750481819,1452,4,5,0,41413,2,0,59,8732
942637450,1074109374,443,47741,TCP,1521118750481820,1500,4,5,8,50865,2,0,246,8933
3311215651,3618085245,8080,61304,TCP,1521118750481821,1256,4,5,0,52847,2,0,54,5883
1056296069,3978971497,443,42040,TCP,1521118750481823,52,4,5,0,3820,2,0,234,16329
942637450,1074109374,443,47741,TCP,1521118750481823,1500,4,5,8,50866,2,0,246,8932
1962329749,1074109250,56356,1485,UDP,1521118750481824,1485,4,5,24,53539,2,0,54,22289
2571612660,3454817551,443,32820,TCP,1521118750481825,1450,4,5,0,41478,2,0,52,12560
1962370036,1962334114,51353,1485,UDP,1521118750481827,1178,4,5,24,53003,2,0,58,18347
942637450,1074109374,443,47741,TCP,1521118750481828,1500,4,5,8,50867,2,0,246,8931
1848632434,3445759478,35983,26736,UDP,1521118750481829,1453,4,5,0,24913,0,0,117,41204
942637450,1074109374,443,47741,TCP,1521118750481830,1500,4,5,8,50868,2,0,246,8930
1578360456,3349898463,53105,1386,UDP,1521118750481831,1451,4,5,0,29406,0,0,117,25661
2127528039,3334504431,443,14402,TCP,1521118750481833,1492,4,5,0,30858,2,0,55,32691
942637450,1074109374,443,47741,TCP,1521118750481834,1500,4,5,8,50869,2,0,246,8929
2571612660,3454817551,443,32820,TCP,1521118750481835,1450,4,5,0,41479,2,0,52,12559
942637450,1074109374,443,47741,TCP,1521118750481837,1500,4,5,8,50870,2,0,246,8928
942637450,1074109374,443,47741,TCP,1521118750481838,1500,4,5,8,50871,2,0,246,8927
942637450,1074109374,443,47741,TCP,1521118750481840,1500,4,5,8,50872,2,0,246,8926
942637450,1074109374,443,47741,TCP,1521118750481841,1500,4,5,8,50873,2,0,246,8925
942637450,1074109374,443,47741,TCP,1521118750481842,1070,4,5,8,50874,2,0,246,9354
270826656,1074109416,443,64829,TCP,1521118750481843,52,4,5,0,21309,2,0,60,33493
1578360456,3349898463,53105,1386,UDP,1521118750481843,1451,4,5,0,29407,0,0,117,25660
140991414,1074109342,443,33021,TCP,1521118750481844,60,4,5,0,19808,2,0,114,31643
356828717,3349791226,443,4475,TCP,1521118750481844,40,4,5,0,49995,2,0,241,24942
3584891763,3617809527,443,47440,TCP,1521118750481844,52,4,5,0,20957,2,0,54,50603
274892444,3443994566,25565,49466,TCP,1521118750481845,47,4,5,0,49083,2,0,58,60673
517385465,3347702545,80,25861,TCP,1521118750481850,1452,4,5,0,41414,2,0,59,8731
1578360456,3349898463,53105,1386,UDP,1521118750481852,1451,4,5,0,29408,0,0,117,25659
2137332818,3618736958,63895,61991,UDP,1521118750481853,41,4,5,0,3253,2,0,123,62567
1264311868,3978971487,43266,80,TCP,1521118750481856,52,4,5,0,40986,2,0,56,17032
3250638010,1962334036,443,33647,TCP,1521118750481859,1420,4,5,0,40190,2,0,42,54183
1578360456,3349898463,53105,1386,UDP,1521118750481860,1451,4,5,0,29409,0,0,117,25658
2040260637,4030665106,51748,58487,TCP,1521118750481866,1440,4,5,2,54606,2,0,56,1149
738357967,3978971495,443,14276,TCP,1521118750481872,533,4,5,0,20571,2,0,240,25380
1578360456,3349898463,53105,1386,UDP,1521118750481873,1451,4,5,0,29410,0,0,117,25657
1962370036,1962334114,51353,1485,UDP,1521118750481884,1222,4,5,24,53004,2,0,58,18302
1578360456,3349898463,53105,1386,UDP,1521118750481885,1451,4,5,0,29411,0,0,117,25656
2089932774,1962334039,53105,1386,UDP,1521118750481888,64,4,5,8,58748,0,0,58,64114
3741785781,3978971490,443,50264,TCP,1521118750481891,465,4,5,0,50283,2,0,248,34929
1264311868,3978971487,43266,80,TCP,1521118750481898,52,4,5,0,40987,2,0,56,17031
2260923259,3242272389,80,2008,TCP,1521118750481903,309,4,5,0,36458,2,0,55,21076
1962370036,1962334114,51353,1485,UDP,1521118750481907,1221,4,5,24,53005,2,0,58,18302
738328584,3448447974,443,11361,TCP,1521118750481908,60,4,5,0,0,2,0,240,27968
3585080810,3448447998,443,37249,TCP,1521118750481914,52,4,5,0,45891,2,0,54,52316
4106728455,3242265810,80,63418,TCP,1521118750481915,1476,4,5,0,3085,2,0,59,46916
3254619634,1962333978,49831,80,TCP,1521118750481916,40,4,5,0,29164,2,0,112,64738
1434856771,843175468,53020,445,TCP,1521118750481918,213,4,5,0,19196,2,0,115,12528
1539471628,4103964022,1076,59400,UDP,1521118750481921,80,4,5,0,16233,0,0,116,47185
3250638010,1962334036,443,33647,TCP,1521118750481922,495,4,5,0,40191,2,0,42,55107
2487475774,4104016765,53,37677,UDP,1521118750481924,79,4,5,0,26690,2,0,58,7614
1286694856,3571693341,80,49937,TCP,1521118750481926,80,4,5,0,61747,2,0,56,4346
274892444,3443994566,25565,49466,TCP,1521118750481934,54,4,5,0,49084,2,0,58,60665
3250638010,1962334036,443,33647,TCP,1521118750481936,83,4,5,0,40192,2,0,42,55518
789287728,3978971499,443,45482,TCP,1521118750481937,52,4,5,0,59986,2,0,240,42911
796754445,3453510741,443,51446,TCP,1521118750481940,1452,4,5,0,56720,2,0,237,50946
2270456640,3978971494,80,38174,TCP,1521118750481941,1500,4,5,0,18952,2,0,248,2542
2270456640,3978971494,80,38174,TCP,1521118750481943,244,4,5,0,37954,2,0,248,50331
3556624622,4095553915,56991,38338,UDP,1521118750481943,1289,4,5,0,29358,2,0,122,50864
3527255911,4030665106,443,37352,UDP,1521118750481944,1378,4,5,0,0,2,0,58,49172
3250638010,1962334036,443,33647,TCP,1521118750481945,52,4,5,0,40193,2,0,42,55548
3556624622,4095553915,56991,38338,UDP,1521118750481945,712,4,5,0,29359,2,0,122,51440
2353100481,1074109416,443,54931,TCP,1521118750481947,52,4,5,0,45620,2,0,58,44959
3741785781,3978971496,443,42314,TCP,1521118750481948,465,4,5,0,4656,2,0,248,15015
718027811,3452494438,6008,64110,UDP,1521118750481951,96,4,5,9,52854,2,0,54,24303
1962370036,1962334114,51353,1485,UDP,1521118750481953,1200,4,5,24,53006,2,0,58,18322
740685018,2270145449,80,53531,TCP,1521118750481966,1500,4,5,0,3726,2,0,240,8853
3372543618,2059628448,35419,443,TCP,1521118750481967,40,4,5,0,7672,2,0,50,35053
1056846606,3618763302,443,51842,TCP,1521118750481973,52,4,5,0,11804,2,0,240,8387
3995689490,2332397869,80,27485,TCP,1521118750481974,1480,4,5,0,62702,2,0,58,55762
1962370036,1962334114,51353,1485,UDP,1521118750481976,1200,4,5,24,53007,2,0,58,18321
3995689490,2332397869,80,27485,TCP,1521118750481977,1480,4,5,0,62703,2,0,58,55761
1677437607,3390957374,3658,3658,UDP,1521118750481979,106,4,5,0,20766,0,0,55,29286
3995689490,2332397869,80,27485,TCP,1521118750481982,1480,4,5,0,62704,2,0,58,55760
3995689490,2332397869,80,27485,TCP,1521118750481983,1480,4,5,0,62705,2,0,58,55759
2040260637,4030665106,51748,58487,TCP,1521118750481985,1440,4,5,2,54607,2,0,56,1148
743724784,3353180970,443,41550,TCP,1521118750481986,88,4,5,0,7523,2,0,246,41200
3385684477,1235573642,62568,445,TCP,1521118750481990,41,4,5,0,24622,2,0,118,50086
740685018,2270145449,80,53531,TCP,1521118750481991,1500,4,5,0,3727,2,0,240,8852
2057506738,3443993796,59166,53318,UDP,1521118750481994,41,4,5,0,2108,2,0,121,29991
795808556,3399942342,443,60501,TCP,1521118750481994,60,4,5,0,0,2,0,240,31923
2260923212,3396755122,80,51977,TCP,1521118750481999,309,4,5,0,2814,2,0,55,38029
1962370036,1962334114,51353,1485,UDP,1521118750481999,1199,4,5,24,53008,2,0,58,18321
3742243583,3569582605,80,37151,TCP,1521118750482003,937,4,5,0,62279,2,0,56,64296
2127528039,3334504431,443,14402,TCP,1521118750482007,1492,4,5,0,30859,2,0,55,32690
740685018,2270145449,80,53531,TCP,1521118750482014,1500,4,5,0,3728,2,0,240,8851
132790060,1962334195,35576,9043,UDP,1521118750482019,146,4,5,0,39924,2,0,58,6247
2127528039,3334504431,443,14402,TCP,1521118750482020,1492,4,5,0,30860,2,0,55,32689
1053178498,1074109393,443,43587,TCP,1521118750482026,52,4,5,0,34110,2,0,49,28519
799637575,3484728517,80,50910,TCP,1521118750482034,828,4,5,0,2190,2,0,240,17091
3312310483,3978971499,80,57008,TCP,1521118750482036,799,4,5,0,7557,2,0,50,21373
800701300,1962334046,80,64484,TCP,1521118750482036,784,4,5,0,12988,2,0,237,8361
740685018,2270145449,80,53531,TCP,1521118750482040,1500,4,5,0,3729,2,0,240,8850
816281951,284070315,80,53531,TCP,1521118750482041,84,4,5,0,35299,2,0,54,28198
800783747,3347702009,443,46485,TCP,1521118750482042,64,4,5,0,14462,2,0,237,32632
2146116889,3571692290,80,33163,TCP,1521118750482042,52,4,5,0,22414,2,0,53,49483
790654705,3978971498,443,55832,TCP,1521118750482045,386,4,5,0,43410,2,0,240,2877
740685018,2270145449,80,53531,TCP,1521118750482059,1500,4,5,0,3730,2,0,240,8849
4251322546,3334584151,123,123,UDP,1521118750482065,76,4,5,0,0,2,0,53,49519
738723268,4095675140,443,48540,TCP,1521118750482066,52,4,5,0,0,2,0,237,23764
4023771317,3472982677,443,65288,TCP,1521118750482070,97,4,5,0,0,2,0,56,8309
272711297,3349794490,8999,8999,UDP,1521118750482074,48,4,5,0,2910,0,0,120,21049
2279000371,3390574635,443,45470,TCP,1521118750482075,1140,4,5,0,60700,2,0,59,8986
2279000371,3390574635,443,45470,TCP,1521118750482078,1140,4,5,0,60701,2,0,59,8985
3310683221,2317271739,53,34056,UDP,1521118750482079,1473,4,5,0,62415,0,0,59,28632
1962370036,1962334114,51353,1485,UDP,1521118750482081,1475,4,5,24,53009,2,0,58,18044
2279000371,3390574635,443,45470,TCP,1521118750482082,1140,4,5,0,60702,2,0,59,8984
738563843,1074109430,443,39036,TCP,1521118750482084,1500,4,5,0,60690,2,0,240,63748
2279000371,3390574635,443,45470,TCP,1521118750482085,1140,4,5,0,60703,2,0,59,8983
2466500500,3242285682,993,35869,TCP,1521118750482086,1476,4,5,0,21567,2,0,54,27817
2466500500,3242285682,993,35869,TCP,1521118750482088,1476,4,5,0,21568,2,0,54,27816
2127528039,3334504431,443,14402,TCP,1521118750482089,1492,4,5,0,30861,2,0,55,32688
1636099152,3890314065,53,50204,UDP,1521118750482090,136,4,5,0,33096,0,0,56,22549
2279000371,3390574635,443,45470,TCP,1521118750482090,1140,4,5,0,60704,2,0,59,8982
2279000371,3390574635,443,45470,TCP,1521118750482091,1140,4,5,0,60705,2,0,59,8981
738563843,1074109430,443,39036,TCP,1521118750482092,611,4,5,0,60691,2,0,240,64636
2127528039,3334504431,443,14402,TCP,1521118750482099,1492,4,5,0,30862,2,0,55,32687
517385572,4093843478,80,50531,TCP,1521118750482103,1450,4,5,2,57242,2,0,59,33373
517385572,4093843478,80,50531,TCP,1521118750482104,1450,4,5,2,57243,2,0,59,33372
2040260637,4030665106,51748,58487,TCP,1521118750482105,1440,4,5,2,54608,2,0,56,1147
3584920382,3484728517,80,2628,TCP,1521118750482107,1500,4,5,0,46501,0,0,246,7184
517385572,4093843478,80,50531,TCP,1521118750482108,1450,4,5,2,57244,2,0,59,33371
1962370036,1962334114,51353,1485,UDP,1521118750482109,1475,4,5,24,53010,2,0,58,18043
517385572,4093843478,80,50531,TCP,1521118750482110,1450,4,5,2,57245,2,0,59,33370
3584920382,3484728517,80,2628,TCP,1521118750482112,1500,4,5,0,46502,0,0,246,7183
1432872802,3242270330,2103,41102,UDP,1521118750482114,87,4,5,4,25375,0,0,110,52461
2260923212,3390997663,1935,51150,TCP,1521118750482114,97,4,5,0,43908,2,0,55,53061
718026217,4109945893,7008,2908,UDP,1521118750482114,103,4,5,9,30649,2,0,53,44016
1190350582,842935978,80,4087,TCP,1521118750482116,40,4,5,0,47027,2,0,53,38731
4251322546,855481660,123,123,UDP,1521118750482118,76,4,5,0,0,2,0,53,28495
1761917238,1962334027,11891,41483,TCP,1521118750482119,1500,4,5,0,42714,2,0,57,9925
942637450,1074109374,443,47741,TCP,1521118750482122,1500,4,5,8,50912,2,0,246,8886
2231376094,3338134722,55228,1028,UDP,1521118750482124,577,4,5,0,32354,0,0,120,30897
2246350579,1962333995,34893,80,TCP,1521118750482126,52,4,5,20,47859,0,0,53,25027
2246350579,1962333995,34893,80,TCP,1521118750482126,52,4,5,20,47860,0,0,53,25026
3556630390,4093898778,54529,2369,UDP,1521118750482127,413,4,5,0,22047,2,0,119,5278
942637450,1074109374,443,47741,TCP,1521118750482129,1500,4,5,8,50913,2,0,246,8885
2279000371,3390574635,443,45470,TCP,1521118750482132,1140,4,5,0,60706,2,0,59,8980
2279000371,3390574635,443,45470,TCP,1521118750482134,1140,4,5,0,60707,2,0,59,8979
1494969322,3453166098,53156,8080,TCP,1521118750482135,40,4,5,0,23783,2,0,114,63229
3585866601,1962334044,80,58379,TCP,1521118750482136,52,4,5,0,56023,2,0,54,19572
942637450,1074109374,443,47741,TCP,1521118750482137,1500,4,5,8,50914,2,0,246,8884
2279000371,3390574635,443,45470,TCP,1521118750482138,1140,4,5,0,60708,2,0,59,8978
2279000371,3390574635,443,45470,TCP,1521118750482139,1140,4,5,0,60709,2,0,59,8977
942637450,1074109374,443,47741,TCP,1521118750482140,1500,4,5,8,50915,2,0,246,8883
942637450,1074109374,443,47741,TCP,1521118750482141,1500,4,5,8,50916,2,0,246,8882
360214139,3453269936,443,52782,TCP,1521118750482143,40,4,5,0,63441,2,0,241,34949
942637450,1074109374,443,47741,TCP,1521118750482143,1500,4,5,8,50917,2,0,246,8881
942637450,1074109374,443,47741,TCP,1521118750482144,1500,4,5,8,50918,2,0,246,8880
795956222,4102004368,443,4191,TCP,1521118750482145,189,4,5,0,821,2,0,46,12935
942637450,1074109374,443,47741,TCP,1521118750482146,1500,4,5,8,50919,2,0,246,8879
942637450,1074109374,443,47741,TCP,1521118750482147,1500,4,5,8,50920,2,0,246,8878
2260923251,3396739933,1935,60509,TCP,1521118750482148,97,4,5,0,11445,2,0,55,44760
1962370036,1962334114,51353,1485,UDP,1521118750482148,1473,4,5,24,53011,2,0,58,18044
942637450,1074109374,443,47741,TCP,1521118750482150,1500,4,5,8,50921,2,0,246,8877
942637450,1074109374,443,47741,TCP,1521118750482151,1500,4,5,8,50922,2,0,246,8876
942637450,1074109374,443,47741,TCP,1521118750482152,561,4,5,8,50923,2,0,246,9814
1670205588,3348708650,57340,1485,UDP,1521118750482153,1457,4,5,24,50153,2,0,57,48981
48434013,3559061291,18411,43859,UDP,1521118750482170,58,4,5,8,5657,0,0,110,23812
1962370036,1962334114,51353,1485,UDP,1521118750482172,1334,4,5,24,53012,2,0,58,18182
800538054,1962334165,443,58194,TCP,1521118750482173,52,4,5,0,22196,2,0,235,32454
2280564170,3484684035,1935,49910,TCP,1521118750482174,1474,4,5,0,8347,2,0,54,4651
1235504370,3561000263,80,59216,TCP,1521118750482178,60,4,5,0,0,2,0,53,19870
1848042609,846741207,11781,31651,UDP,1521118750482186,1466,4,5,0,15096,0,0,52,33364
1067506520,1962334038,443,34521,TCP,1521118750482192,1401,4,5,0,43660,2,0,237,30380
1962370036,1962334114,51353,1485,UDP,1521118750482193,1334,4,5,24,53013,2,0,58,18181
2260923212,3391061234,1935,55281,TCP,1521118750482195,97,4,5,0,44664,2,0,55,54269
255796787,3390988385,9187,55871,UDP,1521118750482196,1456,4,5,0,10025,0,0,116,47650
3309488850,3571853942,80,2278,TCP,1521118750482198,60,4,5,0,0,2,0,52,46922
2260923212,3390919568,1935,61486,TCP,1521118750482201,97,4,5,0,27288,2,0,55,16706
1190350650,3453720914,443,38066,TCP,1521118750482203,126,4,5,0,60462,2,0,53,23536
359686491,3336902226,443,54374,TCP,1521118750482203,1362,4,5,0,29040,2,0,241,48946
1235504370,3561000263,80,59214,TCP,1521118750482205,463,4,5,2,40504,2,0,53,44496
359686491,3336902226,443,54374,TCP,1521118750482205,1362,4,5,0,29042,2,0,241,48944
359686491,3336902226,443,54374,TCP,1521118750482206,1362,4,5,0,29044,2,0,241,48942
1848042609,846741207,11781,31651,UDP,1521118750482207,1466,4,5,0,63580,0,0,52,50415
359686491,3336902226,443,54374,TCP,1521118750482209,1362,4,5,0,29046,2,0,241,48940
2279000371,3390574635,443,45470,TCP,1521118750482210,1140,4,5,0,60710,2,0,59,8976
843285620,3390920089,1950,49662,TCP,1521118750482211,70,4,5,0,1167,2,0,122,9653
2279000371,3390574635,443,45470,TCP,1521118750482211,1140,4,5,0,60711,2,0,59,8975
359686491,3336902226,443,54374,TCP,1521118750482212,1362,4,5,0,29048,2,0,241,48938
3741785781,3978971488,443,20442,TCP,1521118750482213,52,4,5,0,25837,2,0,248,59790
1464612617,2338148754,7726,35246,TCP,1521118750482214,168,4,5,0,8264,2,0,116,31427
2260923251,3390919793,1935,50528,TCP,1521118750482214,97,4,5,0,63543,2,0,55,45722
2279000371,3390574635,443,45470,TCP,1521118750482215,1140,4,5,0,60712,2,0,59,8974
2279000371,3390574635,443,45470,TCP,1521118750482217,1140,4,5,0,60713,2,0,59,8973
3741785781,3978971492,443,4244,TCP,1521118750482218,52,4,5,0,47997,2,0,248,37626
1962370036,1962334114,51353,1485,UDP,1521118750482219,1333,4,5,24,53014,2,0,58,18181
618913701,2059628448,50519,443,TCP,1521118750482220,415,4,5,0,17956,2,0,52,4169
1650378167,1235567886,54029,445,TCP,1521118750482226,52,4,5,0,25897,2,0,116,60113
2666843962,3391018076,54029,445,TCP,1521118750482230,96,4,5,4,0,2,0,48,15855
3348763498,3455736136,47565,19776,TCP,1521118750482240,52,4,5,0,26398,2,0,115,40542
2279000371,3390574635,443,45470,TCP,1521118750482244,1140,4,5,0,60714,2,0,59,8972
2279000371,3390574635,443,45470,TCP,1521118750482246,1140,4,5,0,60715,2,0,59,8971
2279000371,3390574635,443,45470,TCP,1521118750482247,1140,4,5,0,60716,2,0,59,8970
2279000371,3390574635,443,45470,TCP,1521118750482248,1140,4,5,0,60717,2,0,59,8969
2500882190,4103964242,53,39783,UDP,1521118750482258,212,4,5,0,4640,0,0,53,62442
1962377503,1074109429,443,61238,TCP,1521118750482264,52,4,5,0,45999,2,0,58,47875
3672239314,1962334108,60584,9042,UDP,1521118750482269,266,4,5,0,31318,2,0,61,44613
3885269547,4218199259,443,51853,TCP,1521118750482271,40,4,5,0,28057,2,0,54,54574
2127528039,3334504431,443,14402,TCP,1521118750482275,1492,4,5,0,30863,2,0,55,32686
2279000371,3390574635,443,45470,TCP,1521118750482278,1140,4,5,0,60718,2,0,59,8968
2279000371,3390574635,443,45470,TCP,1521118750482279,1140,4,5,0,60719,2,0,59,8967
2279000371,3390574635,443,45470,TCP,1521118750482281,1140,4,5,0,60720,2,0,59,8966
1962370036,1962334114,51353,1485,UDP,1521118750482282,1293,4,5,24,53015,2,0,58,18220
1262717388,3472905749,119,26497,UDP,1521118750482283,1427,4,5,0,53211,2,0,59,28761
2279000371,3390574635,443,45470,TCP,1521118750482284,1140,4,5,0,60721,2,0,59,8965
2127528039,3334504431,443,14402,TCP,1521118750482289,1492,4,5,0,30864,2,0,55,32685
4173841903,3569702819,80,44618,TCP,1521118750482297,1480,4,5,0,20146,2,0,52,1886
4173841903,3569702819,80,44618,TCP,1521118750482300,1480,4,5,0,20147,2,0,52,1885
1962370036,1962334114,51353,1485,UDP,1521118750482302,1293,4,5,24,53016,2,0,58,18219
1653412125,3257584071,443,27480,TCP,1521118750482303,1480,4,5,0,33771,2,0,56,47528
799056230,1962334045,443,34205,TCP,1521118750482304,52,4,5,0,29321,2,0,240,64223
3318356324,3391070402,443,64610,TCP,1521118750482306,1500,4,5,0,11568,2,0,59,49883
3318356324,3391070402,443,64610,TCP,1521118750482307,1500,4,5,0,11569,2,0,59,49882
2141754651,3242263970,7079,53908,TCP,1521118750482310,1294,4,5,0,23178,2,0,58,1465
1875744474,3390984157,50321,31398,UDP,1521118750482313,48,4,5,0,11104,0,0,53,14778
1999529410,3396741081,9998,3642,TCP,1521118750482313,52,4,5,0,24750,2,0,119,54229
2141754651,3252738685,7079,50285,TCP,1521118750482314,1294,4,5,0,5234,2,0,58,30294
3585853427,3450125858,443,36157,TCP,1521118750482324,52,4,5,0,23575,2,0,54,48950
3766890141,3453678741,443,51477,TCP,1521118750482328,1412,4,5,8,8589,2,0,59,18251
1619070431,3450288969,64379,389,UDP,1521118750482329,79,4,5,0,52640,0,0,246,32684
743735425,3442966754,443,26567,TCP,1521118750482330,1492,4,5,0,51889,2,0,245,47746
2279000371,3390574635,443,45470,TCP,1521118750482331,1140,4,5,0,60722,2,0,59,8964
2279000371,3390574635,443,45470,TCP,1521118750482332,1140,4,5,0,60723,2,0,59,8963
2513614260,3454856502,443,33648,TCP,1521118750482333,1460,4,5,0,10132,2,0,55,4102
3741785783,3391041241,443,53060,TCP,1521118750482334,40,4,5,0,34680,2,0,248,1184
3766890141,3453678741,443,51477,TCP,1521118750482334,1412,4,5,8,8590,2,0,59,18250
2279000371,3390574635,443,45470,TCP,1521118750482335,1140,4,5,0,60724,2,0,59,8962
3741785783,3391041241,443,53060,TCP,1521118750482337,40,4,5,0,34681,2,0,248,1183
2279000371,3390574635,443,45470,TCP,1521118750482337,1140,4,5,0,60725,2,0,59,8961
2075950845,3452499745,80,36387,TCP,1521118750482338,52,4,5,0,5275,2,0,58,27781
3741785781,3978971484,443,23144,TCP,1521118750482338,465,4,5,0,7070,2,0,248,12613
3527246821,3618740955,443,26916,UDP,1521118750482343,1378,4,5,0,0,2,0,58,29403
3527246821,3618740955,443,26916,UDP,1521118750482346,1378,4,5,0,0,2,0,58,29403
2137332786,3484914541,56418,60898,UDP,1521118750482348,805,4,5,0,7953,2,0,123,57082
3527246821,3618740955,443,26916,UDP,1521118750482348,1378,4,5,0,0,2,0,58,29403
1075838391,1074109373,443,33630,TCP,1521118750482351,1500,4,5,160,59984,2,0,58,13970
2137332786,3484914541,56418,60898,UDP,1521118750482356,979,4,5,0,7954,2,0,123,56907
1075838391,1074109373,443,33630,TCP,1521118750482361,1500,4,5,160,59985,2,0,58,13969
3294445932,3890314074,53,21263,UDP,1521118750482363,124,4,5,0,40837,0,0,57,30950
2513614260,3454856502,443,33648,TCP,1521118750482366,1460,4,5,0,10133,2,0,55,4101
2359938973,1962334020,443,52929,TCP,1521118750482367,52,4,5,0,45608,2,0,58,58905
1407643299,3453656813,32061,34033,UDP,1521118750482368,48,4,5,0,3811,0,0,116,34952
1407643299,3453656813,32061,34033,UDP,1521118750482368,48,4,5,0,3812,0,0,116,34951
1407643299,3453656813,32061,34033,UDP,1521118750482368,48,4,5,0,3813,0,0,116,34950
740671201,3450125837,80,51035,TCP,1521118750482369,52,4,5,0,48468,2,0,241,21942
791783477,3257292818,443,30776,TCP,1521118750482374,1500,4,5,0,12079,2,0,47,9550
791783477,3257292818,443,30776,TCP,1521118750482375,328,4,5,0,12080,2,0,47,10721
2260923212,3325902267,1935,54764,TCP,1521118750482376,97,4,5,0,14970,2,0,51,36629
4023727692,3623864333,443,39999,TCP,1521118750482376,52,4,5,0,43518,2,0,56,53910
1075838391,1074109373,443,33630,TCP,1521118750482376,1500,4,5,160,59986,2,0,58,13968
2279000371,3390574635,443,45470,TCP,1521118750482377,1140,4,5,0,60726,2,0,59,8960
2279000371,3390574635,443,45470,TCP,1521118750482379,1140,4,5,0,60727,2,0,59,8959
2279000371,3390574635,443,45470,TCP,1521118750482380,1140,4,5,0,60728,2,0,59,8958
2127528039,3334504431,443,14402,TCP,1521118750482381,1492,4,5,0,30865,2,0,55,32684
2279000371,3390574635,443,45470,TCP,1521118750482382,1140,4,5,0,60729,2,0,59,8957
2279000371,3390574635,443,45470,TCP,1521118750482383,1140,4,5,0,60730,2,0,59,8956
1075838391,1074109373,443,33630,TCP,1521118750482386,1500,4,5,160,59987,2,0,58,13967
742033845,3443719141,443,40466,TCP,1521118750482393,1400,4,5,0,10867,2,0,47,40181
1053081147,3453510719,443,34443,TCP,1521118750482394,52,4,5,0,48508,2,0,240,40495
133032595,2339489188,51987,1485,UDP,1521118750482395,249,4,5,24,29443,2,0,56,35650
697383357,3617785372,443,54267,TCP,1521118750482396,40,4,5,0,58396,2,0,239,26277
743821355,3453171598,80,27299,TCP,1521118750482398,1400,4,5,0,41429,2,0,246,56263
743821355,3453171598,80,27299,TCP,1521118750482400,1400,4,5,0,41430,2,0,246,56262
360217768,3447595367,443,47115,TCP,1521118750482401,40,4,5,0,13970,2,0,241,53815
697383357,3617785372,443,54267,TCP,1521118750482401,40,4,5,0,58397,2,0,239,26276
1286694853,2205299313,5222,60904,TCP,1521118750482404,52,4,5,0,40437,2,0,56,14965
2185193326,3890314074,53,37495,UDP,1521118750482415,152,4,5,8,13911,0,0,57,65036
2260923212,3390992387,1935,50058,TCP,1521118750482418,97,4,5,0,36958,2,0,55,65287
1481390144,3455015851,55206,23,TCP,1521118750482420,40,4,5,0,3282,0,0,50,49623
3917902905,2205379272,80,52567,TCP,1521118750482421,1452,4,5,0,22801,2,0,53,39743
3485947802,3447595365,59848,61453,UDP,1521118750482423,1057,4,5,0,6544,0,0,118,4343
3672201754,1962334045,443,54205,TCP,1521118750482424,667,4,5,0,51224,2,0,61,61940
3584893403,3257643207,443,7045,TCP,1521118750482425,94,4,5,0,5981,2,0,54,49857
2260923222,3390571968,1935,3003,TCP,1521118750482427,97,4,5,0,22779,2,0,51,42154
3917902905,2205379272,80,52567,TCP,1521118750482429,1452,4,5,0,22802,2,0,53,39742
2279000371,3390574635,443,45470,TCP,1521118750482435,1140,4,5,0,60731,2,0,59,8955
2279000371,3390574635,443,45470,TCP,1521118750482436,1140,4,5,0,60732,2,0,59,8954
1962329749,1074109250,56356,1485,UDP,1521118750482437,1485,4,5,24,53540,2,0,54,22288
2279000371,3390574635,443,45470,TCP,1521118750482442,1140,4,5,0,60733,2,0,59,8953
738249156,3978971495,443,26200,TCP,1521118750482443,52,4,5,0,26414,2,0,232,65342
1067780852,2325249341,443,41676,TCP,1521118750482443,52,4,5,0,19871,2,0,237,60853
2285203148,3560982193,80,55460,TCP,1521118750482444,1480,4,5,0,14317,2,0,55,62543
2285203148,3560982193,80,55460,TCP,1521118750482445,1480,4,5,0,14318,2,0,55,62542
2279000371,3390574635,443,45470,TCP,1521118750482447,1140,4,5,0,60734,2,0,59,8952
353412874,4225762974,443,59860,TCP,1521118750482462,52,4,5,0,55439,2,0,52,44955
3917902905,2205379272,80,52567,TCP,1521118750482462,1452,4,5,0,22803,2,0,53,39741
942637450,1074109374,443,47741,TCP,1521118750482469,1500,4,5,8,51090,2,0,246,8708
3527241872,3618741206,443,60529,UDP,1521118750482470,1378,4,5,0,0,2,0,59,33845
942637450,1074109374,443,47741,TCP,1521118750482471,1500,4,5,8,51091,2,0,246,8707
743800122,3455830637,443,39808,TCP,1521118750482473,1480,4,5,0,6292,2,0,245,9635
743800122,3455830637,443,39808,TCP,1521118750482474,1480,4,5,0,6293,2,0,245,9634
3527241872,3618741206,443,60529,UDP,1521118750482476,1378,4,5,0,0,2,0,59,33845
2005801108,3450102589,443,45200,UDP,1521118750482477,1378,4,5,8,0,2,0,58,31359
2005801108,3450102589,443,45200,UDP,1521118750482478,1378,4,5,8,0,2,0,58,31359
2258940776,3978971491,2515,18488,TCP,1521118750482479,52,4,5,0,42339,2,0,58,10950
942637450,1074109374,443,47741,TCP,1521118750482479,1500,4,5,8,51092,2,0,246,8706
2279000371,3390574635,443,45470,TCP,1521118750482481,1140,4,5,0,60735,2,0,59,8951
2279000371,3390574635,443,45470,TCP,1521118750482482,1140,4,5,0,60736,2,0,59,8950
1998732447,3617733503,56640,443,TCP,1521118750482482,52,4,5,0,28378,2,0,120,52486
942637450,1074109374,443,47741,TCP,1521118750482483,1500,4,5,8,51093,2,0,246,8705
942637450,1074109374,443,47741,TCP,1521118750482484,1500,4,5,8,51094,2,0,246,8704
697754483,2340960882,443,27843,TCP,1521118750482485,52,4,5,0,43405,2,0,56,50738
942637450,1074109374,443,47741,TCP,1521118750482485,1500,4,5,8,51095,2,0,246,8703
2513614260,3454856502,443,33648,TCP,1521118750482486,1460,4,5,0,10134,2,0,55,4100
1962329749,1074109250,56356,1485,UDP,1521118750482488,1485,4,5,24,53541,2,0,54,22287
942637450,1074109374,443,47741,TCP,1521118750482489,1500,4,5,8,51096,2,0,246,8702
799062033,3978971492,443,8102,TCP,1521118750482491,52,4,5,0,21817,2,0,240,5962
1775398660,3338138445,53,58947,UDP,1521118750482492,112,4,5,0,34511,2,0,53,11154
942637450,1074109374,443,47741,TCP,1521118750482493,1500,4,5,8,51097,2,0,246,8701
2279000371,3390574635,443,45470,TCP,1521118750482494,1140,4,5,0,60737,2,0,59,8949
2279000371,3390574635,443,45470,TCP,1521118750482495,1140,4,5,0,60738,2,0,59,8948
3331091545,1962334005,59117,80,TCP,1521118750482496,40,4,5,0,19744,2,0,113,15774
2260923212,3390572423,80,53884,TCP,1521118750482497,297,4,5,0,47585,2,0,51,16703
942637450,1074109374,443,47741,TCP,1521118750482498,1500,4,5,8,51098,2,0,246,8700
2359936987,1962334047,443,50853,TCP,1521118750482499,218,4,5,0,53995,2,0,58,52311
360214054,3453280535,443,54495,TCP,1521118750482499,40,4,5,0,27670,2,0,241,60206
942637450,1074109374,443,47741,TCP,1521118750482501,1500,4,5,8,51099,2,0,246,8699
942637450,1074109374,443,47741,TCP,1521118750482502,1500,4,5,8,51100,2,0,246,8698
1262410238,3447595365,443,26633,TCP,1521118750482504,1500,4,5,0,41637,2,0,52,35414
1262410238,3447595365,443,26633,TCP,1521118750482506,159,4,5,0,41638,2,0,52,36754
1053085535,4096180310,443,49392,TCP,1521118750482510,1480,4,5,0,7182,2,0,241,42368
269242603,3978971484,443,33842,TCP,1521118750482511,1480,4,5,0,36141,2,0,58,5765
269242603,3978971484,443,33842,TCP,1521118750482512,1412,4,5,0,36142,2,0,58,5832
2513614260,3454856502,443,33648,TCP,1521118750482513,1460,4,5,0,10135,2,0,55,4099
269242603,3978971484,443,33842,TCP,1521118750482515,1480,4,5,0,36143,2,0,58,5763
269242603,3978971484,443,33842,TCP,1521118750482516,1412,4,5,0,36144,2,0,58,5830
2141754651,3252738137,7079,56084,TCP,1521118750482518,1294,4,5,0,58667,2,0,58,42944
2279000371,3390574635,443,45470,TCP,1521118750482519,1140,4,5,0,60739,2,0,59,8947
2482664220,3453337001,443,41589,TCP,1521118750482520,40,4,5,0,38217,2,0,52,7921
2279000371,3390574635,443,45470,TCP,1521118750482521,1140,4,5,0,60740,2,0,59,8946
2279000371,3390574635,443,45470,TCP,1521118750482522,1140,4,5,0,60741,2,0,59,8945
2279000371,3390574635,443,45470,TCP,1521118750482524,1140,4,5,0,60742,2,0,59,8944
3403274093,3473705523,57275,53333,TCP,1521118750482528,40,4,5,0,35767,0,0,248,15249
744376678,3222708445,80,35172,TCP,1521118750482532,60,4,5,0,0,2,0,236,47107
1056822833,3451632349,80,44247,TCP,1521118750482540,52,4,5,0,24007,2,0,234,38196
1075838391,1074109373,443,33630,TCP,1521118750482546,1500,4,5,160,59988,2,0,58,13966
752794396,3451332733,443,51716,TCP,1521118750482551,1472,4,5,0,1085,2,0,239,41931
3585654800,3443976898,5222,44928,TCP,1521118750482552,52,4,5,0,7135,2,0,56,55570
3672220341,1962334108,35446,9043,UDP,1521118750482556,552,4,5,0,44625,2,0,60,50249
274892327,3569582604,25565,55294,TCP,1521118750482557,56,4,5,0,18563,2,0,58,2788
1075838391,1074109373,443,33630,TCP,1521118750482561,1500,4,5,160,59989,2,0,58,13965
1075838391,1074109373,443,33630,TCP,1521118750482562,460,4,5,160,59990,2,0,58,15004
1645394518,3455008409,20496,1024,UDP,1521118750482562,1453,4,5,0,20190,0,0,114,52080
2513614260,3454856502,443,33648,TCP,1521118750482564,1460,4,5,0,10136,2,0,55,4098
2279000371,3390574635,443,45470,TCP,1521118750482565,1140,4,5,0,60743,2,0,59,8943
796758886,3455014868,443,2351,TCP,1521118750482567,1492,4,5,0,47387,2,0,46,42337
2260923212,3242265078,1935,53834,TCP,1521118750482568,97,4,5,0,12268,2,0,55,52836
2279000371,3390574635,443,45470,TCP,1521118750482569,1140,4,5,0,60744,2,0,59,8942
2279000371,3390574635,443,45470,TCP,1521118750482570,1140,4,5,0,60745,2,0,59,8941
2279000371,3390574635,443,45470,TCP,1521118750482571,1140,4,5,0,60746,2,0,59,8940
796758886,3455014868,443,2351,TCP,1521118750482573,1492,4,5,0,47388,2,0,46,42336
3885270028,3450107839,443,10348,TCP,1521118750482574,1440,4,5,0,62071,2,0,54,39899
4251322546,3223275229,123,123,UDP,1521118750482575,76,4,5,0,0,2,0,53,14476
3885270028,3450107839,443,10348,TCP,1521118750482579,1440,4,5,0,62072,2,0,54,39898
795639691,3978971485,443,65436,TCP,1521118750482581,52,4,5,0,34277,2,0,240,8031
620960179,1235573199,50636,445,TCP,1521118750482594,52,4,5,0,30748,2,0,112,45181
3885270028,3450107839,443,10348,TCP,1521118750482597,1440,4,5,0,62073,2,0,54,39897
3885270028,3450107839,443,10348,TCP,1521118750482601,1440,4,5,0,62074,2,0,54,39896
3997137757,3569581336,80,50848,TCP,1521118750482602,1480,4,5,0,62963,2,0,58,35267
3997137757,3569581336,80,50848,TCP,1521118750482603,1480,4,5,0,62964,2,0,58,35266
3978984593,3978971493,61446,443,TCP,1521118750482605,52,4,5,0,63598,2,0,59,42761
2260923251,3390942245,1935,49964,TCP,1521118750482605,97,4,5,0,8083,2,0,55,13195
1962329749,1074109250,56356,1485,UDP,1521118750482606,1485,4,5,24,53542,2,0,54,22286
2279000371,3390574635,443,45470,TCP,1521118750482607,1140,4,5,0,60747,2,0,59,8939
3997137757,3569581336,80,50848,TCP,1521118750482608,1480,4,5,0,62965,2,0,58,35265
3997137757,3569581336,80,50848,TCP,1521118750482609,1480,4,5,0,62966,2,0,58,35264
2137327677,3561001266,61702,63412,UDP,1521118750482611,41,4,5,0,28299,2,0,123,42019
2279000371,3390574635,443,45470,TCP,1521118750482611,1140,4,5,0,60748,2,0,59,8938
2279000371,3390574635,443,45470,TCP,1521118750482612,1140,4,5,0,60749,2,0,59,8937
2279000371,3390574635,443,45470,TCP,1521118750482613,1140,4,5,0,60750,2,0,59,8936
2513614260,3454856502,443,33648,TCP,1521118750482615,1460,4,5,0,10137,2,0,55,4097
3672239217,1962334021,443,53390,TCP,1521118750482624,52,4,5,0,35896,2,0,61,40444
3572223722,3337821954,80,45945,TCP,1521118750482624,40,4,5,0,28562,2,0,54,19314
3310683221,2317271739,53,34056,UDP,1521118750482624,1473,4,5,0,62416,0,0,59,28631
2246643122,3336876744,56296,53362,TCP,1521118750482626,533,4,5,0,3245,2,0,115,60397
1264308673,3978971492,31372,80,TCP,1521118750482631,1351,4,5,0,11847,2,0,58,47550
274892327,3569582604,25565,55294,TCP,1521118750482632,45,4,5,0,18564,2,0,58,2798
3877058099,4030665138,25565,55294,TCP,1521118750482637,1464,4,5,32,28935,2,0,248,60591
3995724889,3443690118,443,34559,TCP,1521118750482638,1500,4,5,0,65178,2,0,59,2357
4097441622,3242286630,59884,80,TCP,1521118750482644,60,4,5,0,49580,2,0,55,28439
1235721153,4225200978,443,43521,TCP,1521118750482647,1500,4,5,0,34482,2,0,58,24535
1235721153,4225200978,443,43521,TCP,1521118750482649,1500,4,5,0,34483,2,0,58,24534
2260923259,3390839930,1935,52907,TCP,1521118750482650,97,4,5,0,44656,2,0,55,13394
2513614260,3454856502,443,33648,TCP,1521118750482651,1460,4,5,0,10138,2,0,55,4096
1235721153,4225200978,443,43521,TCP,1521118750482653,1500,4,5,0,34484,2,0,58,24533
3525189015,3232165611,443,50706,TCP,1521118750482654,567,4,5,0,55047,2,0,52,52849
1235721153,4225200978,443,43521,TCP,1521118750482655,1500,4,5,0,34485,2,0,58,24532
1235721153,4225200978,443,43521,TCP,1521118750482657,1500,4,5,0,34486,2,0,58,24531
1235721153,4225200978,443,43521,TCP,1521118750482658,1500,4,5,0,34487,2,0,58,24530
1235721153,4225200978,443,43521,TCP,1521118750482659,1500,4,5,0,34488,2,0,58,24529
1235721153,4225200978,443,43521,TCP,1521118750482660,1500,4,5,0,34489,2,0,58,24528
1235721153,4225200978,443,43521,TCP,1521118750482662,1500,4,5,0,34490,2,0,58,24527
1235721153,4225200978,443,43521,TCP,1521118750482663,1500,4,5,0,34491,2,0,58,24526
1853829769,3448432804,8999,1135,UDP,1521118750482664,48,4,5,0,25533,0,0,120,34760
2206634729,3570046843,123,52606,UDP,1521118750482664,76,4,5,16,0,2,0,58,48603
268651666,3352055364,65082,34832,UDP,1521118750482664,84,4,5,0,0,2,0,52,54259
1235721153,4225200978,443,43521,TCP,1521118750482665,1500,4,5,0,34492,2,0,58,24525
2279000371,3390574635,443,45470,TCP,1521118750482666,1140,4,5,0,60751,2,0,59,8935
2279000371,3390574635,443,45470,TCP,1521118750482667,1140,4,5,0,60752,2,0,59,8934
1235721153,4225200978,443,43521,TCP,1521118750482668,1500,4,5,0,34493,2,0,58,24524
1235721153,4225200978,443,43521,TCP,1521118750482670,1500,4,5,0,34494,2,0,58,24523
1235721153,4225200978,443,43521,TCP,1521118750482671,1500,4,5,0,34495,2,0,58,24522
1235721153,4225200978,443,43521,TCP,1521118750482672,1500,4,5,0,34496,2,0,58,24521
1235721153,4225200978,443,43521,TCP,1521118750482673,1500,4,5,0,34497,2,0,58,24520
1235721153,4225200978,443,43521,TCP,1521118750482675,1500,4,5,0,34498,2,0,58,24519
1589792384,0,443,43521,TCP,1521118750482676,0,6,0,0,439,0,4407,217,5632
1235721153,4225200978,443,43521,TCP,1521118750482676,1500,4,5,0,34499,2,0,58,24518
2260923251,3396740973,80,6506,TCP,1521118750482678,309,4,5,0,570,2,0,55,54383
1235721153,4225200978,443,43521,TCP,1521118750482678,1500,4,5,0,34500,2,0,58,24517
1235721153,4225200978,443,43521,TCP,1521118750482679,1500,4,5,0,34501,2,0,58,24516
2279000371,3390574635,443,45470,TCP,1521118750482680,1140,4,5,0,60753,2,0,59,8933
2260923212,3242265810,1935,52227,TCP,1521118750482681,97,4,5,0,31154,2,0,55,33218
2279000371,3390574635,443,45470,TCP,1521118750482682,1140,4,5,0,60754,2,0,59,8932
2141754651,3242275434,7079,7067,TCP,1521118750482684,1294,4,5,0,52089,2,0,58,26625
3272940864,3223150537,15360,58695,UDP,1521118750482685,48,4,5,16,31265,0,0,118,51791
3978984593,3978971493,61446,443,TCP,1521118750482686,103,4,5,0,63599,2,0,59,42709
2377634709,3390572052,443,8536,TCP,1521118750482687,1140,4,5,0,25572,2,0,60,42278
2377634709,3390572052,443,8536,TCP,1521118750482688,1140,4,5,0,25573,2,0,60,42277
2513614260,3454856502,443,33648,TCP,1521118750482692,1460,4,5,0,10139,2,0,55,4095
3672239526,1962333965,80,39618,TCP,1521118750482697,52,4,5,0,59398,2,0,61,16689
3525189015,3232165611,443,50706,TCP,1521118750482704,493,4,5,0,55048,2,0,52,52922
2279000371,3390574635,443,45470,TCP,1521118750482707,1140,4,5,0,60755,2,0,59,8931
988843841,3453656817,53894,17622,TCP,1521118750482708,52,4,5,0,27239,2,0,118,25439
2260923212,3390572013,1935,9817,TCP,1521118750482708,97,4,5,0,33811,2,0,55,30063
2387594763,2270145408,443,27204,TCP,1521118750482710,132,4,5,0,15456,2,0,244,47848
1821906474,3455648090,21469,64110,UDP,1521118750482712,48,4,5,0,24337,0,0,120,37270
3741785781,3978971496,443,49838,TCP,1521118750482712,52,4,5,0,32428,2,0,248,53191
4193073753,2336071820,443,49838,TCP,1521118750482712,216,4,5,0,47465,2,0,58,9850
2279000371,3390574635,443,45470,TCP,1521118750482716,1140,4,5,0,60756,2,0,59,8930
1125711061,3617785568,6882,64989,TCP,1521118750482718,40,4,5,0,2099,2,0,55,7468
1125711061,3617785568,6882,64989,TCP,1521118750482718,40,4,5,0,2100,2,0,55,7467
968415530,3450220777,161,4904,TCP,1521118750482722,40,4,5,4,1692,2,0,48,12990
1125711061,3617785568,6882,64989,TCP,1521118750482722,40,4,5,0,2101,2,0,55,7466
1125711061,3617785568,6882,64989,TCP,1521118750482727,40,4,5,0,2102,2,0,55,7465
4193073753,2336071820,6882,64989,TCP,1521118750482740,104,4,5,0,37951,2,0,58,19476
2302893950,3484683469,34047,30705,UDP,1521118750482742,1455,4,5,0,9644,0,0,114,22607
2260923212,4098065789,1935,20772,TCP,1521118750482743,97,4,5,0,2758,2,0,55,17665
254516811,2336764693,53,56045,UDP,1521118750482744,203,4,5,0,19409,2,0,49,37245
2260923251,3242284685,1935,2371,TCP,1521118750482744,97,4,5,0,57076,2,0,55,53917
2073109466,3324090997,27366,53,UDP,1521118750482744,75,4,5,0,0,2,0,55,17312
2602858287,4223963335,62542,389,UDP,1521118750482747,79,4,5,0,19443,0,0,248,55242
2075950845,3452499745,80,36387,TCP,1521118750482754,979,4,5,0,5276,2,0,58,26853
2260923259,3396741874,1935,38115,TCP,1521118750482757,97,4,5,0,63033,2,0,55,56758
3542516036,3618740955,443,57287,UDP,1521118750482768,1378,4,5,0,0,2,0,58,29843
1303092022,3257308557,40766,2265,UDP,1521118750482769,48,4,5,0,23666,0,0,119,42677
2206341611,3390572274,443,25214,TCP,1521118750482771,1140,4,5,0,55746,2,0,59,62281
2206341611,3390572274,443,25214,TCP,1521118750482772,1140,4,5,0,55747,2,0,59,62280
3741785781,3978971490,443,19550,TCP,1521118750482775,466,4,5,0,59436,2,0,248,25775
789300327,3608384669,443,2551,TCP,1521118750482782,40,4,5,0,54273,2,0,48,6059
843300240,3452096818,80,50319,TCP,1521118750482782,40,4,5,0,32379,2,0,56,13708
3877058099,4030665138,80,50319,TCP,1521118750482783,1464,4,5,32,28936,2,0,248,60590
1962329749,1074109250,56356,1485,UDP,1521118750482791,1484,4,5,24,53543,2,0,54,22286
1902972905,3353385922,6890,55858,TCP,1521118750482793,576,4,5,0,62664,2,0,56,26358
1902972905,3353385922,6890,55858,TCP,1521118750482794,576,4,5,0,62665,2,0,56,26357
2171311930,3233197594,25461,27058,TCP,1521118750482796,1500,4,5,0,61093,2,0,61,49663
2171311930,3233197594,25461,27058,TCP,1521118750482797,1500,4,5,0,61094,2,0,61,49662
1902972905,3353385922,6890,55858,TCP,1521118750482798,576,4,5,0,62666,2,0,56,26356
1902972905,3353385922,6890,55858,TCP,1521118750482799,576,4,5,0,62667,2,0,56,26355
752780092,3453619662,443,50040,TCP,1521118750482800,40,4,5,0,41343,2,0,239,24205
2270456640,3978971485,80,51888,TCP,1521118750482804,101,4,5,0,39663,2,0,251,48006
2270456640,3978971485,80,51888,TCP,1521118750482804,885,4,5,0,49333,2,0,251,37552
2171311930,3233197594,25461,27058,TCP,1521118750482805,1500,4,5,0,61095,2,0,61,49661
2171311930,3233197594,25461,27058,TCP,1521118750482807,1500,4,5,0,61096,2,0,61,49660
3466406790,3338558390,443,3208,TCP,1521118750482808,827,4,5,0,35217,2,0,56,39251
3453525675,283451530,52535,443,TCP,1521118750482814,52,4,5,0,39985,2,0,56,2208
2241305591,3618743581,55608,29366,UDP,1521118750482817,1297,4,5,0,29112,0,0,116,12742
942637450,1074109374,443,47741,TCP,1521118750482818,1500,4,5,8,51200,2,0,246,8598
942637450,1074109374,443,47741,TCP,1521118750482820,1500,4,5,8,51201,2,0,246,8597
2260922839,3390970029,443,51546,TCP,1521118750482821,44,4,5,0,0,2,0,57,58982
2167416278,3473706997,8081,2013,TCP,1521118750482821,91,4,5,0,23813,2,0,57,56975
942637450,1074109374,443,47741,TCP,1521118750482821,1500,4,5,8,51202,2,0,246,8596
942637450,1074109374,443,47741,TCP,1521118750482823,1500,4,5,8,51203,2,0,246,8595
942637450,1074109374,443,47741,TCP,1521118750482824,1500,4,5,8,51204,2,0,246,8594
942637450,1074109374,443,47741,TCP,1521118750482825,1500,4,5,8,51205,2,0,246,8593
2260923212,3390571888,1935,6570,TCP,1521118750482827,97,4,5,0,2192,2,0,55,61807
942637450,1074109374,443,47741,TCP,1521118750482827,1500,4,5,8,51206,2,0,246,8592
942637450,1074109374,443,47741,TCP,1521118750482831,1500,4,5,8,51207,2,0,246,8591
2258940529,3978971494,10436,443,TCP,1521118750482832,60,4,5,0,60635,2,0,60,57913
942637450,1074109374,443,47741,TCP,1521118750482833,1500,4,5,8,51208,2,0,246,8590
942637450,1074109374,443,47741,TCP,1521118750482834,1500,4,5,8,51209,2,0,246,8589
742162570,2325249586,443,35983,TCP,1521118750482835,52,4,5,0,23385,2,0,237,31961
942637450,1074109374,443,47741,TCP,1521118750482835,1500,4,5,8,51210,2,0,246,8588
942637450,1074109374,443,47741,TCP,1521118750482837,561,4,5,8,51211,2,0,246,9526
2525376330,3391053466,12216,52599,TCP,1521118750482852,596,4,5,0,293,2,0,110,6901
2141556634,1962334167,11891,36137,TCP,1521118750482853,974,4,5,0,27576,2,0,55,30820
2260923251,3396736106,1935,1056,TCP,1521118750482854,97,4,5,0,18779,2,0,55,41253
569474483,1962334028,443,56277,TCP,1521118750482861,1500,4,5,0,43946,2,0,56,42378
569474483,1962334028,443,56277,TCP,1521118750482862,81,4,5,0,43947,2,0,56,43796
1053032795,3347703279,443,52099,TCP,1521118750482862,40,4,5,0,0,2,0,49,23608
3314518690,3447620706,443,51657,TCP,1521118750482862,52,4,5,0,19613,2,0,55,21780
2387594763,2270145408,443,27204,TCP,1521118750482866,125,4,5,0,15458,2,0,244,47853
1690674020,3256833513,8332,22,TCP,1521118750482867,124,4,5,2,4693,2,0,57,3827
3271940434,4225783938,6889,27541,TCP,1521118750482870,40,4,5,0,35455,2,0,52,52117
569474483,1962334028,443,56277,TCP,1521118750482875,1500,4,5,0,43948,2,0,56,42376
569474483,1962334028,443,56277,TCP,1521118750482880,1500,4,5,0,43949,2,0,56,42375
569474483,1962334028,443,56277,TCP,1521118750482881,1500,4,5,0,43950,2,0,56,42374
569474483,1962334028,443,56277,TCP,1521118750482883,81,4,5,0,43951,2,0,56,43792
3995724889,3443690118,443,34559,TCP,1521118750482883,1500,4,5,0,65179,2,0,59,2356
3741785781,3978971498,443,24952,TCP,1521118750482885,52,4,5,0,25858,2,0,248,59759
2482664220,3453337001,443,41589,TCP,1521118750482889,278,4,5,0,38218,2,0,52,7682
2482664220,3453337001,443,41589,TCP,1521118750482889,71,4,5,0,38219,2,0,52,7888
844421037,3448447833,24680,57919,TCP,1521118750482894,1400,4,5,0,20989,2,0,55,61852
2482664220,3453337001,443,41589,TCP,1521118750482895,40,4,5,0,38220,2,0,52,7918
2260923212,3396755122,80,22891,TCP,1521118750482895,309,4,5,0,29652,2,0,55,11191
3430701592,3569494444,55289,40382,UDP,1521118750482897,48,4,5,0,35467,0,0,55,54318
2260923259,3396743250,1935,51456,TCP,1521118750482901,109,4,5,0,57452,2,0,55,60951
360345605,4107109308,443,56425,TCP,1521118750482902,40,4,5,0,164,2,0,244,34850
360345605,4107109308,443,56425,TCP,1521118750482902,40,4,5,0,165,2,0,244,34849
3672181052,1962334072,443,63492,TCP,1521118750482902,52,4,5,0,55424,2,0,60,13751
1233844009,3223223603,80,49389,TCP,1521118750482907,1500,4,5,8,26984,2,0,57,21670
3407387524,3446798029,62231,65487,UDP,1521118750482911,80,4,5,0,1164,0,0,247,37940
740671201,3450125837,80,51035,TCP,1521118750482920,52,4,5,0,48469,2,0,241,21941
2141754651,3242288854,7079,55774,TCP,1521118750482925,1294,4,5,0,33339,2,0,58,31955
4193073753,2336071820,7079,55774,TCP,1521118750482929,1480,4,5,2,39439,2,0,58,16610
4193073753,2336071820,7079,55774,TCP,1521118750482930,744,4,5,2,15684,2,0,58,41101
836874896,1962334039,443,47531,TCP,1521118750482939,1500,4,5,0,31213,2,0,59,36719
2141754651,3242266425,7079,6263,TCP,1521118750482940,1306,4,5,0,49993,2,0,58,37718
2302893950,3484683469,34047,30705,UDP,1521118750482942,1455,4,5,0,9645,0,0,114,22606
738630440,3978971493,443,19080,TCP,1521118750482946,547,4,5,0,16214,2,0,241,19136
836874896,1962334039,443,47531,TCP,1521118750482950,1500,4,5,0,31214,2,0,59,36718
4173841903,3569702819,80,44618,TCP,1521118750482952,1480,4,5,0,20148,2,0,52,1884
4173841903,3569702819,80,44618,TCP,1521118750482954,1480,4,5,0,20149,2,0,52,1883
3527255851,3618740937,443,49752,TCP,1521118750482963,1472,4,5,0,39109,0,0,58,63118
2682440032,1962334046,443,53520,TCP,1521118750482971,52,4,5,0,64264,2,0,237,56610
2260923222,3391000609,1935,60723,TCP,1521118750482974,97,4,5,0,32428,2,0,55,61585
1884196964,3473429051,62279,16717,UDP,1521118750482978,1454,4,5,0,5400,0,0,114,3121
697383357,3617785372,443,54267,TCP,1521118750482984,91,4,5,0,58398,2,0,239,26224
356828717,4093838783,443,49347,TCP,1521118750482997,40,4,5,0,37614,2,0,241,8621
1001005187,4218216926,20268,40500,UDP,1521118750483004,48,4,5,0,32171,0,0,50,53657
2302893950,3484683469,34047,30705,UDP,1521118750483005,1455,4,5,0,9646,0,0,114,22605
2260923222,3390571667,1935,29667,TCP,1521118750483007,97,4,5,0,30679,2,0,55,33531
1868540862,3473429051,43578,1033,UDP,1521118750483007,1454,4,5,0,11182,0,0,116,55599
2198041738,3608324562,443,42895,TCP,1521118750483008,1460,4,5,0,1949,2,0,56,48436
2198041738,3608324562,443,42895,TCP,1521118750483010,1460,4,5,0,1950,2,0,56,48435
3542516008,4030665106,443,50707,TCP,1521118750483013,1400,4,5,0,54177,0,0,58,20926
3672201744,1962334044,443,38174,TCP,1521118750483014,52,4,5,0,34762,2,0,61,13493
3542516008,4030665106,443,50707,TCP,1521118750483014,1400,4,5,0,54178,0,0,58,20925
789269104,3978971495,443,11802,TCP,1521118750483019,52,4,5,0,63913,2,0,240,57612
2260923212,3391028345,1935,50807,TCP,1521118750483027,97,4,5,0,60386,2,0,55,5901
1235721153,4225200978,443,43521,TCP,1521118750483029,1500,4,5,0,34502,2,0,58,24515
1235721153,4225200978,443,43521,TCP,1521118750483031,1500,4,5,0,34503,2,0,58,24514
1235721153,4225200978,443,43521,TCP,1521118750483032,1500,4,5,0,34504,2,0,58,24513
2241305591,3618743581,55608,29366,UDP,1521118750483033,1297,4,5,0,29113,0,0,116,12741
1235721153,4225200978,443,43521,TCP,1521118750483035,1500,4,5,0,34505,2,0,58,24512
1235721153,4225200978,443,43521,TCP,1521118750483036,1500,4,5,0,34506,2,0,58,24511
1235721153,4225200978,443,43521,TCP,1521118750483037,1500,4,5,0,34507,2,0,58,24510
1264309527,3978971497,27380,80,TCP,1521118750483038,52,4,5,0,58177,2,0,61,892
1235721153,4225200978,443,43521,TCP,1521118750483038,1500,4,5,0,34508,2,0,58,24509
1235721153,4225200978,443,43521,TCP,1521118750483040,1500,4,5,0,34509,2,0,58,24508
1235721153,4225200978,443,43521,TCP,1521118750483041,1500,4,5,0,34510,2,0,58,24507
2056232816,3338133552,110,4166,TCP,1521118750483042,1420,4,5,0,61935,2,0,244,52819
1235721153,4225200978,443,43521,TCP,1521118750483043,1500,4,5,0,34511,2,0,58,24506
1235721153,4225200978,443,43521,TCP,1521118750483045,1500,4,5,0,34512,2,0,58,24505
1264309556,3978971488,80,50044,TCP,1521118750483047,52,4,5,0,14240,2,0,61,44809
1235721153,4225200978,443,43521,TCP,1521118750483047,1500,4,5,0,34513,2,0,58,24504
1235721153,4225200978,443,43521,TCP,1521118750483048,1500,4,5,0,34514,2,0,58,24503
1235721153,4225200978,443,43521,TCP,1521118750483049,1500,4,5,0,34515,2,0,58,24502
1190350650,3391018883,80,52108,TCP,1521118750483050,60,4,5,0,4646,2,0,55,63942
1235721153,4225200978,443,43521,TCP,1521118750483050,1500,4,5,0,34516,2,0,58,24501
1235721153,4225200978,443,43521,TCP,1521118750483052,1500,4,5,0,34517,2,0,58,24500
2056232816,3338133552,110,4166,TCP,1521118750483053,1369,4,5,0,61936,2,0,244,52869
1235721153,4225200978,443,43521,TCP,1521118750483054,1500,4,5,0,34518,2,0,58,24499
1235721153,4225200978,443,43521,TCP,1521118750483055,1500,4,5,0,34519,2,0,58,24498
1235721153,4225200978,443,43521,TCP,1521118750483057,1500,4,5,0,34520,2,0,58,24497
1235721153,4225200978,443,43521,TCP,1521118750483059,1500,4,5,0,34521,2,0,58,24496
1264309527,3978971497,27380,80,TCP,1521118750483060,93,4,5,0,58178,2,0,61,850
4285266172,3349794490,2535,4645,TCP,1521118750483060,40,4,5,0,13920,2,0,53,32931
4285266172,3349794490,2535,4645,TCP,1521118750483060,40,4,5,0,13921,2,0,53,32930
799785091,3454855100,80,64897,TCP,1521118750483060,52,4,5,0,64733,2,0,240,59405
1243994090,3390978279,61026,54046,UDP,1521118750483061,1308,4,5,0,12469,0,0,119,59654
2260923212,3390988133,1935,49520,TCP,1521118750483075,109,4,5,0,19661,2,0,55,21291
3766937918,3334585693,443,49526,TCP,1521118750483087,1400,4,5,40,13136,2,0,61,46883
3766937918,3334585693,443,49526,TCP,1521118750483089,1400,4,5,40,13137,2,0,61,46882
2489103422,3242266166,2703,59641,TCP,1521118750483090,52,4,5,0,18517,2,0,61,56668
3223949995,2332752498,50527,443,TCP,1521118750483091,40,4,5,0,8577,2,0,115,3581
844417501,3455008389,23538,35098,TCP,1521118750483091,1143,4,5,0,1738,2,0,55,12305
3741785781,3978971498,443,52082,TCP,1521118750483093,52,4,5,0,30117,2,0,248,55500
3584920382,3484728517,80,2628,TCP,1521118750483099,1500,4,5,0,46504,0,0,246,7181
2682440032,1962334046,443,53520,TCP,1521118750483106,52,4,5,0,64265,2,0,237,56609
2279000371,3390574635,443,45470,TCP,1521118750483108,1140,4,5,0,60757,2,0,59,8929
2279000371,3390574635,443,45470,TCP,1521118750483109,1140,4,5,0,60758,2,0,59,8928
2260923246,3324025873,1935,50961,TCP,1521118750483110,97,4,5,0,39868,2,0,51,53111
506804013,3608384669,43906,4911,UDP,1521118750483113,1456,4,5,0,22306,0,0,115,10760
3584920382,3484728517,80,2628,TCP,1521118750483115,1500,4,5,0,46505,0,0,246,7180
2513606723,3569583484,49819,32927,UDP,1521118750483116,41,4,5,0,7448,2,0,118,24406
2279000371,3390574635,443,45470,TCP,1521118750483116,1140,4,5,0,60759,2,0,59,8927
132790060,1962334195,35576,9043,UDP,1521118750483117,132,4,5,0,39925,2,0,58,6260
843300240,3223150245,443,2017,TCP,1521118750483118,40,4,5,0,53510,2,0,56,25395
2279000371,3390574635,443,45470,TCP,1521118750483120,1140,4,5,0,60760,2,0,59,8926
3584920382,3484728517,80,2628,TCP,1521118750483123,1500,4,5,0,46506,0,0,246,7179
800783747,3347702009,443,46485,TCP,1521118750483124,64,4,5,0,14463,2,0,237,32631
2279000371,3390574635,443,45470,TCP,1521118750483126,1140,4,5,0,60761,2,0,59,8925
2279000371,3390574635,443,45470,TCP,1521118750483127,1140,4,5,0,60762,2,0,59,8924
269242603,3978971493,443,9032,TCP,1521118750483129,1480,4,5,0,18564,2,0,58,23333
269242603,3978971493,443,9032,TCP,1521118750483130,1480,4,5,0,18565,2,0,58,23332
269802322,3449050547,36002,47428,UDP,1521118750483132,1092,4,5,0,56972,2,0,54,21358
2141754651,3242277677,7079,49985,TCP,1521118750483133,1294,4,5,0,54056,2,0,58,22415
3672220297,3347600706,443,51622,TCP,1521118750483136,1400,4,5,0,35957,2,0,60,4821
2682440032,1962334046,443,53520,TCP,1521118750483139,52,4,5,0,64267,2,0,237,56607
2213222238,3334585705,443,50392,TCP,1521118750483140,258,4,5,0,56050,2,0,58,17807
3672220297,3347600706,443,51622,TCP,1521118750483143,1400,4,5,0,35958,2,0,60,4820
3978976556,3978971496,443,46778,TCP,1521118750483145,52,4,5,0,63447,2,0,61,50434
3872119846,3455008355,4500,53599,UDP,1521118750483145,160,4,5,0,0,2,0,57,29192
3584920382,3484728517,80,2628,TCP,1521118750483147,1500,4,5,0,46507,0,0,246,7178
2260923212,3391002656,1935,56586,TCP,1521118750483148,109,4,5,0,38718,2,0,55,53246
3584920382,3484728517,80,2628,TCP,1521118750483149,1500,4,5,0,46508,0,0,246,7177
2146581741,3347702733,443,49841,TCP,1521118750483150,368,4,5,0,0,2,0,56,55633
2260923246,3242286858,1935,51835,TCP,1521118750483151,97,4,5,0,13899,2,0,55,29391
817137769,3233202499,18078,123,UDP,1521118750483154,36,4,5,16,49532,0,0,248,50724
2260923246,3390572206,1935,52161,TCP,1521118750483155,97,4,5,0,22409,2,0,55,41238
1264309556,3978971488,80,50044,TCP,1521118750483162,243,4,5,32,14241,2,0,61,44585
3584920382,3484728517,80,2628,TCP,1521118750483163,1500,4,5,0,46509,0,0,246,7176
2488505625,3474201557,514,6410,TCP,1521118750483165,211,4,5,0,5807,2,0,49,7712
942637450,1074109374,443,47741,TCP,1521118750483166,1500,4,5,8,51313,2,0,246,8485
2279000371,3390574635,443,45470,TCP,1521118750483167,1140,4,5,0,60763,2,0,59,8923
2279000371,3390574635,443,45470,TCP,1521118750483168,1140,4,5,0,60764,2,0,59,8922
942637450,1074109374,443,47741,TCP,1521118750483169,1500,4,5,8,51314,2,0,246,8484
942637450,1074109374,443,47741,TCP,1521118750483171,1500,4,5,8,51315,2,0,246,8483
942637450,1074109374,443,47741,TCP,1521118750483172,1500,4,5,8,51316,2,0,246,8482
3542516066,4030665149,443,52920,UDP,1521118750483173,1378,4,5,0,0,2,0,58,58629
942637450,1074109374,443,47741,TCP,1521118750483174,1500,4,5,8,51317,2,0,246,8481
942637450,1074109374,443,47741,TCP,1521118750483176,1500,4,5,8,51318,2,0,246,8480
2279000371,3390574635,443,45470,TCP,1521118750483177,1140,4,5,0,60765,2,0,59,8921
2279000371,3390574635,443,45470,TCP,1521118750483178,1140,4,5,0,60766,2,0,59,8920
942637450,1074109374,443,47741,TCP,1521118750483179,1500,4,5,8,51319,2,0,246,8479
3584920382,3484728517,80,2628,TCP,1521118750483180,1500,4,5,0,46510,0,0,246,7175
942637450,1074109374,443,47741,TCP,1521118750483181,1500,4,5,8,51320,2,0,246,8478
942637450,1074109374,443,47741,TCP,1521118750483183,1500,4,5,8,51321,2,0,246,8477
3584920382,3484728517,80,2628,TCP,1521118750483184,903,4,5,0,46511,0,0,246,7771
942637450,1074109374,443,47741,TCP,1521118750483185,1500,4,5,8,51322,2,0,246,8476
942637450,1074109374,443,47741,TCP,1521118750483187,1500,4,5,8,51323,2,0,246,8475
942637450,1074109374,443,47741,TCP,1521118750483188,1070,4,5,8,51324,2,0,246,8904
1999529410,3391070911,9998,45899,TCP,1521118750483189,52,4,5,0,24747,2,0,119,22857
2279000371,3242286394,80,51666,TCP,1521118750483189,1476,4,5,0,64670,2,0,59,52751
2198041731,3223149794,443,2148,TCP,1521118750483190,1436,4,5,0,61761,2,0,56,14228
2075950845,3450224461,443,51256,TCP,1521118750483191,71,4,5,0,32261,2,0,58,47870
1264309556,3978971488,80,50044,TCP,1521118750483194,52,4,5,32,14242,2,0,61,44775
4006383990,3451487821,110,37116,TCP,1521118750483198,1492,4,5,0,61878,2,0,55,30755
738433434,2270145447,443,28064,TCP,1521118750483199,86,4,5,0,55813,2,0,240,47111
790654705,3978971486,443,57602,TCP,1521118750483199,52,4,5,0,33988,2,0,240,12645
1670205591,1962400027,45474,1485,UDP,1521118750483200,1457,4,5,24,48156,2,0,57,32208
3741785781,3978971499,443,33100,TCP,1521118750483202,52,4,5,0,62825,2,0,248,22791
2075950845,3450224461,443,51256,TCP,1521118750483204,40,4,5,0,32262,2,0,58,47900
1638218181,3350331145,17364,12506,UDP,1521118750483208,1100,4,5,0,26923,2,0,51,30800
2213222238,3334585705,443,50392,TCP,1521118750483210,78,4,5,0,56051,2,0,58,17986
1075838391,1074109373,443,33630,TCP,1521118750483217,1500,4,5,160,59991,2,0,58,13963
742686919,3978971487,443,12152,TCP,1521118750483219,52,4,5,0,3435,2,0,240,39363
1638218181,3350331145,17364,12506,UDP,1521118750483219,1100,4,5,0,26924,2,0,51,30799
3314004852,3473430316,80,37555,TCP,1521118750483220,1460,4,5,0,5980,2,0,122,17591
2279000371,3390574635,443,45470,TCP,1521118750483221,1140,4,5,0,60767,2,0,59,8919
2279000371,3390574635,443,45470,TCP,1521118750483222,1140,4,5,0,60768,2,0,59,8918
2279000371,3390574635,443,45470,TCP,1521118750483225,1140,4,5,0,60769,2,0,59,8917
2279000371,3390574635,443,45470,TCP,1521118750483226,1140,4,5,0,60770,2,0,59,8916
2181312202,3447540713,25,38523,TCP,1521118750483230,60,4,5,0,34368,2,0,245,13638
1075838391,1074109373,443,33630,TCP,1521118750483232,1500,4,5,160,59992,2,0,58,13962
2674523066,3348720421,1025,6881,UDP,1521118750483233,48,4,5,0,31911,0,0,116,64562
269242582,3978971490,80,24952,TCP,1521118750483235,1480,4,5,0,64127,2,0,58,43329
269242582,3978971490,80,24952,TCP,1521118750483237,372,4,5,0,64128,2,0,58,44436
4173841903,3569702819,80,44618,TCP,1521118750483240,1480,4,5,0,20150,2,0,52,1882
4173841903,3569702819,80,44618,TCP,1521118750483241,1480,4,5,0,20151,2,0,52,1881
269242582,3978971490,80,24952,TCP,1521118750483243,72,4,5,0,64129,2,0,58,44735
1075838391,1074109373,443,33630,TCP,1521118750483248,1500,4,5,160,59993,2,0,58,13961
2285206418,3390574938,80,53646,TCP,1521118750483250,52,4,5,0,39870,2,0,53,51915
2260923222,3390571561,1935,55449,TCP,1521118750483250,97,4,5,0,25672,2,0,55,38644
1589966081,0,1935,55449,TCP,1521118750483252,0,6,0,0,346,0,4408,217,5632
788646944,3448447665,443,65044,TCP,1521118750483254,1340,4,5,0,36201,2,0,239,3572
2170442658,1235594412,49496,445,TCP,1521118750483255,40,4,5,0,589,0,0,106,33585
269242582,3978971490,80,24952,TCP,1521118750483256,1480,4,5,0,64130,2,0,58,43326
1280582700,3391053427,36636,60761,UDP,1521118750483257,1421,4,5,0,15807,0,0,118,26766
3672239315,1962334194,43025,9042,UDP,1521118750483258,249,4,5,0,42575,2,0,61,33286
269242582,3978971490,80,24952,TCP,1521118750483258,1480,4,5,0,64131,2,0,58,43325
360217768,3447595367,443,47115,TCP,1521118750483260,40,4,5,0,13971,2,0,241,53814
2260923222,3391071046,1935,50089,TCP,1521118750483260,97,4,5,0,57897,2,0,51,32238
1075838391,1074109373,443,33630,TCP,1521118750483263,1500,4,5,160,59994,2,0,58,13960
2056258359,3617733512,8195,8195,TCP,1521118750483267,109,4,5,0,28646,2,0,57,16563
2279000371,3390574635,443,45470,TCP,1521118750483268,1140,4,5,0,60771,2,0,59,8915
2279000371,3390574635,443,45470,TCP,1521118750483268,1140,4,5,0,60772,2,0,59,8914
2279000371,3390574635,443,45470,TCP,1521118750483273,1140,4,5,0,60773,2,0,59,8913
2279000371,3390574635,443,45470,TCP,1521118750483274,1140,4,5,0,60774,2,0,59,8912
788646944,3448447665,443,65044,TCP,1521118750483276,537,4,5,0,36202,2,0,239,4374
2463797382,3348657920,50103,37194,TCP,1521118750483280,40,4,5,0,27356,2,0,114,15354
1075838391,1074109373,443,33630,TCP,1521118750483282,1500,4,5,160,59995,2,0,58,13959
2302893950,3484683469,34047,30705,UDP,1521118750483283,1455,4,5,0,9647,0,0,114,22604
3978970927,3978971640,2001,2001,UDP,1521118750483294,144,4,5,0,55849,2,0,60,63670
1075838391,1074109373,443,33630,TCP,1521118750483295,1500,4,5,160,59996,2,0,58,13958
1589969663,0,443,33630,TCP,1521118750483296,0,6,0,0,343,0,4408,217,5632
3310683221,2317271739,53,34056,UDP,1521118750483296,1473,4,5,0,62417,0,0,59,28630
282018607,4098085650,443,59552,TCP,1521118750483301,1492,4,5,0,6874,2,0,59,1014
2260923212,3391002139,1935,54497,TCP,1521118750483303,97,4,5,0,20694,2,0,55,6264
282018607,4098085650,443,59552,TCP,1521118750483305,1492,4,5,0,6875,2,0,59,1013
938031650,3455662776,53147,65426,UDP,1521118750483307,41,4,5,0,21017,2,0,117,14574
3978976556,3978971496,443,46778,TCP,1521118750483307,189,4,5,0,63448,2,0,61,50296
1075838391,1074109373,443,33630,TCP,1521118750483310,1500,4,5,160,59997,2,0,58,13957
2279000371,3390574635,443,45470,TCP,1521118750483312,1140,4,5,0,60775,2,0,59,8911
2279000371,3390574635,443,45470,TCP,1521118750483313,1140,4,5,0,60776,2,0,59,8910
2279000371,3390574635,443,45470,TCP,1521118750483314,1140,4,5,0,60777,2,0,59,8909
2279000371,3390574635,443,45470,TCP,1521118750483315,1140,4,5,0,60778,2,0,59,8908
278248674,3335625881,49529,54836,UDP,1521118750483316,66,4,5,0,11946,2,0,118,42270
358335756,1962334022,443,37019,TCP,1521118750483316,40,4,5,0,53013,2,0,244,37141
1670205588,3348708650,57340,1485,UDP,1521118750483316,1457,4,5,24,50154,2,0,57,48980
360345605,4107109308,443,56425,TCP,1521118750483317,187,4,5,0,167,2,0,244,34700
1329306856,3390884810,26085,40500,UDP,1521118750483321,1430,4,5,0,37729,0,0,53,27371
3527255913,3618740937,443,26744,UDP,1521118750483322,1378,4,5,0,0,2,0,58,20329
1075838391,1074109373,443,33630,TCP,1521118750483324,1500,4,5,160,59998,2,0,58,13956
1886451809,3608406018,54858,47783,TCP,1521118750483325,52,4,5,0,786,2,0,113,57033
3527255913,3618740937,443,26744,UDP,1521118750483328,1378,4,5,0,0,2,0,58,20329
584347597,2343838660,60976,23,TCP,1521118750483335,40,4,5,0,28051,0,0,238,7459
2260923222,3390911185,1935,51167,TCP,1521118750483337,97,4,5,0,43136,2,0,55,9231
1053672582,3978971495,443,41646,TCP,1521118750483337,641,4,5,0,29134,2,0,241,56258
3307856004,3569583490,9999,44270,TCP,1521118750483338,101,4,5,0,22799,2,0,54,60303
358335756,1962334022,443,39655,TCP,1521118750483339,493,4,5,0,45082,2,0,244,44619
2055598520,4038538054,80,52108,TCP,1521118750483341,53,4,5,0,0,2,0,57,45447
3673961955,2346381373,20890,60337,UDP,1521118750483342,74,4,5,0,8557,2,0,250,53821
2211447547,3451134150,61456,1024,UDP,1521118750483344,116,4,5,0,23727,2,0,112,14468
742189622,1962334028,80,52941,TCP,1521118750483353,536,4,5,0,28486,2,0,237,47587
742189622,1962334028,80,52941,TCP,1521118750483354,52,4,5,0,28487,2,0,237,48070
2206633858,3447545695,123,35132,UDP,1521118750483356,76,4,5,16,0,2,0,58,172
4173841903,3569702819,80,44618,TCP,1521118750483361,1480,4,5,0,20152,2,0,52,1880
3978976902,3978971489,50292,80,TCP,1521118750483362,60,4,5,0,51314,2,0,58,62988
3311125449,3443994623,443,35170,TCP,1521118750483365,1480,4,5,0,12610,2,0,55,34434
4173841903,3569702819,80,44618,TCP,1521118750483366,1480,4,5,0,20153,2,0,52,1879
2279000371,3390574635,443,45470,TCP,1521118750483370,1140,4,5,0,60779,2,0,59,8907
2279000371,3390574635,443,45470,TCP,1521118750483371,1140,4,5,0,60780,2,0,59,8906
2279000371,3390574635,443,45470,TCP,1521118750483374,1140,4,5,0,60781,2,0,59,8905
2279000371,3390574635,443,45470,TCP,1521118750483375,1140,4,5,0,60782,2,0,59,8904
800770051,1962334044,443,48624,TCP,1521118750483376,969,4,5,0,18984,2,0,237,64501
708214051,1235577710,31923,445,TCP,1521118750483377,180,4,5,0,19836,2,0,112,24667
1544718822,3472950723,61740,55295,UDP,1521118750483388,304,4,5,0,23721,0,0,117,11607
4106751404,2336765218,80,28536,TCP,1521118750483395,1492,4,5,0,54817,2,0,57,41763
738370014,3978971494,443,12920,TCP,1521118750483396,52,4,5,0,16903,2,0,232,19531
718026855,3571692354,6008,6650,UDP,1521118750483397,51,4,5,9,8821,2,0,54,14051
3885269877,3347605277,443,51866,TCP,1521118750483402,1480,4,5,0,7001,2,0,54,35367
4106751404,2336765218,80,28536,TCP,1521118750483405,1492,4,5,0,54818,2,0,57,41762
385242930,3455008389,36472,1671,UDP,1521118750483406,393,4,5,0,49966,2,0,240,19352
1962329749,1074109250,56356,1485,UDP,1521118750483415,1426,4,5,24,53544,2,0,54,22343
3995724889,3443690118,443,34559,TCP,1521118750483416,136,4,5,0,65180,2,0,59,3719
3877058099,4030665138,443,34559,TCP,1521118750483418,264,4,5,32,28966,2,0,248,61760
2260923246,3391034703,1935,53178,TCP,1521118750483418,97,4,5,0,18024,2,0,55,41871
718026217,3451647714,7008,20126,UDP,1521118750483421,52,4,5,9,31070,2,0,54,42494
1962329749,1074109250,56356,1485,UDP,1521118750483422,1426,4,5,24,53545,2,0,54,22342
3978970927,3978971640,2001,2001,UDP,1521118750483423,144,4,5,0,55850,2,0,60,63669
1928490204,3232201950,80,49165,TCP,1521118750483423,52,4,5,0,41047,2,0,58,33560
2263454709,3617785814,56579,63678,UDP,1521118750483425,41,4,5,0,8391,2,0,120,59300
1821906474,3455648090,21469,64110,UDP,1521118750483432,48,4,5,0,24338,0,0,120,37269
1075838391,1074109373,443,33630,TCP,1521118750483442,1500,4,5,160,59999,2,0,58,13955
2141754651,3390575044,7079,42850,TCP,1521118750483449,1140,4,5,0,43615,2,0,58,41348
232291615,2325272133,443,58133,TCP,1521118750483453,40,4,5,8,43475,2,0,237,63518
1075838391,1074109373,443,33630,TCP,1521118750483455,1500,4,5,160,60000,2,0,58,13954
2260923222,3242276934,1935,63633,TCP,1521118750483460,97,4,5,0,46976,2,0,55,6262
1879089671,2341450949,63294,43653,UDP,1521118750483463,1466,4,5,0,20090,0,0,120,40028
1075838391,1074109373,443,33630,TCP,1521118750483467,1500,4,5,160,60001,2,0,58,13953
744358254,4041960738,443,39691,TCP,1521118750483468,1450,4,5,0,16540,2,0,237,48087
4106699041,3347600936,109,36787,UDP,1521118750483470,1473,4,5,0,37719,2,0,56,22075
3672201731,1962334029,443,53939,TCP,1521118750483472,52,4,5,0,23538,2,0,61,24745
2260923246,3242265756,1935,51413,TCP,1521118750483472,97,4,5,0,30973,2,0,55,33419
1264309560,3978971495,80,48242,TCP,1521118750483476,52,4,5,32,64139,2,0,61,60402
1075838391,1074109373,443,33630,TCP,1521118750483477,1500,4,5,160,60002,2,0,58,13952
718025950,4030665149,7008,28194,UDP,1521118750483479,52,4,5,9,59222,2,0,54,64434
2141754651,3390575044,7079,42850,TCP,1521118750483481,218,4,5,0,43616,2,0,58,42269
1234923770,3447595706,443,33130,TCP,1521118750483483,52,4,5,8,6217,2,0,56,32677
3254647947,1962334175,6412,80,TCP,1521118750483485,40,4,5,0,16044,2,0,108,50372
3254647947,1962334175,6412,80,TCP,1521118750483485,40,4,5,0,16045,2,0,108,50371
2581122097,3390904259,58325,61559,TCP,1521118750483487,48,4,5,0,16214,2,0,118,32135
708214051,1235577710,31923,445,TCP,1521118750483489,218,4,5,0,19837,2,0,112,24628
2503408021,1074109431,443,63372,TCP,1521118750483498,52,4,5,0,22931,2,0,56,32360
4173841903,3569702819,80,44618,TCP,1521118750483499,1480,4,5,0,20154,2,0,52,1878
795814298,3978971490,443,31152,TCP,1521118750483500,52,4,5,0,24590,2,0,240,39711
1903162819,3472982509,41079,56292,UDP,1521118750483500,1454,4,5,0,4935,0,0,121,28886
4173841903,3569702819,80,44618,TCP,1521118750483502,1480,4,5,0,20155,2,0,52,1877
2260923222,3242283369,1935,50937,TCP,1521118750483508,97,4,5,0,21077,2,0,55,25726
2260923251,3396741874,1935,34069,TCP,1521118750483508,97,4,5,0,31870,2,0,55,22394
133084516,1962334195,37101,9042,UDP,1521118750483509,116,4,5,8,49745,2,0,60,29155
2005836026,4030665149,443,58171,TCP,1521118750483514,1440,4,5,0,56503,0,0,58,33819
2260923212,3252738208,1935,60985,TCP,1521118750483517,97,4,5,0,35757,2,0,55,41817
3527241946,3618741021,443,41423,UDP,1521118750483518,1378,4,5,0,0,2,0,58,34212
942637450,1074109374,443,47741,TCP,1521118750483529,1500,4,5,8,51407,2,0,246,8391
942637450,1074109374,443,47741,TCP,1521118750483533,1500,4,5,8,51408,2,0,246,8390
2260923259,2345951390,1935,18549,TCP,1521118750483534,97,4,5,0,42795,2,0,51,14779
1054927735,4218199246,443,57674,TCP,1521118750483534,103,4,5,0,11792,2,0,235,40685
942637450,1074109374,443,47741,TCP,1521118750483536,1500,4,5,8,51409,2,0,246,8389
942637450,1074109374,443,47741,TCP,1521118750483537,1500,4,5,8,51410,2,0,246,8388
830040807,3446699323,59031,27249,UDP,1521118750483538,1455,4,5,0,22475,0,0,117,2407
942637450,1074109374,443,47741,TCP,1521118750483540,1500,4,5,8,51411,2,0,246,8387
2270150495,2270145343,7364,443,TCP,1521118750483541,52,4,5,0,43159,2,0,56,8431
942637450,1074109374,443,47741,TCP,1521118750483541,1500,4,5,8,51412,2,0,246,8386
3741785781,3978971496,443,49838,TCP,1521118750483542,464,4,5,0,32528,2,0,248,52679
1962329749,1074109250,56356,1485,UDP,1521118750483543,1426,4,5,24,53546,2,0,54,22341
942637450,1074109374,443,47741,TCP,1521118750483544,1500,4,5,8,51413,2,0,246,8385
2302893950,3484683469,34047,30705,UDP,1521118750483546,1455,4,5,0,9648,0,0,114,22603
1355782037,4223574900,22568,1085,UDP,1521118750483547,88,4,5,0,6424,0,0,116,42469
942637450,1074109374,443,47741,TCP,1521118750483547,1500,4,5,8,51414,2,0,246,8384
942637450,1074109374,443,47741,TCP,1521118750483548,1500,4,5,8,51415,2,0,246,8383
854337448,3453619846,13250,17589,TCP,1521118750483550,40,4,5,0,56089,2,0,54,12994
942637450,1074109374,443,47741,TCP,1521118750483550,1500,4,5,8,51416,2,0,246,8382
942637450,1074109374,443,47741,TCP,1521118750483551,1500,4,5,8,51417,2,0,246,8381
942637450,1074109374,443,47741,TCP,1521118750483552,561,4,5,8,51418,2,0,246,9319
2302893950,3484683469,34047,30705,UDP,1521118750483561,1455,4,5,0,9649,0,0,114,22602
37414177,3447677014,54245,26459,UDP,1521118750483573,1454,4,5,0,27936,0,0,55,64493
1234923770,3451138496,443,42118,TCP,1521118750483575,52,4,5,0,2324,2,0,54,33190
1589969663,0,443,42118,TCP,1521118750483577,0,6,0,0,349,0,4408,217,5632
1962329749,1074109250,56356,1485,UDP,1521118750483579,1391,4,5,24,53547,2,0,54,22375
4275593355,3352061112,4400,60307,UDP,1521118750483587,70,4,5,0,44840,2,0,54,2454
2141754651,3390868270,7079,34909,TCP,1521118750483601,1306,4,5,0,31526,2,0,58,22185
3584920382,3484728517,80,2628,TCP,1521118750483615,1500,4,5,0,46513,0,0,246,7172
791079604,3232201560,9339,43992,UDP,1521118750483616,53,4,5,0,40833,2,0,237,39003
2258940777,3978971495,2515,59024,TCP,1521118750483616,52,4,5,0,19368,2,0,58,33916
2258940747,3978971498,2515,64624,TCP,1521118750483619,52,4,5,0,42963,2,0,58,10348
1670205588,3348708650,57340,1485,UDP,1521118750483620,1457,4,5,24,50155,2,0,57,48979
3584920382,3484728517,80,2628,TCP,1521118750483622,1372,4,5,0,46514,0,0,246,7299
1962329749,1074109250,56356,1485,UDP,1521118750483629,1426,4,5,24,53548,2,0,54,22339
565684003,3453615797,443,51240,TCP,1521118750483640,48,4,5,0,24651,2,0,247,36370
834672924,3450223468,43097,1025,UDP,1521118750483643,1455,4,5,16,20338,0,0,118,39885
3433012066,3391003023,51741,50034,UDP,1521118750483645,38,4,5,0,19564,0,0,117,11691
2141754651,3390992746,7079,50101,TCP,1521118750483647,1294,4,5,0,55613,2,0,58,4704
1771469063,3450326223,60334,21170,UDP,1521118750483648,1466,4,5,0,25859,0,0,116,24347
3978976037,3978971490,5148,80,TCP,1521118750483649,52,4,5,0,58265,2,0,59,56653
1670205588,3348708650,57340,1485,UDP,1521118750483659,1457,4,5,24,50156,2,0,57,48978
2340498649,1962334015,24939,80,TCP,1521118750483665,40,4,5,0,11142,2,0,114,55481
799735490,3452499967,443,50634,TCP,1521118750483667,298,4,5,0,29230,2,0,240,9066
1962329749,1074109250,56356,1485,UDP,1521118750483673,1391,4,5,24,53549,2,0,54,22373
360217768,3447595367,443,47115,TCP,1521118750483677,40,4,5,0,13972,2,0,241,53813
788691436,3445813106,45150,64664,UDP,1521118750483681,137,4,5,0,38254,2,0,240,36657
2211447542,3447568512,61456,63932,UDP,1521118750483681,160,4,5,0,13130,2,0,115,51006
799735490,3452499967,443,50634,TCP,1521118750483682,109,4,5,0,29231,2,0,240,9254
1235721153,4225200978,443,43521,TCP,1521118750483685,1500,4,5,0,34522,2,0,58,24495
3741785781,3978971498,443,52082,TCP,1521118750483686,463,4,5,0,30170,2,0,248,55036
1235721153,4225200978,443,43521,TCP,1521118750483686,1500,4,5,0,34523,2,0,58,24494
3978976037,3978971490,5148,80,TCP,1521118750483688,52,4,5,0,58266,2,0,59,56652
741885785,4225200602,443,46898,TCP,1521118750483689,52,4,5,0,9269,2,0,238,34635
744358254,4041960738,443,39691,TCP,1521118750483689,1450,4,5,0,16541,2,0,237,48086
799670781,3978971499,443,22622,TCP,1521118750483691,1500,4,5,0,23563,2,0,240,49363
1235721153,4225200978,443,43521,TCP,1521118750483692,1500,4,5,0,34524,2,0,58,24493
1235721153,4225200978,443,43521,TCP,1521118750483693,1500,4,5,0,34525,2,0,58,24492
799670781,3978971499,443,22622,TCP,1521118750483695,1500,4,5,0,23564,2,0,240,49362
1235721153,4225200978,443,43521,TCP,1521118750483696,1500,4,5,0,34526,2,0,58,24491
1235721153,4225200978,443,43521,TCP,1521118750483698,1500,4,5,0,34527,2,0,58,24490
1235721153,4225200978,443,43521,TCP,1521118750483699,1500,4,5,0,34528,2,0,58,24489
1235721153,4225200978,443,43521,TCP,1521118750483700,1500,4,5,0,34529,2,0,58,24488
4023727071,3451631701,443,1616,TCP,1521118750483701,52,4,5,0,57056,2,0,56,47645
1235721153,4225200978,443,43521,TCP,1521118750483701,1500,4,5,0,34530,2,0,58,24487
738357967,3978971495,443,14276,TCP,1521118750483703,1500,4,5,0,20572,2,0,240,24412
743832547,3222708445,80,64058,TCP,1521118750483704,1364,4,5,0,25794,2,0,246,37300
2269646176,3353386028,50171,63973,UDP,1521118750483705,142,4,5,0,52475,2,0,58,31406
799670781,3978971499,443,22622,TCP,1521118750483705,1500,4,5,0,23565,2,0,240,49361
1235721153,4225200978,443,43521,TCP,1521118750483707,1500,4,5,0,34531,2,0,58,24486
743832547,3222708445,80,64058,TCP,1521118750483708,1364,4,5,0,25795,2,0,246,37299
37414177,3447677014,54245,26459,UDP,1521118750483709,1454,4,5,0,27937,0,0,55,64492
1235721153,4225200978,443,43521,TCP,1521118750483710,1500,4,5,0,34532,2,0,58,24485
3527255965,4030665149,443,6270,TCP,1521118750483712,1440,4,5,0,38625,0,0,58,26783
3972673487,3453168415,53043,34914,TCP,1521118750483713,40,4,5,0,21948,2,0,115,40071
3741785781,3978971488,443,20442,TCP,1521118750483713,465,4,5,0,25890,2,0,248,59324
738357967,3978971495,443,14276,TCP,1521118750483714,1500,4,5,0,20573,2,0,240,24411
794546012,3447595242,9339,1646,TCP,1521118750483715,75,4,5,0,24097,2,0,237,17003
1235721153,4225200978,443,43521,TCP,1521118750483715,1500,4,5,0,34533,2,0,58,24484
751708746,2270145465,443,31508,TCP,1521118750483716,1500,4,5,0,35117,2,0,240,29133
1235721153,4225200978,443,43521,TCP,1521118750483718,1500,4,5,0,34534,2,0,58,24483
1235721153,4225200978,443,43521,TCP,1521118750483719,1500,4,5,0,34535,2,0,58,24482
799670781,3978971499,443,22622,TCP,1521118750483720,1500,4,5,0,23566,2,0,240,49360
1235721153,4225200978,443,43521,TCP,1521118750483722,1500,4,5,0,34536,2,0,58,24481
1235721153,4225200978,443,43521,TCP,1521118750483723,1500,4,5,0,34537,2,0,58,24480
544797154,3353383373,443,43521,TCP,1521118750483724,108,4,5,0,39275,0,0,49,33821
1235721153,4225200978,443,43521,TCP,1521118750483724,1500,4,5,0,34538,2,0,58,24479
1235721153,4225200978,443,43521,TCP,1521118750483726,1500,4,5,0,34539,2,0,58,24478
1235721153,4225200978,443,43521,TCP,1521118750483727,1500,4,5,0,34540,2,0,58,24477
738739393,4109936570,80,33458,TCP,1521118750483729,40,4,5,8,24998,2,0,46,56741
269802322,3449050547,36002,47428,UDP,1521118750483729,1092,4,5,0,56973,2,0,54,21357
1235721153,4225200978,443,43521,TCP,1521118750483730,1500,4,5,0,34541,2,0,58,24476
1962329749,1074109250,56356,1485,UDP,1521118750483731,1391,4,5,24,53550,2,0,54,22372
2377634709,3390995114,443,42713,TCP,1521118750483732,564,4,5,0,59386,2,0,60,44723
738357967,3978971495,443,14276,TCP,1521118750483732,1500,4,5,0,20574,2,0,240,24410
2377634709,3390995114,443,42713,TCP,1521118750483734,564,4,5,0,59387,2,0,60,44722
2258940746,3978971486,2515,62310,TCP,1521118750483734,52,4,5,0,26219,2,0,58,27105
738357967,3978971495,443,14276,TCP,1521118750483734,1500,4,5,0,20575,2,0,240,24409
504317775,3472993356,443,59492,TCP,1521118750483736,1450,4,5,0,45357,2,0,91,34932
504317775,3472993356,443,59492,TCP,1521118750483737,1450,4,5,0,45358,2,0,91,34931
751708746,2270145465,443,31508,TCP,1521118750483738,1500,4,5,0,35118,2,0,240,29132
738739393,4109936570,80,33458,TCP,1521118750483740,40,4,5,8,24999,2,0,46,56740
269802322,3449050547,36002,47428,UDP,1521118750483740,1092,4,5,0,56974,2,0,54,21356
2260923251,3242276054,1935,55820,TCP,1521118750483741,97,4,5,0,26467,2,0,55,27622
1482582993,4223574923,1935,55820,TCP,1521118750483741,160,4,5,0,27466,0,0,52,47001
3741785781,3978971492,443,4244,TCP,1521118750483741,464,4,5,0,48098,2,0,248,37113
269802322,3449050547,36002,47428,UDP,1521118750483743,1092,4,5,0,56975,2,0,54,21355
269802322,3449050547,36002,47428,UDP,1521118750483746,1092,4,5,0,56976,2,0,54,21354
799670781,3978971499,443,22622,TCP,1521118750483747,1500,4,5,0,23567,2,0,240,49359
799670781,3978971499,443,22622,TCP,1521118750483749,1500,4,5,0,23568,2,0,240,49358
718025950,2205393132,7008,35596,UDP,1521118750483756,100,4,5,9,46097,2,0,54,3173
738357967,3978971495,443,14276,TCP,1521118750483760,1500,4,5,0,20576,2,0,240,24408
738357967,3978971495,443,14276,TCP,1521118750483763,1500,4,5,0,20577,2,0,240,24407
751708746,2270145465,443,31508,TCP,1521118750483769,1500,4,5,0,35119,2,0,240,29131
738357967,3978971495,443,14276,TCP,1521118750483771,253,4,5,0,20578,2,0,240,25653
3370063996,3451397908,33930,60064,TCP,1521118750483771,64,4,5,0,52227,2,0,47,43404
1589698816,0,33930,60064,TCP,1521118750483777,0,6,0,0,230,0,4408,217,5632
274892444,3443994566,25565,49466,TCP,1521118750483788,53,4,5,0,49085,2,0,58,60665
2381069836,3890314074,53,48486,UDP,1521118750483789,239,4,5,8,0,2,0,55,5058
3672201731,1962334023,443,42871,TCP,1521118750483790,1500,4,5,0,24175,2,0,61,22666
3672201731,1962334023,443,42871,TCP,1521118750483791,1422,4,5,0,24176,2,0,61,22743
743723111,846938812,80,52489,TCP,1521118750483792,1400,4,5,0,44709,2,0,246,57063
799670781,3978971499,443,22622,TCP,1521118750483794,1500,4,5,0,23569,2,0,240,49357
799670781,3978971499,443,22622,TCP,1521118750483795,274,4,5,0,23570,2,0,240,50582
1951810998,4038538054,443,50368,TCP,1521118750483796,121,4,5,0,4909,2,0,48,22856
751708746,2270145465,443,31508,TCP,1521118750483796,1500,4,5,0,35120,2,0,240,29130
791757475,3455798030,443,26149,TCP,1521118750483797,310,4,5,0,49596,2,0,237,16423
2260923212,3391000591,1935,52692,TCP,1521118750483797,97,4,5,0,35284,2,0,55,58757
796754445,3453510741,443,51446,TCP,1521118750483797,1452,4,5,0,56721,2,0,237,50945
796754445,3453510741,443,51446,TCP,1521118750483799,1452,4,5,0,56722,2,0,237,50944
2258940776,3978971491,2515,18488,TCP,1521118750483800,52,4,5,0,42340,2,0,58,10949
1670205591,1962400027,45474,1485,UDP,1521118750483800,1457,4,5,24,48157,2,0,57,32207
3335984953,3455737260,24323,26139,UDP,1521118750483801,48,4,5,0,29566,0,0,116,51591
743723111,846938812,80,52489,TCP,1521118750483801,1400,4,5,0,44710,2,0,246,57062
1674101608,1235577146,49578,445,TCP,1521118750483803,52,4,5,0,7179,2,0,117,4009
2260923222,3242272837,1935,31947,TCP,1521118750483804,97,4,5,0,21672,2,0,55,35663
1429389427,3233216747,49029,51857,UDP,1521118750483804,1385,4,5,0,18649,0,0,113,11363
791757475,3455798030,443,26149,TCP,1521118750483816,121,4,5,0,49597,2,0,237,16611
1962329749,1074109250,56356,1485,UDP,1521118750483820,1391,4,5,24,53551,2,0,54,22371
751708746,2270145465,443,31508,TCP,1521118750483822,1500,4,5,0,35121,2,0,240,29129
738697691,3349715154,80,38565,TCP,1521118750483823,601,4,5,0,3683,2,0,240,19422
738697691,3349715154,80,38565,TCP,1521118750483824,52,4,5,0,3684,2,0,240,19970
4173841894,4098085619,80,27638,TCP,1521118750483824,1464,4,5,0,62141,2,0,52,51356
4173841894,4098085619,80,27638,TCP,1521118750483825,1464,4,5,0,62142,2,0,52,51355
2491045418,3890314061,53,49034,UDP,1521118750483830,71,4,5,0,0,2,0,57,62418
3978974401,3978971491,23828,443,TCP,1521118750483837,60,4,5,0,40843,2,0,56,10935
1264309528,3978971485,443,23390,TCP,1521118750483845,1500,4,5,32,65026,2,0,61,58109
1264309528,3978971485,443,23390,TCP,1521118750483846,1500,4,5,32,65027,2,0,61,58108
1234923770,4098085350,443,26734,TCP,1521118750483847,1480,4,5,0,65490,2,0,57,48029
2260923222,3390992823,1935,54011,TCP,1521118750483849,97,4,5,0,728,2,0,55,35536
751708746,2270145465,443,31508,TCP,1521118750483851,1500,4,5,0,35122,2,0,240,29128
739847478,3978971491,443,33606,TCP,1521118750483853,52,4,5,0,17738,2,0,241,46236
4080404788,3890314063,53,4247,UDP,1521118750483858,77,4,5,0,47191,2,0,110,62636
1234923770,4098085350,443,26734,TCP,1521118750483859,1480,4,5,0,65491,2,0,57,48028
942637450,1074109374,443,47741,TCP,1521118750483863,1500,4,5,8,51495,2,0,246,8303
942637450,1074109374,443,47741,TCP,1521118750483865,1500,4,5,8,51496,2,0,246,8302
1879089671,2341450949,63294,43653,UDP,1521118750483866,1466,4,5,0,20092,0,0,120,40026
942637450,1074109374,443,47741,TCP,1521118750483868,1500,4,5,8,51497,2,0,246,8301
942637450,1074109374,443,47741,TCP,1521118750483870,1500,4,5,8,51498,2,0,246,8300
751708746,2270145465,443,31508,TCP,1521118750483872,1500,4,5,0,35123,2,0,240,29127
942637450,1074109374,443,47741,TCP,1521118750483873,1500,4,5,8,51499,2,0,246,8299
942637450,1074109374,443,47741,TCP,1521118750483874,1500,4,5,8,51500,2,0,246,8298
942637450,1074109374,443,47741,TCP,1521118750483876,1500,4,5,8,51501,2,0,246,8297
942637450,1074109374,443,47741,TCP,1521118750483878,1500,4,5,8,51502,2,0,246,8296
3618921986,4104016765,26424,1814,TCP,1521118750483880,1400,4,5,0,26312,2,0,55,23013
4173841903,3569702819,80,44618,TCP,1521118750483881,1480,4,5,0,20156,2,0,52,1876
3556629654,3453656997,56904,47477,UDP,1521118750483882,1347,4,5,0,17740,2,0,122,38985
3556629654,3453656997,56904,47477,UDP,1521118750483883,823,4,5,0,17741,2,0,122,39508
942637450,1074109374,443,47741,TCP,1521118750483884,1500,4,5,8,51503,2,0,246,8295
789297348,3978971493,443,13280,TCP,1521118750483885,1500,4,5,0,12428,2,0,240,13872
3618921986,4104016765,26424,1814,TCP,1521118750483886,929,4,5,0,26313,2,0,55,23483
789297348,3978971493,443,13280,TCP,1521118750483887,1500,4,5,0,12429,2,0,240,13871
942637450,1074109374,443,47741,TCP,1521118750483889,1500,4,5,8,51504,2,0,246,8294
942637450,1074109374,443,47741,TCP,1521118750483890,1500,4,5,8,51505,2,0,246,8293
942637450,1074109374,443,47741,TCP,1521118750483891,561,4,5,8,51506,2,0,246,9231
751708746,2270145465,443,31508,TCP,1521118750483898,1500,4,5,0,35124,2,0,240,29126
3584895980,4095107326,443,48331,TCP,1521118750483901,133,4,5,0,17373,2,0,54,43495
1234923770,4098085350,443,26734,TCP,1521118750483902,1480,4,5,0,65488,2,0,57,48031
789297348,3978971493,443,13280,TCP,1521118750483903,1500,4,5,0,12430,2,0,240,13870
789297348,3978971493,443,13280,TCP,1521118750483905,1500,4,5,0,12431,2,0,240,13869
3877058099,4030665138,443,13280,TCP,1521118750483910,168,4,5,32,28985,2,0,248,61837
2141754651,3390948875,7079,49409,TCP,1521118750483915,1294,4,5,0,47175,2,0,58,57013
1234923770,4098085350,443,26734,TCP,1521118750483917,1480,4,5,0,65489,2,0,57,48030
1190350586,3349901141,80,49690,TCP,1521118750483921,1480,4,5,0,44445,2,0,53,50596
3997137757,3569581336,80,50848,TCP,1521118750483923,1480,4,5,0,62967,2,0,58,35263
3997137757,3569581336,80,50848,TCP,1521118750483925,1480,4,5,0,62968,2,0,58,35262
1208716544,3890314058,53,50330,UDP,1521118750483926,70,4,5,0,23970,2,0,111,30157
3997137757,3569581336,80,50848,TCP,1521118750483927,1480,4,5,0,62969,2,0,58,35261
3997137757,3569581336,80,50848,TCP,1521118750483928,1480,4,5,0,62970,2,0,58,35260
751708746,2270145465,443,31508,TCP,1521118750483930,1500,4,5,0,35125,2,0,240,29125
353636291,846938601,80,46689,TCP,1521118750483937,1400,4,5,0,24975,2,0,60,16054
4173841903,3569702819,80,44618,TCP,1521118750483938,575,4,5,0,20157,2,0,52,2780
569474483,1962334028,443,56277,TCP,1521118750483938,1500,4,5,0,43952,2,0,56,42372
569474483,1962334028,443,56277,TCP,1521118750483940,81,4,5,0,43953,2,0,56,43790
3997137757,3569581336,80,50848,TCP,1521118750483940,1480,4,5,0,62971,2,0,58,35259
358336024,1962334029,443,58490,TCP,1521118750483941,40,4,5,0,58802,2,0,244,31077
2087007427,2270145447,443,42100,TCP,1521118750483944,1452,4,5,0,26651,2,0,116,46353
3997137757,3569581336,80,50848,TCP,1521118750483945,1480,4,5,0,62972,2,0,58,35258
353636291,846938601,80,46689,TCP,1521118750483947,1400,4,5,0,24976,2,0,60,16053
2260923222,3391070322,1935,62965,TCP,1521118750483948,97,4,5,0,34097,2,0,55,55738
1355362192,3390965378,55545,6881,TCP,1521118750483948,40,4,5,0,31448,2,0,116,15102
3997137757,3569581336,80,50848,TCP,1521118750483949,1480,4,5,0,62973,2,0,58,35257
4023727693,855531258,5222,49937,TCP,1521118750483950,52,4,5,0,51059,2,0,56,49973
751708746,2270145465,443,31508,TCP,1521118750483955,1500,4,5,0,35126,2,0,240,29124
1226543713,3978971493,443,36256,TCP,1521118750483958,1337,4,5,0,62027,2,0,240,33126
3310683221,2317271739,53,34056,UDP,1521118750483959,1473,4,5,0,62418,0,0,59,28629
2260923251,3390833329,1935,52505,TCP,1521118750483963,97,4,5,0,61774,2,0,55,2885
3885269946,2321226550,443,62792,TCP,1521118750483966,205,4,5,0,36243,2,0,54,42423
2285184379,3261364977,54024,46227,UDP,1521118750483985,189,4,5,0,55668,2,0,53,32949
1280619379,3229900663,8064,58842,TCP,1521118750483985,1480,4,5,0,20342,2,0,58,52214
132790060,1962334195,35576,9043,UDP,1521118750483987,132,4,5,0,39926,2,0,58,6259
751708746,2270145465,443,31508,TCP,1521118750483987,1500,4,5,0,35127,2,0,240,29123
3584920382,3484728517,80,2628,TCP,1521118750483988,1500,4,5,0,46517,0,0,246,7168
132790060,1962334195,35576,9043,UDP,1521118750483990,162,4,5,0,39927,2,0,58,6228
738446709,1962334045,443,62497,TCP,1521118750483990,631,4,5,0,55953,2,0,240,26658
1306691061,3608918986,22884,26454,UDP,1521118750483994,1453,4,5,0,28997,0,0,119,26173
132790060,1962334195,35576,9043,UDP,1521118750483997,162,4,5,0,39928,2,0,58,6227
751306259,1962334036,443,61465,TCP,1521118750483999,124,4,5,0,4576,2,0,240,63861
3584920382,3484728517,80,2628,TCP,1521118750484003,1500,4,5,0,46518,0,0,246,7167
718026159,4041153797,6008,31709,UDP,1521118750484006,51,4,5,9,25623,2,0,54,29242
1190350586,3349901141,80,49690,TCP,1521118750484006,1480,4,5,0,44446,2,0,53,50595
232274837,3452140484,443,58692,TCP,1521118750484007,52,4,5,0,20106,2,0,237,44100
1828149551,3618074834,61016,23334,UDP,1521118750484015,83,4,5,0,15974,0,0,50,15252
2258593083,3242263628,5604,55080,UDP,1521118750484018,200,4,5,0,40758,0,0,57,12423
751708746,2270145465,443,31508,TCP,1521118750484019,1500,4,5,0,35128,2,0,240,29122
816197648,3569734360,8877,37019,UDP,1521118750484024,44,4,5,0,26132,0,0,118,54872
2241305591,3618743581,55608,29366,UDP,1521118750484028,1297,4,5,0,29114,0,0,116,12740
274892327,3569582604,25565,55294,TCP,1521118750484030,53,4,5,0,18565,2,0,58,2789
821528206,2059628448,34606,443,TCP,1521118750484030,52,4,5,8,53119,2,0,45,56403
2260923212,3396739853,80,42791,TCP,1521118750484038,309,4,5,0,13667,2,0,55,42445
2260923259,3242266202,1935,50429,TCP,1521118750484039,97,4,5,0,61960,2,0,55,1973
751708746,2270145465,443,31508,TCP,1521118750484050,1500,4,5,0,35129,2,0,240,29121
739718493,4095595609,443,26370,TCP,1521118750484056,52,4,5,0,37183,2,0,47,37017
789297348,3978971493,443,13280,TCP,1521118750484057,1500,4,5,0,12432,2,0,240,13868
789297348,3978971493,443,13280,TCP,1521118750484059,1500,4,5,0,12433,2,0,240,13867
836164670,3446796290,4044,23,TCP,1521118750484060,49,4,5,0,27763,2,0,49,4555
938035621,3978971486,80,24900,TCP,1521118750484062,1500,4,5,0,7277,2,0,59,26008
938035621,3978971486,80,24900,TCP,1521118750484064,1500,4,5,0,7278,2,0,59,26007
2381069230,3890314076,53,56176,UDP,1521118750484073,262,4,5,0,0,2,0,245,22542
789297348,3978971493,443,13280,TCP,1521118750484078,1500,4,5,0,12434,2,0,240,13866
751708746,2270145465,443,31508,TCP,1521118750484079,1500,4,5,0,35130,2,0,240,29120
2096252563,3890314060,53,50034,UDP,1521118750484082,278,4,5,0,22819,0,0,50,2049
3251301022,2059628448,30660,443,TCP,1521118750484083,52,4,5,0,15674,2,0,46,30909
789297348,3978971493,443,13280,TCP,1521118750484087,1500,4,5,0,12435,2,0,240,13865
751708746,2270145465,443,31508,TCP,1521118750484093,1500,4,5,0,35131,2,0,240,29119
751708746,2270145465,443,31508,TCP,1521118750484094,594,4,5,0,35132,2,0,240,30024
743948348,3608343554,9339,49410,TCP,1521118750484095,52,4,5,0,8146,2,0,240,45896
274892327,3569582604,25565,55294,TCP,1521118750484100,45,4,5,0,18566,2,0,58,2796
1442251532,4109904406,80,63862,TCP,1521118750484105,1480,4,5,0,0,2,0,56,50462
743724633,4109936406,443,50512,TCP,1521118750484110,1480,4,5,0,34719,2,0,246,55507
743724633,4109936406,443,50512,TCP,1521118750484115,1480,4,5,0,34720,2,0,246,55506
2114250877,3618763437,80,40796,TCP,1521118750484119,52,4,5,0,0,2,0,55,4835
2117031429,3353312573,8200,65438,UDP,1521118750484120,68,4,5,0,35201,2,0,55,41174
3258648854,3350328806,47804,29542,TCP,1521118750484120,60,4,5,0,49243,2,0,53,64630
1670205591,1962400027,45474,1485,UDP,1521118750484130,1457,4,5,24,48158,2,0,57,32206
789297348,3978971493,443,13280,TCP,1521118750484132,1500,4,5,0,12436,2,0,240,13864
2260923259,3391062242,1935,49492,TCP,1521118750484133,97,4,5,0,11932,2,0,55,20411
789297348,3978971493,443,13280,TCP,1521118750484133,655,4,5,0,12437,2,0,240,14708
3584920382,3484728517,80,2628,TCP,1521118750484135,1500,4,5,0,46522,0,0,246,7163
3992031756,3447689222,443,6574,TCP,1521118750484141,40,4,5,0,37071,2,0,88,46204
790254706,3453634647,443,26706,TCP,1521118750484151,1480,4,5,0,28300,2,0,46,16102
741748435,1962334034,443,55821,TCP,1521118750484153,1500,4,5,0,44031,2,0,240,12746
274892327,3569582604,25565,55294,TCP,1521118750484157,58,4,5,0,18567,2,0,58,2782
3403274093,3449033136,57275,1888,TCP,1521118750484157,40,4,5,0,24410,0,0,248,57833
741748435,1962334034,443,55821,TCP,1521118750484160,1500,4,5,0,44032,2,0,240,12745
741748435,1962334034,443,55821,TCP,1521118750484162,1500,4,5,0,44033,2,0,240,12744
741748435,1962334034,443,55821,TCP,1521118750484163,1500,4,5,0,44034,2,0,240,12743
3294383253,1074109430,80,43613,TCP,1521118750484171,1500,4,5,0,9413,2,0,58,10602
2141754651,3390574869,7079,25882,TCP,1521118750484173,1140,4,5,0,27846,2,0,58,57292
3294383253,1074109430,80,43613,TCP,1521118750484173,772,4,5,0,9414,2,0,58,11329
739674218,4030665149,443,50835,TCP,1521118750484174,103,4,5,0,57062,2,0,237,63532
942637450,1074109374,443,47741,TCP,1521118750484179,1500,4,5,8,51647,2,0,246,8151
942637450,1074109374,443,47741,TCP,1521118750484180,1500,4,5,8,51648,2,0,246,8150
942637450,1074109374,443,47741,TCP,1521118750484183,1500,4,5,8,51649,2,0,246,8149
3294383253,1074109430,80,43613,TCP,1521118750484186,1500,4,5,0,9415,2,0,58,10600
741748435,1962334034,443,55821,TCP,1521118750484187,1500,4,5,0,44035,2,0,240,12742
2141754651,3390855132,7079,40857,TCP,1521118750484188,1306,4,5,0,2247,2,0,58,64602
3294383253,1074109430,80,43613,TCP,1521118750484189,1500,4,5,0,9416,2,0,58,10599
3294383253,1074109430,80,43613,TCP,1521118750484191,1500,4,5,0,9417,2,0,58,10598
1226493958,3452633550,80,49721,TCP,1521118750484192,40,4,5,0,2988,2,0,239,38761
3314004852,3473430316,80,37555,TCP,1521118750484192,1460,4,5,0,5981,2,0,122,17590
3314004852,3473430316,80,37555,TCP,1521118750484193,1460,4,5,0,5982,2,0,122,17589
3314004852,3473430316,80,37555,TCP,1521118750484195,1460,4,5,0,5983,2,0,122,17588
3294383253,1074109430,80,43613,TCP,1521118750484196,1500,4,5,0,9418,2,0,58,10597
741748435,1962334034,443,55821,TCP,1521118750484198,1500,4,5,0,44036,2,0,240,12741
3294383253,1074109430,80,43613,TCP,1521118750484199,1500,4,5,0,9419,2,0,58,10596
942637450,1074109374,443,47741,TCP,1521118750484200,1500,4,5,8,51650,2,0,246,8148
3314004852,3473430316,80,37555,TCP,1521118750484201,1460,4,5,0,5984,2,0,122,17587
3314004852,3473430316,80,37555,TCP,1521118750484203,1460,4,5,0,5985,2,0,122,17586
942637450,1074109374,443,47741,TCP,1521118750484204,1500,4,5,8,51651,2,0,246,8147
741748435,1962334034,443,55821,TCP,1521118750484205,1500,4,5,0,44037,2,0,240,12740
3294383253,1074109430,80,43613,TCP,1521118750484206,1500,4,5,0,9420,2,0,58,10595
942637450,1074109374,443,47741,TCP,1521118750484208,1500,4,5,8,51652,2,0,246,8146
2141754651,3390574869,7079,25882,TCP,1521118750484209,218,4,5,0,27847,2,0,58,58213
942637450,1074109374,443,47741,TCP,1521118750484209,1500,4,5,8,51653,2,0,246,8145
942637450,1074109374,443,47741,TCP,1521118750484210,1500,4,5,8,51654,2,0,246,8144
942637450,1074109374,443,47741,TCP,1521118750484212,1500,4,5,8,51655,2,0,246,8143
942637450,1074109374,443,47741,TCP,1521118750484214,1500,4,5,8,51656,2,0,246,8142
942637450,1074109374,443,47741,TCP,1521118750484215,1500,4,5,8,51657,2,0,246,8141
942637450,1074109374,443,47741,TCP,1521118750484216,561,4,5,8,51658,2,0,246,9079
3289264513,3890314079,53,55786,UDP,1521118750484217,104,4,5,0,30443,2,0,54,29897
2260923251,3390613152,1935,1121,TCP,1521118750484218,97,4,5,0,52559,2,0,55,35672
356828717,3349791226,443,4475,TCP,1521118750484226,40,4,5,0,49996,2,0,241,24941
817137769,4244117880,55827,123,UDP,1521118750484233,36,4,5,0,26614,0,0,245,36420
1636127326,3890314062,53,55390,UDP,1521118750484233,130,4,5,0,46881,0,0,58,45622
2260923259,3242264834,1935,51433,TCP,1521118750484233,109,4,5,0,23399,2,0,51,42914
1067873772,3334583285,443,26924,TCP,1521118750484240,98,4,5,0,20314,2,0,237,3570
3294383253,1074109430,80,43613,TCP,1521118750484241,1500,4,5,0,9421,2,0,58,10594
3294383253,1074109430,80,43613,TCP,1521118750484242,1500,4,5,0,9422,2,0,58,10593
3294383253,1074109430,80,43613,TCP,1521118750484243,1500,4,5,0,9423,2,0,58,10592
3294383253,1074109430,80,43613,TCP,1521118750484245,1500,4,5,0,9424,2,0,58,10591
3992032822,842932778,443,56226,TCP,1521118750484258,1450,4,5,0,53034,2,0,87,30355
3992032822,842932778,443,56226,TCP,1521118750484259,1450,4,5,0,53035,2,0,87,30354
3294383253,1074109430,80,43613,TCP,1521118750484264,1500,4,5,0,9425,2,0,58,10590
740626694,1962334045,443,56493,TCP,1521118750484266,334,4,5,0,5282,2,0,240,60296
1489085082,3390854858,9010,9100,UDP,1521118750484268,32,4,5,4,0,2,0,47,12167
816194527,3390575045,80,63601,TCP,1521118750484268,60,4,5,0,0,2,0,54,5210
741748435,1962334034,443,55821,TCP,1521118750484268,1500,4,5,0,44038,2,0,240,12739
3672239233,1962334195,62889,9042,UDP,1521118750484269,162,4,5,0,27354,2,0,61,48675
741748435,1962334034,443,55821,TCP,1521118750484270,1500,4,5,0,44039,2,0,240,12738
3294383253,1074109430,80,43613,TCP,1521118750484271,1500,4,5,0,9426,2,0,58,10589
3294383253,1074109430,80,43613,TCP,1521118750484272,1500,4,5,0,9427,2,0,58,10588
1067873772,3334583285,443,26924,TCP,1521118750484273,83,4,5,0,20315,2,0,237,3584
3294383253,1074109430,80,43613,TCP,1521118750484274,1500,4,5,0,9428,2,0,58,10587
741748435,1962334034,443,55821,TCP,1521118750484275,1500,4,5,0,44040,2,0,240,12737
741748435,1962334034,443,55821,TCP,1521118750484276,1500,4,5,0,44041,2,0,240,12736
2260923251,3242266425,80,15873,TCP,1521118750484281,285,4,5,0,31262,2,0,51,33292
2260923251,3242266425,80,15873,TCP,1521118750484284,52,4,5,0,31263,2,0,51,33524
274892444,3443994566,25565,49466,TCP,1521118750484291,47,4,5,0,49086,2,0,58,60670
740685018,2270145449,80,47401,TCP,1521118750484295,1500,4,5,0,7333,2,0,240,5246
3766937918,3484910926,443,49182,TCP,1521118750484296,1400,4,5,32,37935,2,0,61,34149
3766937918,3484910926,443,49182,TCP,1521118750484297,1400,4,5,32,37936,2,0,61,34148
3877058099,4030665138,443,49182,TCP,1521118750484301,184,4,5,32,29018,2,0,248,61788
1731766626,1235577332,64062,445,TCP,1521118750484304,48,4,5,0,1819,2,0,120,14201
3672239314,1962334109,60584,9043,UDP,1521118750484311,128,4,5,0,8345,2,0,61,2188
256150806,3453656475,60584,9043,UDP,1521118750484311,23,4,5,0,9917,0,179,52,22422
3672239314,1962334109,60584,9043,UDP,1521118750484312,120,4,5,0,8346,2,0,61,2195
3294383253,1074109430,80,43613,TCP,1521118750484314,1500,4,5,0,9429,2,0,58,10586
3294383253,1074109430,80,43613,TCP,1521118750484315,1500,4,5,0,9430,2,0,58,10585
740685018,2270145449,80,47401,TCP,1521118750484316,1500,4,5,0,7334,2,0,240,5245
360218189,2343840181,443,63778,TCP,1521118750484318,40,4,5,0,45189,2,0,241,36891
800783747,3347702009,443,46485,TCP,1521118750484318,64,4,5,0,14464,2,0,237,32630
3294383253,1074109430,80,43613,TCP,1521118750484318,1500,4,5,0,9431,2,0,58,10584
3294383253,1074109430,80,43613,TCP,1521118750484319,1500,4,5,0,9432,2,0,58,10583
256150806,3453656475,51379,1135,UDP,1521118750484321,1452,4,5,0,9917,1,0,52,12980
1293628863,3257624208,58291,16142,UDP,1521118750484322,48,4,5,0,20828,0,0,110,20427
2170442658,1235594412,49496,445,TCP,1521118750484329,177,4,5,0,590,0,0,106,33447
3877058099,4030665138,49496,445,TCP,1521118750484331,216,4,5,32,29021,2,0,248,61753
1355236647,3452474650,47030,26680,TCP,1521118750484331,48,4,5,0,6059,2,0,108,65099
741748435,1962334034,443,55821,TCP,1521118750484337,537,4,5,0,44042,2,0,240,13698
796754445,3453510741,443,51446,TCP,1521118750484340,1452,4,5,0,56723,2,0,237,50943
2141754651,3242275394,7079,49216,TCP,1521118750484341,1294,4,5,0,50529,2,0,58,28225
796754445,3453510741,443,51446,TCP,1521118750484345,1452,4,5,0,56724,2,0,237,50942
3294383253,1074109430,80,43613,TCP,1521118750484351,293,4,5,0,9433,2,0,58,11789
1821906474,3455648090,21469,64110,UDP,1521118750484351,48,4,5,0,24339,0,0,120,37268
2359938962,1962334020,443,38706,TCP,1521118750484360,611,4,5,0,54728,2,0,58,49237
482359295,0,443,38706,TCP,1521118750484362,4343,6,0,3,72,0,4410,217,56841
271170236,2321236232,443,49793,TCP,1521118750484367,1500,4,5,0,56436,2,0,60,50782
271170236,2321236232,443,49793,TCP,1521118750484370,1500,4,5,0,56437,2,0,60,50781
751443321,3450126266,443,48491,TCP,1521118750484383,60,4,5,0,0,2,0,240,45849
739963238,3978971489,443,12850,TCP,1521118750484399,1500,4,5,0,47932,2,0,240,30162
796754445,3453510741,443,51446,TCP,1521118750484401,1452,4,5,0,56725,2,0,237,50941
796754445,3453510741,443,51446,TCP,1521118750484404,1452,4,5,0,56726,2,0,237,50940
843826511,2346381373,443,52454,TCP,1521118750484409,1480,4,5,0,36530,2,0,59,14283
2154501484,1074109334,80,38954,TCP,1521118750484410,1500,4,5,0,30689,2,0,55,21704
843826511,2346381373,443,52454,TCP,1521118750484411,1480,4,5,0,36531,2,0,59,14282
274892444,3443994566,25565,49466,TCP,1521118750484413,61,4,5,0,49087,2,0,58,60655
269242601,3978971492,443,7322,TCP,1521118750484413,52,4,5,0,25087,2,0,58,18241
843826511,2346381373,443,52454,TCP,1521118750484414,1480,4,5,0,36532,2,0,59,14281
843826511,2346381373,443,52454,TCP,1521118750484415,300,4,5,0,36533,2,0,59,15460
2260923251,3396760893,1935,59458,TCP,1521118750484421,97,4,5,0,57176,2,0,55,43604
751724072,4223963142,443,64651,TCP,1521118750484428,52,4,5,0,23156,2,0,240,4494
3590451174,1235570730,58736,445,TCP,1521118750484434,40,4,5,0,19224,2,0,114,24064
1962329749,1074109250,56356,1485,UDP,1521118750484437,1395,4,5,24,53552,2,0,54,22366
3590451174,1235570730,58736,445,TCP,1521118750484438,180,4,5,0,19225,2,0,114,23923
2154501484,1074109334,80,38954,TCP,1521118750484443,1500,4,5,0,30690,2,0,55,21703
1839888937,1235608601,49139,443,TCP,1521118750484449,83,4,5,0,26101,2,0,55,51229
3295935150,1962334027,443,39114,TCP,1521118750484453,52,4,5,0,8181,2,0,58,5483
1056066415,1962334047,443,45169,TCP,1521118750484456,1500,4,5,0,47758,2,0,234,63957
789092601,2205399030,443,46496,TCP,1521118750484458,40,4,5,0,60972,2,0,221,44087
1056066415,1962334047,443,45169,TCP,1521118750484460,1500,4,5,0,47759,2,0,234,63956
740685018,2270145449,80,47401,TCP,1521118750484463,1500,4,5,0,7335,2,0,240,5244
2260923222,3391011478,1935,50411,TCP,1521118750484464,97,4,5,0,14617,2,0,55,2992
1056066415,1962334047,443,45169,TCP,1521118750484465,1500,4,5,0,47760,2,0,234,63955
3741537653,3349791556,1194,46493,UDP,1521118750484468,113,4,5,0,61825,2,0,60,36243
2198075051,3618110301,443,52617,TCP,1521118750484468,40,4,5,0,28976,2,0,248,50410
3527246821,3618740955,443,26916,UDP,1521118750484469,1378,4,5,0,0,2,0,58,29403
2154501484,1074109334,80,38954,TCP,1521118750484470,1500,4,5,0,30691,2,0,55,21702
3584920382,3484728517,80,2628,TCP,1521118750484471,1500,4,5,0,46525,0,0,246,7160
1962329749,1074109250,56356,1485,UDP,1521118750484473,1395,4,5,24,53553,2,0,54,22365
1056066415,1962334047,443,45169,TCP,1521118750484474,1500,4,5,0,47761,2,0,234,63954
3527246821,3618740955,443,26916,UDP,1521118750484476,1378,4,5,0,0,2,0,58,29403
3527246821,3618740955,443,26916,UDP,1521118750484477,1378,4,5,0,0,2,0,58,29403
795099942,3978971492,443,64320,TCP,1521118750484478,698,4,5,0,7226,2,0,240,49898
1636099155,3890314059,53,12761,UDP,1521118750484478,142,4,5,0,44967,0,0,56,10675
1056066415,1962334047,443,45169,TCP,1521118750484479,1500,4,5,0,47762,2,0,234,63953
3584920382,3484728517,80,2628,TCP,1521118750484480,1500,4,5,0,46526,0,0,246,7159
1056066415,1962334047,443,45169,TCP,1521118750484481,1500,4,5,0,47763,2,0,234,63952
739963238,3978971489,443,12850,TCP,1521118750484482,706,4,5,0,47933,2,0,240,30955
740685018,2270145449,80,47401,TCP,1521118750484483,1500,4,5,0,7336,2,0,240,5243
1280595875,3233168729,55745,58041,UDP,1521118750484484,41,4,5,0,27608,2,0,122,62180
2260923212,3390911275,1935,49583,TCP,1521118750484484,97,4,5,0,59531,2,0,55,58291
740031900,3978971491,443,45840,TCP,1521118750484487,1500,4,5,0,40605,2,0,241,34104
3584920382,3484728517,80,2628,TCP,1521118750484491,1244,4,5,0,46527,0,0,246,7414
738357967,3978971495,443,14276,TCP,1521118750484495,1500,4,5,0,20579,2,0,240,24405
738357967,3978971495,443,14276,TCP,1521118750484496,1500,4,5,0,20580,2,0,240,24404
2154501484,1074109334,80,38954,TCP,1521118750484498,1500,4,5,0,30692,2,0,55,21701
740031900,3978971491,443,45840,TCP,1521118750484499,1500,4,5,0,40606,2,0,241,34103
3741785781,3978971498,443,24952,TCP,1521118750484500,464,4,5,0,25910,2,0,248,59295
274892444,3443994566,25565,49466,TCP,1521118750484501,52,4,5,0,49088,2,0,58,60663
793860940,3978971486,80,58738,TCP,1521118750484501,643,4,5,0,54283,2,0,49,45635
740685018,2270145449,80,47401,TCP,1521118750484504,1500,4,5,0,7337,2,0,240,5242
3756983464,3352051770,443,49338,TCP,1521118750484506,1400,4,5,0,64469,2,0,56,21772
3756983464,3352051770,443,49338,TCP,1521118750484507,1400,4,5,0,64470,2,0,56,21771
3520540551,3396737234,21045,34146,UDP,1521118750484518,1453,4,5,0,15078,0,0,115,8883
740031900,3978971491,443,45840,TCP,1521118750484519,1500,4,5,0,40607,2,0,241,34102
358336024,1962334029,443,58490,TCP,1521118750484520,269,4,5,0,58804,2,0,244,30846
740031900,3978971491,443,45840,TCP,1521118750484520,314,4,5,0,40608,2,0,241,35287
1685853669,3347703271,443,63749,TCP,1521118750484521,40,4,5,0,56790,2,0,57,15399
2154501484,1074109334,80,38954,TCP,1521118750484522,1500,4,5,0,30693,2,0,55,21700
938031650,3455662776,53147,65426,UDP,1521118750484524,192,4,5,0,21018,2,0,117,14422
138701718,3233185819,80,49234,TCP,1521118750484524,1347,4,5,0,39164,0,0,246,29196
138701718,3233185819,80,49234,TCP,1521118750484525,1347,4,5,0,39165,0,0,246,29195
2602927604,3443987715,60623,44896,TCP,1521118750484527,1492,4,5,0,21345,2,0,115,43870
1056066415,1962334047,443,45169,TCP,1521118750484529,1500,4,5,0,47764,2,0,234,63951
1056066415,1962334047,443,45169,TCP,1521118750484531,1500,4,5,0,47765,2,0,234,63950
1056066415,1962334047,443,45169,TCP,1521118750484532,1500,4,5,0,47766,2,0,234,63949
751724072,4223963142,443,64651,TCP,1521118750484535,1380,4,5,0,23157,2,0,240,3165
942637450,1074109374,443,47741,TCP,1521118750484539,1500,4,5,8,51759,2,0,246,8039
2260923251,3396743250,1935,40100,TCP,1521118750484540,109,4,5,0,12710,2,0,55,40166
942637450,1074109374,443,47741,TCP,1521118750484540,1500,4,5,8,51760,2,0,246,8038
942637450,1074109374,443,47741,TCP,1521118750484541,1500,4,5,8,51761,2,0,246,8037
740685018,2270145449,80,47401,TCP,1521118750484542,1500,4,5,0,7338,2,0,240,5241
1056066415,1962334047,443,45169,TCP,1521118750484544,1500,4,5,0,47767,2,0,234,63948
2667228117,3450102269,54863,1433,TCP,1521118750484546,40,4,5,4,19076,0,0,238,2006
942637450,1074109374,443,47741,TCP,1521118750484546,1500,4,5,8,51762,2,0,246,8036
1670205591,1962400027,45474,1485,UDP,1521118750484547,1457,4,5,24,48159,2,0,57,32205
751724072,4223963142,443,64651,TCP,1521118750484548,1380,4,5,0,23158,2,0,240,3164
799586877,3978971489,443,28294,TCP,1521118750484549,52,4,5,0,43000,2,0,240,49753
942637450,1074109374,443,47741,TCP,1521118750484549,1500,4,5,8,51763,2,0,246,8035
2154501484,1074109334,80,38954,TCP,1521118750484551,1500,4,5,0,30695,2,0,55,21698
942637450,1074109374,443,47741,TCP,1521118750484553,1500,4,5,8,51764,2,0,246,8034
942637450,1074109374,443,47741,TCP,1521118750484554,1500,4,5,8,51765,2,0,246,8033
942637450,1074109374,443,47741,TCP,1521118750484556,1500,4,5,8,51766,2,0,246,8032
942637450,1074109374,443,47741,TCP,1521118750484557,1500,4,5,8,51767,2,0,246,8031
939009407,3396743442,7239,63817,UDP,1521118750484559,54,4,5,0,9651,0,0,114,51716
942637450,1074109374,443,47741,TCP,1521118750484559,1500,4,5,8,51768,2,0,246,8030
1540446181,3391010739,58949,55028,UDP,1521118750484560,80,4,5,0,30597,0,0,37,59535
789092601,2205399030,443,46496,TCP,1521118750484560,132,4,5,0,60973,2,0,221,43994
942637450,1074109374,443,47741,TCP,1521118750484561,1500,4,5,8,51769,2,0,246,8029
942637450,1074109374,443,47741,TCP,1521118750484562,561,4,5,8,51770,2,0,246,8967
751724072,4223963142,443,64651,TCP,1521118750484564,1380,4,5,0,23159,2,0,240,3163
3585080791,4041960754,443,57224,TCP,1521118750484565,124,4,5,0,33618,2,0,54,36740
751724072,4223963142,443,64651,TCP,1521118750484565,164,4,5,0,23160,2,0,240,4378
697383357,3617785372,443,54267,TCP,1521118750484565,40,4,5,0,58399,2,0,239,26274
274892444,3443994566,25565,49466,TCP,1521118750484565,64,4,5,0,49089,2,0,58,60650
2260923212,3242273493,1935,52346,TCP,1521118750484566,97,4,5,0,1483,2,0,55,55206
3223949995,2332752498,50527,443,TCP,1521118750484567,40,4,5,0,8578,2,0,115,3580
1962329749,1074109250,56356,1485,UDP,1521118750484569,1391,4,5,24,53554,2,0,54,22368
940957077,3261365128,80,50758,TCP,1521118750484573,52,4,5,0,0,2,0,52,62252
2154501484,1074109334,80,38954,TCP,1521118750484575,1500,4,5,0,30696,2,0,55,21697
1903162819,3472982509,41079,56292,UDP,1521118750484577,1454,4,5,0,4936,0,0,121,28885
2510188297,3349796374,80,4129,TCP,1521118750484579,1480,4,5,0,51358,2,0,54,54313
2260923259,3391062162,1935,61022,TCP,1521118750484580,97,4,5,0,38147,2,0,55,59811
2467564248,3618740955,48394,31972,UDP,1521118750484583,1491,4,5,0,17564,0,0,112,61444
1056066415,1962334047,443,45169,TCP,1521118750484587,1500,4,5,0,47768,2,0,234,63947
2510188297,3349796374,80,4129,TCP,1521118750484592,1480,4,5,0,51359,2,0,54,54312
751381048,3455660881,443,62267,TCP,1521118750484594,40,4,5,0,65055,2,0,240,13412
2262578360,3447543427,80,56183,TCP,1521118750484594,44,4,5,0,0,2,0,53,26167
1056066415,1962334047,443,45169,TCP,1521118750484594,1500,4,5,0,47769,2,0,234,63946
1056066415,1962334047,443,45169,TCP,1521118750484598,1500,4,5,0,47770,2,0,234,63945
1056066415,1962334047,443,45169,TCP,1521118750484599,1500,4,5,0,47771,2,0,234,63944
2260923251,3391070717,1935,50986,TCP,1521118750484604,97,4,5,0,9495,2,0,55,14381
4161723397,3324064726,59034,443,TCP,1521118750484607,221,4,5,0,49357,2,0,56,45889
1264309530,3978971498,443,47084,TCP,1521118750484608,52,4,5,0,17326,2,0,61,41739
789092601,2205399030,443,46496,TCP,1521118750484610,1480,4,5,0,60974,2,0,221,42645
789092601,2205399030,443,46496,TCP,1521118750484611,1480,4,5,0,60975,2,0,221,42644
789092601,2205399030,443,46496,TCP,1521118750484612,59,4,5,0,60976,2,0,221,44064
3742243583,2320218877,443,27423,TCP,1521118750484613,40,4,5,0,60022,2,0,247,23042
3742243583,2320218877,443,27423,TCP,1521118750484613,40,4,5,0,60023,2,0,247,23041
3742243583,2320218877,443,27423,TCP,1521118750484613,40,4,5,0,60024,2,0,247,23040
2141750290,3390571876,443,28496,TCP,1521118750484614,168,4,5,0,24367,2,0,122,52713
795779175,3978971498,443,13194,TCP,1521118750484615,1500,4,5,0,55463,2,0,240,42505
2260923212,3242283821,1935,53547,TCP,1521118750484617,97,4,5,0,6322,2,0,55,40039
3585093727,3455798030,443,14086,TCP,1521118750484618,75,4,5,0,41327,2,0,54,33828
795779175,3978971498,443,13194,TCP,1521118750484619,1500,4,5,0,55464,2,0,240,42504
2275972968,1074109321,9482,63053,TCP,1521118750484621,52,4,5,0,52924,2,0,58,30568
1962329749,1074109250,56356,1485,UDP,1521118750484621,1395,4,5,24,53555,2,0,54,22363
133084516,1962334195,37101,9042,UDP,1521118750484630,116,4,5,8,49746,2,0,60,29154
1433919878,3261529631,11465,13592,TCP,1521118750484632,52,4,5,4,13006,2,0,112,57453
3523598078,3391073126,8999,47952,UDP,1521118750484633,57,4,5,0,19259,0,0,117,56302
3331087056,1962334015,50476,80,TCP,1521118750484635,40,4,5,0,8524,2,0,112,31729
2340595091,283728570,54416,443,TCP,1521118750484637,486,4,5,0,32651,2,0,115,59853
274892444,3443994566,25565,49466,TCP,1521118750484637,73,4,5,0,49090,2,0,58,60640
271675536,1962334023,443,38296,TCP,1521118750484637,52,4,5,0,47960,2,0,58,47212
2260923212,3324085991,1935,62675,TCP,1521118750484638,97,4,5,0,55759,2,0,55,41647
3310683221,2317271739,53,34056,UDP,1521118750484649,1473,4,5,0,62419,0,0,59,28628
2390870740,3571692396,443,4337,TCP,1521118750484652,1492,4,5,0,1908,2,0,57,21258
1208716556,3890314058,53,49170,UDP,1521118750484653,69,4,5,0,31426,2,0,111,22690
1280570399,3455008277,80,33420,TCP,1521118750484655,1480,4,5,0,817,0,0,56,11656
974656519,3452444549,80,7837,TCP,1521118750484656,1452,4,5,0,44761,2,0,58,20742
2083699502,842567938,36450,33445,UDP,1521118750484658,44,4,5,0,0,2,0,4,31782
1056066415,1962334047,443,45169,TCP,1521118750484658,1500,4,5,0,47772,2,0,234,63943
1056066415,1962334047,443,45169,TCP,1521118750484660,1500,4,5,0,47773,2,0,234,63942
974656519,3452444549,80,7837,TCP,1521118750484665,1452,4,5,0,44762,2,0,58,20741
1056066415,1962334047,443,45169,TCP,1521118750484669,1500,4,5,0,47774,2,0,234,63941
1056066415,1962334047,443,45169,TCP,1521118750484670,88,4,5,0,47775,2,0,234,65352
1190350714,3350313707,80,39620,TCP,1521118750484671,60,4,5,0,19520,2,0,55,56945
3383122430,3451405051,443,53348,TCP,1521118750484673,40,4,5,0,9680,2,0,55,59815
795779175,3978971498,443,13194,TCP,1521118750484678,1500,4,5,0,55465,2,0,240,42503
2260923251,3242274994,1935,58551,TCP,1521118750484681,97,4,5,0,61458,2,0,55,59226
3524685516,3337740821,993,26257,TCP,1521118750484695,79,4,5,0,45375,2,0,55,43135
795779175,3978971498,443,13194,TCP,1521118750484697,1500,4,5,0,55466,2,0,240,42502
3995689490,2332397869,80,27485,TCP,1521118750484698,1480,4,5,0,62706,2,0,58,55758
3995689490,2332397869,80,27485,TCP,1521118750484700,1480,4,5,0,62707,2,0,58,55757
2270123970,3233185845,51372,46622,UDP,1521118750484703,1283,4,5,0,13711,2,0,114,44637
2270123970,3233185845,51372,46622,UDP,1521118750484704,651,4,5,0,13712,2,0,114,45268
2260923259,3242284382,1935,52302,TCP,1521118750484705,97,4,5,0,15242,2,0,55,30511
2260923212,3390919700,1935,50564,TCP,1521118750484706,97,4,5,0,63980,2,0,55,45417
1264311894,3978971489,16690,80,TCP,1521118750484710,52,4,5,0,59741,2,0,56,63784
3414440458,3443973208,18022,26239,UDP,1521118750484720,48,4,5,0,28350,0,0,117,10193
1264311894,3978971489,16690,80,TCP,1521118750484722,93,4,5,0,59742,2,0,56,63742
3992031756,3337740692,443,46305,TCP,1521118750484722,52,4,5,0,1721,2,0,88,62342
1056066415,1962334047,443,45169,TCP,1521118750484727,1500,4,5,0,47776,2,0,234,63939
1056066415,1962334047,443,45169,TCP,1521118750484731,1500,4,5,0,47777,2,0,234,63938
1443874384,3473704528,37513,63804,UDP,1521118750484732,48,4,5,0,25569,0,0,114,29471
795779175,3978971498,443,13194,TCP,1521118750484732,1500,4,5,0,55467,2,0,240,42501
1056244607,3257292909,80,57621,TCP,1521118750484733,44,4,5,0,0,2,0,234,13252
795779175,3978971498,443,13194,TCP,1521118750484734,1500,4,5,0,55468,2,0,240,42500
1685853669,3347703271,443,63749,TCP,1521118750484735,192,4,5,0,56791,2,0,57,15246
2275972968,1074109321,9482,63053,TCP,1521118750484735,52,4,5,0,52925,2,0,58,30567
3741785781,3978971499,443,33100,TCP,1521118750484736,465,4,5,0,62894,2,0,248,22309
1056066415,1962334047,443,45169,TCP,1521118750484736,1500,4,5,0,47778,2,0,234,63937
1056066415,1962334047,443,45169,TCP,1521118750484743,1500,4,5,0,47779,2,0,234,63936
1962329749,1074109250,56356,1485,UDP,1521118750484747,1386,4,5,24,53556,2,0,54,22371
2408978610,3455660257,443,51543,TCP,1521118750484756,1500,4,5,8,14456,2,0,57,23673
799559840,3337040563,443,9546,TCP,1521118750484766,342,4,5,0,55441,2,0,240,14125
569474483,1962334028,443,56277,TCP,1521118750484769,1500,4,5,0,43954,2,0,56,42370
569474483,1962334028,443,56277,TCP,1521118750484771,81,4,5,0,43955,2,0,56,43788
1962358044,4217677069,80,49418,TCP,1521118750484776,1492,4,5,0,57164,2,0,60,3922
150829318,3223201309,80,54541,TCP,1521118750484782,1400,4,5,0,4376,0,0,58,554
150829318,3223201309,80,54541,TCP,1521118750484783,1400,4,5,0,4377,0,0,58,553
569474483,1962334028,443,56277,TCP,1521118750484784,1500,4,5,0,43956,2,0,56,42368
2260923222,3390837542,1935,51776,TCP,1521118750484785,97,4,5,0,56990,2,0,55,3485
2141754651,3396744886,7079,61437,TCP,1521118750484785,1294,4,5,0,38048,2,0,58,37209
1942222517,4103996727,6882,50131,UDP,1521118750484787,327,4,5,0,0,2,0,52,57687
569474483,1962334028,443,56277,TCP,1521118750484787,1500,4,5,0,43957,2,0,56,42367
269242582,3978971490,80,24952,TCP,1521118750484788,1103,4,5,0,64132,2,0,58,43701
150829318,3223201309,80,54541,TCP,1521118750484789,1400,4,5,0,4378,0,0,58,552
795779175,3978971498,443,13194,TCP,1521118750484790,471,4,5,0,55469,2,0,240,43528
569474483,1962334028,443,56277,TCP,1521118750484791,1500,4,5,0,43958,2,0,56,42366
150829318,3223201309,80,54541,TCP,1521118750484792,1400,4,5,0,4379,0,0,58,551
569474483,1962334028,443,56277,TCP,1521118750484793,1500,4,5,0,43959,2,0,56,42365
