age,workclass,fnlwgt,education,education-num,marital-status,occupation,relationship,race,sex,capital-gain,capital-loss,hours-per-week,native-country,income
28,Private,76714,Prof-school,15,Never-married,Prof-specialty,Not-in-family,White,Male,0,0,55,United-States,>50K
41,Private,178431,HS-grad,9,Married-civ-spouse,Craft-repair,Husband,Asian-Pac-Islander,Male,0,0,40,Taiwan,<=50K
53,Private,290640,HS-grad,9,Married-civ-spouse,Other-service,Husband,White,Male,0,0,50,Germany,>50K
31,Private,215297,HS-grad,9,Married-civ-spouse,Craft-repair,Husband,White,Male,0,0,45,United-States,<=50K
34,Local-gov,188682,Bachelors,13,Married-spouse-absent,Prof-specialty,Not-in-family,White,Female,0,0,40,United-States,<=50K
34,Private,94413,HS-grad,9,Married-civ-spouse,Transport-moving,Husband,White,Male,0,0,40,United-States,>50K
34,Private,102858,HS-grad,9,Separated,Adm-clerical,Unmarried,White,Male,0,0,40,United-States,<=50K
52,Private,169549,Some-college,10,Divorced,Exec-managerial,Unmarried,White,Female,0,0,40,United-States,<=50K
49,Private,298659,HS-grad,9,Married-civ-spouse,Sales,Husband,White,Male,0,0,15,Mexico,<=50K
36,Private,89508,Some-college,10,Divorced,Prof-specialty,Not-in-family,White,Male,0,0,50,United-States,<=50K
22,Private,204226,HS-grad,9,Never-married,Exec-managerial,Own-child,White,Female,0,0,40,United-States,<=50K
42,Private,27444,Some-college,10,Married-spouse-absent,Prof-specialty,Not-in-family,White,Male,0,0,40,United-States,>50K
57,Private,24384,7th-8th,4,Widowed,Other-service,Not-in-family,White,Female,0,0,10,United-States,<=50K
19,Private,427862,Some-college,10,Never-married,Other-service,Own-child,White,Male,0,0,35,United-States,<=50K
36,Private,214816,HS-grad,9,Never-married,Craft-repair,Not-in-family,White,Female,0,0,40,United-States,<=50K
25,Private,250038,Masters,14,Married-civ-spouse,Machine-op-inspct,Not-in-family,White,Male,0,0,40,Mexico,<=50K
36,Private,35429,Some-college,10,Married-civ-spouse,Exec-managerial,Husband,White,Male,0,0,60,United-States,<=50K
50,Private,133963,HS-grad,9,Divorced,Adm-clerical,Unmarried,White,Female,0,0,35,United-States,<=50K
36,State-gov,47570,Masters,14,Never-married,Prof-specialty,Not-in-family,White,Female,0,0,40,United-States,<=50K
18,Private,41973,11th,7,Never-married,Adm-clerical,Own-child,White,Female,0,0,5,United-States,<=50K
54,Self-emp-not-inc,33863,HS-grad,9,Married-civ-spouse,Farming-fishing,Husband,White,Male,0,0,60,United-States,>50K
50,State-gov,103063,Bachelors,13,Married-civ-spouse,Exec-managerial,Husband,White,Male,0,0,40,United-States,>50K
38,Private,241153,Masters,14,Married-civ-spouse,Exec-managerial,Husband,White,Male,0,0,48,United-States,>50K
40,Local-gov,27444,Bachelors,13,Never-married,Prof-specialty,Not-in-family,White,Male,0,0,50,United-States,>50K
35,Private,377798,Bachelors,13,Never-married,Prof-specialty,Not-in-family,White,Male,0,0,50,United-States,>50K
34,Private,108837,Some-college,10,Married-civ-spouse,Handlers-cleaners,Husband,White,Male,0,0,40,United-States,>50K
44,Self-emp-inc,383493,HS-grad,9,Married-civ-spouse,Craft-repair,Husband,White,Male,0,0,60,United-States,>50K
50,Private,195844,Assoc-acdm,12,Married-civ-spouse,Exec-managerial,Husband,White,Male,0,0,50,United-States,>50K
37,Private,468713,Some-college,10,Married-civ-spouse,Adm-clerical,Husband,White,Male,0,0,40,United-States,<=50K
47,Private,207140,HS-grad,9,Divorced,Adm-clerical,Not-in-family,White,Female,0,0,38,United-States,<=50K
50,Self-emp-inc,100029,Bachelors,13,Widowed,Sales,Unmarried,White,Male,0,0,65,United-States,>50K
31,Private,101697,Assoc-voc,11,Married-civ-spouse,Prof-specialty,Wife,White,Female,0,0,40,United-States,<=50K
48,Self-emp-inc,192945,HS-grad,9,Married-civ-spouse,Exec-managerial,Husband,White,Male,7688,0,40,United-States,>50K
60,Self-emp-not-inc,92845,5th-6th,3,Married-civ-spouse,Farming-fishing,Husband,White,Male,0,0,40,United-States,<=50K
24,Private,214014,HS-grad,9,Never-married,Craft-repair,Own-child,Black,Male,0,0,40,United-States,<=50K
22,Private,60668,Some-college,10,Never-married,Craft-repair,Not-in-family,White,Male,0,0,40,United-States,<=50K
57,Private,372967,10th,6,Divorced,Adm-clerical,Other-relative,White,Female,0,0,70,Germany,<=50K
37,Self-emp-inc,98389,HS-grad,9,Married-civ-spouse,Exec-managerial,Husband,White,Male,0,0,50,United-States,>50K
18,Private,131180,11th,7,Never-married,Prof-specialty,Own-child,White,Female,0,0,16,United-States,<=50K
25,Self-emp-inc,158751,Assoc-voc,11,Never-married,Transport-moving,Unmarried,White,Male,0,0,55,United-States,<=50K
28,Private,183639,HS-grad,9,Never-married,Handlers-cleaners,Unmarried,White,Male,0,0,40,United-States,<=50K
33,Private,78707,11th,7,Never-married,Other-service,Not-in-family,Black,Male,0,0,40,United-States,<=50K
24,Private,216563,HS-grad,9,Married-civ-spouse,Machine-op-inspct,Wife,White,Female,0,0,40,United-States,<=50K
19,Self-emp-not-inc,45546,Some-college,10,Never-married,Sales,Own-child,White,Female,0,0,16,United-States,<=50K
51,Private,145409,Some-college,10,Married-civ-spouse,Craft-repair,Husband,White,Male,3103,0,48,United-States,>50K
22,Private,240817,HS-grad,9,Never-married,Sales,Own-child,White,Female,2597,0,40,United-States,<=50K
37,Federal-gov,45937,Assoc-acdm,12,Married-civ-spouse,Exec-managerial,Wife,White,Female,0,0,40,United-States,>50K
19,Private,197384,Some-college,10,Never-married,Other-service,Own-child,White,Female,0,0,10,United-States,<=50K
66,Self-emp-not-inc,167687,HS-grad,9,Married-civ-spouse,Farming-fishing,Husband,White,Male,1409,0,50,United-States,<=50K
29,Federal-gov,224858,Some-college,10,Married-civ-spouse,Protective-serv,Husband,White,Male,0,0,60,United-States,<=50K
31,Federal-gov,101345,HS-grad,9,Never-married,Handlers-cleaners,Own-child,White,Female,0,0,40,United-States,<=50K
60,Private,230545,7th-8th,4,Divorced,Adm-clerical,Not-in-family,White,Female,0,0,35,Cuba,<=50K
38,Private,136629,Bachelors,13,Married-civ-spouse,Machine-op-inspct,Husband,White,Male,0,0,40,Iran,<=50K
67,Private,197865,Some-college,10,Divorced,Adm-clerical,Not-in-family,White,Female,0,0,40,United-States,<=50K
39,Private,74163,12th,8,Divorced,Sales,Not-in-family,White,Female,0,0,40,United-States,<=50K
38,Private,351299,Some-college,10,Married-civ-spouse,Transport-moving,Husband,Black,Male,0,0,50,United-States,<=50K
40,Self-emp-not-inc,188436,HS-grad,9,Separated,Exec-managerial,Other-relative,White,Male,0,0,40,United-States,<=50K
49,Self-emp-not-inc,175622,Bachelors,13,Married-civ-spouse,Prof-specialty,Husband,White,Male,0,0,40,United-States,>50K
31,State-gov,110714,Some-college,10,Never-married,Other-service,Own-child,White,Female,0,0,37,United-States,<=50K
34,Private,115488,HS-grad,9,Married-civ-spouse,Sales,Husband,White,Male,0,0,40,United-States,<=50K
33,Private,219034,11th,7,Never-married,Sales,Not-in-family,White,Female,0,0,40,United-States,<=50K
27,Private,134566,HS-grad,9,Never-married,Adm-clerical,Not-in-family,White,Male,0,0,40,United-States,<=50K
49,Self-emp-inc,330874,Some-college,10,Married-civ-spouse,Sales,Husband,White,Male,0,0,70,United-States,>50K
59,Self-emp-not-inc,144071,5th-6th,3,Married-civ-spouse,Other-service,Husband,White,Male,2580,0,15,El-Salvador,<=50K
45,Private,1366120,Assoc-voc,11,Divorced,Other-service,Not-in-family,White,Female,0,0,8,United-States,<=50K
40,Private,160369,Masters,14,Married-civ-spouse,Exec-managerial,Husband,White,Male,0,2415,45,United-States,>50K
32,Private,259719,Some-college,10,Divorced,Handlers-cleaners,Unmarried,Black,Male,0,0,40,Nicaragua,<=50K
42,Private,163003,Bachelors,13,Married-spouse-absent,Tech-support,Own-child,Asian-Pac-Islander,Female,0,0,40,United-States,<=50K
44,Private,173704,Bachelors,13,Married-civ-spouse,Exec-managerial,Husband,White,Male,0,0,40,United-States,>50K
62,Local-gov,208266,Assoc-voc,11,Divorced,Adm-clerical,Not-in-family,Black,Female,0,0,40,United-States,<=50K
47,Private,274883,HS-grad,9,Married-civ-spouse,Transport-moving,Husband,White,Male,0,0,40,United-States,<=50K
41,Local-gov,195897,Masters,14,Married-civ-spouse,Prof-specialty,Husband,White,Male,0,0,60,United-States,<=50K
42,Federal-gov,198316,Masters,14,Married-civ-spouse,Exec-managerial,Husband,White,Male,0,0,40,United-States,>50K
61,Private,273803,HS-grad,9,Married-civ-spouse,Craft-repair,Husband,White,Male,0,0,40,United-States,<=50K
40,Self-emp-not-inc,30759,Assoc-voc,11,Married-civ-spouse,Farming-fishing,Husband,White,Male,0,0,60,United-States,<=50K
33,Private,170769,Doctorate,16,Divorced,Sales,Not-in-family,White,Male,99999,0,60,United-States,>50K
39,Private,150061,Masters,14,Divorced,Exec-managerial,Unmarried,Black,Female,15020,0,60,United-States,>50K
22,Private,199555,Some-college,10,Never-married,Farming-fishing,Own-child,White,Male,0,0,25,United-States,<=50K
32,Private,198183,Some-college,10,Divorced,Exec-managerial,Not-in-family,White,Female,0,0,38,United-States,<=50K
44,State-gov,199551,11th,7,Separated,Tech-support,Not-in-family,Black,Male,0,0,40,United-States,<=50K
34,Self-emp-inc,175761,Bachelors,13,Married-civ-spouse,Prof-specialty,Husband,White,Male,0,0,60,United-States,>50K
43,Private,145441,Bachelors,13,Married-civ-spouse,Exec-managerial,Husband,White,Male,0,0,38,United-States,>50K
54,Self-emp-not-inc,230951,Bachelors,13,Married-civ-spouse,Exec-managerial,Husband,White,Male,0,0,40,United-States,>50K
39,Private,80410,Bachelors,13,Never-married,Exec-managerial,Not-in-family,White,Male,0,0,40,United-States,<=50K
38,State-gov,103925,HS-grad,9,Divorced,Other-service,Unmarried,White,Female,2036,0,20,United-States,<=50K
23,Private,161478,Some-college,10,Never-married,Sales,Own-child,Asian-Pac-Islander,Female,0,0,40,United-States,<=50K
41,Private,176452,HS-grad,9,Married-civ-spouse,Tech-support,Husband,White,Male,0,0,40,Peru,<=50K
31,Local-gov,236487,Bachelors,13,Never-married,Prof-specialty,Not-in-family,White,Female,0,0,40,Germany,<=50K
32,Private,53206,Bachelors,13,Divorced,Craft-repair,Not-in-family,White,Male,0,0,50,United-States,>50K
37,Private,200153,HS-grad,9,Married-civ-spouse,Craft-repair,Husband,White,Male,0,0,40,United-States,<=50K
53,Private,223660,HS-grad,9,Widowed,Machine-op-inspct,Not-in-family,White,Male,6849,0,40,United-States,<=50K
35,Private,105813,Bachelors,13,Married-civ-spouse,Prof-specialty,Husband,White,Male,0,0,48,United-States,>50K
47,Federal-gov,117628,HS-grad,9,Married-civ-spouse,Craft-repair,Husband,White,Male,0,0,40,United-States,>50K
39,Private,380614,Some-college,10,Divorced,Prof-specialty,Not-in-family,White,Female,0,0,45,United-States,>50K
61,Private,179743,HS-grad,9,Married-civ-spouse,Craft-repair,Husband,White,Male,0,2051,20,United-States,<=50K
33,Private,150570,Bachelors,13,Married-civ-spouse,Prof-specialty,Husband,White,Male,3103,0,43,United-States,>50K
50,Private,158294,Assoc-voc,11,Married-civ-spouse,Tech-support,Husband,White,Male,3103,0,40,United-States,>50K
39,Private,102953,Bachelors,13,Married-civ-spouse,Sales,Husband,White,Male,7298,0,55,United-States,>50K
34,Private,56883,Some-college,10,Never-married,Other-service,Unmarried,White,Female,0,0,40,United-States,<=50K
34,Self-emp-inc,202450,HS-grad,9,Married-civ-spouse,Craft-repair,Husband,White,Male,0,0,50,United-States,<=50K
48,Private,326048,Assoc-acdm,12,Divorced,Other-service,Not-in-family,White,Male,0,0,44,United-States,<=50K
23,State-gov,283499,HS-grad,9,Never-married,Protective-serv,Own-child,White,Male,0,0,40,United-States,<=50K
39,Self-emp-inc,135500,HS-grad,9,Married-civ-spouse,Exec-managerial,Husband,White,Male,0,1977,40,United-States,>50K
38,Private,226357,HS-grad,9,Married-civ-spouse,Craft-repair,Husband,White,Male,0,0,40,United-States,<=50K
28,Private,184078,12th,8,Divorced,Machine-op-inspct,Not-in-family,White,Female,0,0,40,United-States,<=50K
34,Private,205733,HS-grad,9,Never-married,Adm-clerical,Not-in-family,White,Female,0,0,40,United-States,<=50K
47,Private,249935,11th,7,Divorced,Craft-repair,Own-child,White,Male,0,0,8,United-States,<=50K
41,Private,206948,Bachelors,13,Married-civ-spouse,Sales,Husband,White,Male,0,0,40,United-States,>50K
25,Private,164488,Bachelors,13,Never-married,Tech-support,Not-in-family,White,Male,0,0,40,United-States,<=50K
53,Private,209906,1st-4th,2,Married-civ-spouse,Other-service,Husband,Black,Male,0,0,35,Puerto-Rico,<=50K
43,Private,106760,HS-grad,9,Married-civ-spouse,Adm-clerical,Wife,White,Female,0,0,50,Canada,>50K
33,Federal-gov,88913,Some-college,10,Never-married,Adm-clerical,Own-child,Asian-Pac-Islander,Female,0,0,40,United-States,<=50K
45,Self-emp-inc,139268,HS-grad,9,Married-civ-spouse,Sales,Husband,White,Male,0,0,50,United-States,>50K
59,Private,115414,Some-college,10,Married-civ-spouse,Exec-managerial,Husband,White,Male,0,0,40,United-States,>50K
39,Private,114591,Some-college,10,Separated,Prof-specialty,Unmarried,White,Female,0,0,40,United-States,<=50K
49,Federal-gov,195437,Assoc-acdm,12,Married-civ-spouse,Adm-clerical,Husband,White,Male,0,0,60,United-States,>50K
39,Local-gov,166497,HS-grad,9,Divorced,Handlers-cleaners,Not-in-family,White,Male,0,0,40,United-States,>50K
64,Self-emp-not-inc,149698,Prof-school,15,Married-civ-spouse,Prof-specialty,Husband,White,Male,0,0,40,United-States,>50K
25,Private,126974,HS-grad,9,Never-married,Craft-repair,Own-child,White,Male,0,0,40,United-States,<=50K
49,Local-gov,304246,Masters,14,Separated,Prof-specialty,Unmarried,White,Female,0,0,70,United-States,<=50K
37,Private,126708,HS-grad,9,Married-civ-spouse,Adm-clerical,Wife,White,Female,0,0,60,United-States,<=50K
46,Local-gov,230979,Bachelors,13,Divorced,Prof-specialty,Not-in-family,White,Female,4787,0,25,United-States,>50K
59,Private,247187,HS-grad,9,Divorced,Adm-clerical,Not-in-family,White,Female,0,0,40,United-States,<=50K
37,Private,36425,HS-grad,9,Never-married,Other-service,Not-in-family,White,Female,0,0,40,United-States,<=50K
25,Private,176729,Bachelors,13,Married-civ-spouse,Craft-repair,Husband,White,Male,0,0,60,United-States,>50K
29,Private,188729,Bachelors,13,Never-married,Adm-clerical,Not-in-family,White,Female,0,0,45,United-States,<=50K
61,Private,223133,HS-grad,9,Divorced,Handlers-cleaners,Not-in-family,Black,Female,0,0,40,United-States,<=50K
47,Self-emp-inc,156728,HS-grad,9,Married-civ-spouse,Sales,Husband,White,Male,0,0,55,United-States,<=50K
32,Private,396745,Bachelors,13,Married-civ-spouse,Prof-specialty,Husband,White,Male,0,2415,48,United-States,>50K
33,Private,296538,HS-grad,9,Married-civ-spouse,Sales,Husband,White,Male,0,0,45,United-States,>50K
65,Self-emp-not-inc,31740,Some-college,10,Widowed,Exec-managerial,Unmarried,White,Female,0,0,45,United-States,<=50K
40,Private,93955,Some-college,10,Married-civ-spouse,Prof-specialty,Wife,White,Female,0,0,40,United-States,<=50K
24,Private,388885,HS-grad,9,Never-married,Machine-op-inspct,Not-in-family,White,Male,0,0,48,United-States,<=50K
21,Private,54472,HS-grad,9,Never-married,Other-service,Unmarried,White,Female,0,0,40,United-States,<=50K
29,Self-emp-inc,87745,Some-college,10,Never-married,Exec-managerial,Not-in-family,White,Male,0,0,60,United-States,<=50K
43,Private,336513,Some-college,10,Married-civ-spouse,Exec-managerial,Husband,White,Male,0,1902,40,United-States,>50K
46,Local-gov,354962,HS-grad,9,Married-civ-spouse,Machine-op-inspct,Husband,Black,Male,0,0,40,United-States,<=50K
21,Private,304302,HS-grad,9,Never-married,Handlers-cleaners,Own-child,Amer-Indian-Eskimo,Male,0,0,40,United-States,<=50K
39,Private,167482,HS-grad,9,Married-civ-spouse,Other-service,Husband,White,Male,0,0,60,United-States,>50K
59,Private,188041,HS-grad,9,Divorced,Handlers-cleaners,Not-in-family,Black,Male,0,0,40,United-States,<=50K
46,Private,345073,HS-grad,9,Divorced,Exec-managerial,Not-in-family,White,Male,0,0,48,United-States,>50K
47,Private,196707,Prof-school,15,Divorced,Adm-clerical,Not-in-family,White,Male,0,0,40,United-States,<=50K
27,State-gov,23740,HS-grad,9,Never-married,Transport-moving,Not-in-family,Amer-Indian-Eskimo,Male,0,0,38,United-States,>50K
29,Federal-gov,107411,Some-college,10,Married-spouse-absent,Adm-clerical,Own-child,White,Female,0,0,40,United-States,<=50K
63,Self-emp-not-inc,117681,Assoc-voc,11,Married-civ-spouse,Farming-fishing,Husband,White,Male,0,0,40,United-States,<=50K
28,Private,115438,Bachelors,13,Never-married,Adm-clerical,Own-child,White,Male,0,0,40,United-States,<=50K
31,Private,195136,Assoc-acdm,12,Divorced,Other-service,Not-in-family,White,Female,0,0,32,United-States,<=50K
29,Private,34796,HS-grad,9,Never-married,Exec-managerial,Not-in-family,White,Male,0,0,40,United-States,<=50K
21,Private,118023,HS-grad,9,Never-married,Farming-fishing,Own-child,White,Male,0,0,24,United-States,<=50K
37,Self-emp-not-inc,154641,Assoc-acdm,12,Married-civ-spouse,Farming-fishing,Husband,White,Male,2105,0,50,United-States,<=50K
35,Private,112264,HS-grad,9,Married-civ-spouse,Sales,Husband,White,Male,0,0,50,United-States,<=50K
47,Federal-gov,160647,HS-grad,9,Separated,Adm-clerical,Unmarried,White,Female,0,0,40,United-States,<=50K
46,Private,73434,Masters,14,Divorced,Exec-managerial,Not-in-family,White,Female,0,0,45,United-States,<=50K
37,Private,183800,Bachelors,13,Married-civ-spouse,Prof-specialty,Husband,White,Male,7688,0,50,United-States,>50K
43,Private,173316,Some-college,10,Married-civ-spouse,Craft-repair,Husband,White,Male,0,0,40,United-States,<=50K
23,Private,291248,HS-grad,9,Never-married,Machine-op-inspct,Other-relative,Black,Male,0,0,40,United-States,<=50K
35,Self-emp-not-inc,160192,Some-college,10,Never-married,Craft-repair,Own-child,White,Male,0,0,40,United-States,<=50K
34,Local-gov,106169,Masters,14,Divorced,Prof-specialty,Not-in-family,White,Female,0,0,50,United-States,<=50K
55,Private,113912,Assoc-voc,11,Married-civ-spouse,Prof-specialty,Wife,White,Female,0,0,20,United-States,<=50K
37,Self-emp-inc,97986,Assoc-acdm,12,Married-civ-spouse,Sales,Husband,White,Male,0,0,68,United-States,<=50K
59,Private,177120,9th,5,Married-civ-spouse,Other-service,Husband,White,Male,0,0,40,United-States,<=50K
49,State-gov,131302,Assoc-voc,11,Divorced,Adm-clerical,Not-in-family,Black,Female,0,0,44,United-States,<=50K
36,Private,90159,Bachelors,13,Married-civ-spouse,Prof-specialty,Wife,White,Female,0,0,32,United-States,>50K
61,Private,83045,9th,5,Married-civ-spouse,Machine-op-inspct,Husband,White,Male,0,0,40,United-States,<=50K
44,Private,120277,Masters,14,Married-civ-spouse,Exec-managerial,Husband,White,Male,0,0,38,United-States,>50K
46,Private,128047,Some-college,10,Separated,Sales,Not-in-family,White,Male,0,0,42,United-States,<=50K
30,Private,184687,HS-grad,9,Never-married,Prof-specialty,Own-child,White,Female,0,0,30,United-States,<=50K
37,Private,167396,HS-grad,9,Married-civ-spouse,Other-service,Husband,White,Male,0,0,40,Guatemala,<=50K
37,Private,208391,Some-college,10,Married-civ-spouse,Transport-moving,Husband,White,Male,0,0,40,United-States,>50K
29,Private,161478,Bachelors,13,Never-married,Adm-clerical,Not-in-family,Asian-Pac-Islander,Female,0,0,40,Japan,<=50K
29,Private,87507,Doctorate,16,Married-civ-spouse,Prof-specialty,Husband,Asian-Pac-Islander,Male,0,0,60,India,<=50K
48,Private,139290,10th,6,Separated,Machine-op-inspct,Own-child,White,Female,0,0,48,United-States,<=50K
56,Private,105281,HS-grad,9,Widowed,Sales,Not-in-family,White,Female,0,1974,40,United-States,<=50K
24,Private,88095,Some-college,10,Never-married,Machine-op-inspct,Not-in-family,White,Female,0,0,24,Mexico,<=50K
48,Private,192791,HS-grad,9,Married-civ-spouse,Machine-op-inspct,Husband,White,Male,0,0,40,United-States,<=50K
33,Self-emp-not-inc,155151,Some-college,10,Married-civ-spouse,Sales,Husband,White,Male,0,1740,50,United-States,<=50K
23,Private,239663,Some-college,10,Never-married,Handlers-cleaners,Own-child,White,Male,2597,0,50,United-States,<=50K
38,Private,165302,Some-college,10,Divorced,Adm-clerical,Unmarried,Other,Female,0,0,40,United-States,<=50K
46,Private,195023,HS-grad,9,Married-spouse-absent,Machine-op-inspct,Not-in-family,White,Female,0,0,40,Columbia,<=50K
59,Private,656036,Bachelors,13,Separated,Adm-clerical,Unmarried,White,Male,0,0,60,United-States,<=50K
43,Self-emp-not-inc,174090,HS-grad,9,Married-civ-spouse,Adm-clerical,Wife,White,Female,0,0,20,United-States,>50K
38,Private,76878,11th,7,Married-civ-spouse,Craft-repair,Husband,White,Male,5178,0,40,United-States,>50K
28,Private,346406,HS-grad,9,Married-civ-spouse,Machine-op-inspct,Husband,White,Male,0,1672,50,United-States,<=50K
19,Private,201743,Some-college,10,Never-married,Other-service,Own-child,White,Female,0,0,15,United-States,<=50K
22,Private,305781,HS-grad,9,Never-married,Sales,Not-in-family,White,Male,0,0,45,Canada,<=50K
45,Self-emp-not-inc,102771,Bachelors,13,Married-civ-spouse,Transport-moving,Husband,White,Male,0,0,40,United-States,>50K
25,Private,109009,11th,7,Married-civ-spouse,Craft-repair,Husband,White,Male,0,0,40,United-States,<=50K
20,Private,129240,Some-college,10,Never-married,Adm-clerical,Own-child,White,Female,0,0,20,United-States,<=50K
48,Private,325372,1st-4th,2,Married-civ-spouse,Machine-op-inspct,Husband,White,Male,0,0,40,Portugal,<=50K
21,Private,96844,Some-college,10,Never-married,Adm-clerical,Not-in-family,White,Female,0,0,20,United-States,<=50K
32,Private,234755,HS-grad,9,Separated,Craft-repair,Unmarried,Black,Male,0,0,40,United-States,<=50K
59,Private,170988,HS-grad,9,Married-civ-spouse,Sales,Husband,White,Male,0,0,55,United-States,<=50K
43,State-gov,255835,Some-college,10,Divorced,Adm-clerical,Other-relative,White,Female,0,0,40,United-States,<=50K
49,Self-emp-not-inc,377622,Assoc-acdm,12,Divorced,Sales,Not-in-family,White,Male,0,0,50,United-States,<=50K
59,Self-emp-not-inc,170411,7th-8th,4,Married-civ-spouse,Transport-moving,Husband,White,Male,0,0,40,United-States,<=50K
42,Private,235786,Assoc-acdm,12,Married-civ-spouse,Craft-repair,Husband,White,Male,0,0,50,United-States,>50K
20,Private,211049,Some-college,10,Never-married,Exec-managerial,Own-child,White,Female,0,0,30,United-States,<=50K
26,Private,190469,Bachelors,13,Never-married,Tech-support,Not-in-family,White,Male,0,0,40,United-States,<=50K
36,Private,219483,Some-college,10,Never-married,Adm-clerical,Not-in-family,White,Female,0,0,40,United-States,<=50K
62,Self-emp-not-inc,115176,HS-grad,9,Married-civ-spouse,Farming-fishing,Husband,White,Male,0,0,65,United-States,<=50K
40,Private,202565,Assoc-acdm,12,Married-civ-spouse,Sales,Husband,White,Male,0,0,52,United-States,<=50K
40,Federal-gov,544792,Some-college,10,Married-civ-spouse,Farming-fishing,Husband,White,Male,0,0,40,United-States,<=50K
35,Private,253006,Some-college,10,Married-civ-spouse,Prof-specialty,Husband,White,Male,7688,0,38,United-States,>50K
26,Private,67240,HS-grad,9,Married-civ-spouse,Craft-repair,Husband,White,Male,0,0,40,United-States,<=50K
30,Private,75167,Some-college,10,Married-civ-spouse,Machine-op-inspct,Husband,White,Male,0,0,40,United-States,>50K
35,Private,148581,HS-grad,9,Married-civ-spouse,Craft-repair,Husband,White,Male,0,1740,40,United-States,<=50K
90,Local-gov,153602,HS-grad,9,Married-civ-spouse,Other-service,Husband,White,Male,6767,0,40,United-States,<=50K
22,Private,324922,HS-grad,9,Never-married,Machine-op-inspct,Not-in-family,White,Male,0,0,50,United-States,<=50K
28,Private,192283,Masters,14,Married-spouse-absent,Sales,Not-in-family,White,Female,0,0,80,United-States,>50K
62,Private,122246,Some-college,10,Never-married,Craft-repair,Not-in-family,White,Female,8614,0,39,United-States,>50K
41,State-gov,109762,Masters,14,Never-married,Prof-specialty,Not-in-family,White,Male,0,0,40,United-States,<=50K
17,Private,159299,11th,7,Never-married,Other-service,Own-child,White,Female,0,0,20,United-States,<=50K
32,Private,157289,HS-grad,9,Married-spouse-absent,Handlers-cleaners,Other-relative,White,Male,0,0,40,United-States,<=50K
25,Private,28008,Assoc-acdm,12,Divorced,Adm-clerical,Unmarried,White,Female,0,0,40,United-States,<=50K
28,Self-emp-not-inc,33035,12th,8,Divorced,Other-service,Unmarried,White,Female,0,0,30,United-States,<=50K
24,Private,182163,11th,7,Never-married,Adm-clerical,Not-in-family,White,Female,0,0,40,Germany,<=50K
50,Local-gov,212685,HS-grad,9,Married-civ-spouse,Other-service,Husband,Black,Male,0,0,40,United-States,<=50K
48,State-gov,122086,HS-grad,9,Married-civ-spouse,Protective-serv,Husband,White,Male,0,0,40,United-States,<=50K
19,Private,55284,HS-grad,9,Never-married,Handlers-cleaners,Own-child,White,Female,0,0,25,United-States,<=50K
53,State-gov,58913,Masters,14,Married-civ-spouse,Exec-managerial,Husband,White,Male,0,0,42,United-States,>50K
39,Private,356838,HS-grad,9,Never-married,Farming-fishing,Own-child,White,Male,0,0,12,United-States,<=50K
23,Private,239322,HS-grad,9,Divorced,Sales,Not-in-family,White,Male,0,0,40,United-States,<=50K
27,Private,132326,Some-college,10,Married-civ-spouse,Craft-repair,Husband,White,Male,0,0,40,United-States,<=50K
60,Private,193235,Assoc-acdm,12,Married-civ-spouse,Adm-clerical,Husband,White,Male,0,0,24,United-States,<=50K
41,Private,207375,HS-grad,9,Never-married,Sales,Not-in-family,White,Female,0,0,50,United-States,<=50K
29,Private,338270,HS-grad,9,Separated,Adm-clerical,Unmarried,White,Female,0,0,40,United-States,<=50K
23,Private,260617,10th,6,Never-married,Craft-repair,Not-in-family,White,Male,0,0,40,United-States,<=50K
35,Private,213208,Assoc-voc,11,Married-civ-spouse,Tech-support,Husband,Black,Male,0,0,38,Jamaica,<=50K
37,Private,160120,Masters,14,Never-married,Prof-specialty,Unmarried,Asian-Pac-Islander,Male,0,0,40,South,<=50K
45,Private,331643,Some-college,10,Married-civ-spouse,Craft-repair,Husband,White,Male,0,0,40,United-States,>50K
43,State-gov,308498,HS-grad,9,Married-spouse-absent,Exec-managerial,Unmarried,White,Female,0,0,40,United-States,<=50K
32,Private,121634,10th,6,Never-married,Machine-op-inspct,Own-child,White,Male,0,0,40,Mexico,<=50K
67,Self-emp-inc,81413,HS-grad,9,Married-civ-spouse,Transport-moving,Husband,White,Male,0,0,40,United-States,<=50K
34,Private,158615,Some-college,10,Married-civ-spouse,Handlers-cleaners,Husband,White,Male,0,0,40,United-States,<=50K
43,Private,130126,Bachelors,13,Married-civ-spouse,Exec-managerial,Husband,White,Male,15024,0,50,United-States,>50K
42,Private,303155,Assoc-acdm,12,Divorced,Adm-clerical,Not-in-family,White,Male,0,0,40,United-States,<=50K
30,Private,345705,Some-college,10,Married-civ-spouse,Exec-managerial,Other-relative,White,Male,0,0,40,United-States,<=50K
43,Local-gov,413760,Some-college,10,Separated,Craft-repair,Not-in-family,Black,Male,0,0,40,United-States,<=50K
43,State-gov,125405,HS-grad,9,Married-civ-spouse,Protective-serv,Husband,White,Male,0,0,40,United-States,<=50K
29,Self-emp-not-inc,341672,HS-grad,9,Married-spouse-absent,Transport-moving,Other-relative,Asian-Pac-Islander,Male,0,1564,50,India,>50K
43,Private,221172,Bachelors,13,Married-civ-spouse,Tech-support,Husband,White,Male,0,0,24,United-States,>50K
44,Private,182370,HS-grad,9,Married-civ-spouse,Craft-repair,Husband,White,Male,0,0,40,United-States,<=50K
38,Private,117528,Bachelors,13,Never-married,Other-service,Other-relative,White,Female,0,0,45,United-States,<=50K
28,Private,398918,HS-grad,9,Never-married,Tech-support,Not-in-family,White,Male,0,0,40,United-States,<=50K
26,Private,343506,HS-grad,9,Never-married,Other-service,Own-child,Black,Female,0,0,40,United-States,<=50K
45,Self-emp-not-inc,106110,Some-college,10,Married-civ-spouse,Other-service,Wife,White,Female,0,0,99,United-States,<=50K
47,Local-gov,352614,Assoc-acdm,12,Married-civ-spouse,Protective-serv,Husband,White,Male,0,0,40,United-States,>50K
32,Federal-gov,566117,Some-college,10,Divorced,Adm-clerical,Unmarried,White,Female,0,0,40,United-States,<=50K
19,Private,195805,HS-grad,9,Never-married,Sales,Own-child,White,Female,0,0,12,United-States,<=50K
41,Local-gov,160893,Preschool,1,Never-married,Handlers-cleaners,Own-child,White,Female,0,0,30,United-States,<=50K
57,Private,104996,Some-college,10,Never-married,Craft-repair,Not-in-family,White,Male,0,0,42,United-States,<=50K
54,State-gov,32778,HS-grad,9,Widowed,Exec-managerial,Not-in-family,White,Female,0,0,40,United-States,<=50K
37,Private,186191,HS-grad,9,Married-civ-spouse,Machine-op-inspct,Husband,White,Male,0,0,46,United-States,<=50K
27,Private,420351,HS-grad,9,Never-married,Transport-moving,Own-child,White,Male,0,0,40,United-States,<=50K
37,Local-gov,117683,HS-grad,9,Married-civ-spouse,Protective-serv,Husband,White,Male,0,0,40,United-States,<=50K
23,Private,384651,Some-college,10,Married-civ-spouse,Handlers-cleaners,Husband,White,Male,0,0,40,United-States,<=50K
53,Private,287317,HS-grad,9,Divorced,Machine-op-inspct,Unmarried,Black,Male,0,0,32,United-States,<=50K
55,Self-emp-not-inc,59469,9th,5,Married-civ-spouse,Farming-fishing,Husband,White,Male,0,0,25,United-States,<=50K
46,Self-emp-not-inc,176863,HS-grad,9,Married-civ-spouse,Exec-managerial,Husband,White,Male,0,0,40,United-States,<=50K
33,Private,236396,HS-grad,9,Never-married,Adm-clerical,Own-child,White,Male,0,0,35,United-States,<=50K
23,Private,122346,HS-grad,9,Never-married,Sales,Own-child,White,Male,0,0,40,United-States,<=50K
75,Private,101887,10th,6,Widowed,Priv-house-serv,Not-in-family,White,Female,0,0,70,United-States,<=50K
30,Private,293512,Assoc-voc,11,Never-married,Prof-specialty,Not-in-family,Black,Male,0,0,40,United-States,<=50K
54,Self-emp-not-inc,109418,Bachelors,13,Married-civ-spouse,Exec-managerial,Wife,White,Female,0,1977,35,United-States,>50K
48,Private,345831,HS-grad,9,Divorced,Machine-op-inspct,Not-in-family,White,Male,0,0,40,United-States,<=50K
52,Private,204402,HS-grad,9,Married-civ-spouse,Transport-moving,Husband,White,Male,0,0,85,United-States,>50K
23,Private,141272,Bachelors,13,Never-married,Other-service,Own-child,Black,Female,0,0,30,United-States,<=50K
51,Private,169364,Some-college,10,Divorced,Handlers-cleaners,Not-in-family,White,Female,0,0,40,Ireland,<=50K
32,Private,190228,HS-grad,9,Never-married,Other-service,Not-in-family,White,Male,0,0,60,United-States,<=50K
17,Private,32607,10th,6,Never-married,Farming-fishing,Own-child,White,Male,0,0,20,United-States,<=50K
23,Private,34113,HS-grad,9,Married-civ-spouse,Craft-repair,Husband,White,Male,0,0,45,United-States,<=50K
49,Private,149049,Some-college,10,Divorced,Exec-managerial,Not-in-family,White,Male,14344,0,45,United-States,>50K
40,Private,55508,7th-8th,4,Divorced,Farming-fishing,Unmarried,White,Female,0,0,40,United-States,<=50K
35,Private,139770,HS-grad,9,Never-married,Adm-clerical,Own-child,White,Female,6849,0,40,United-States,<=50K
32,Self-emp-not-inc,170108,HS-grad,9,Separated,Sales,Not-in-family,White,Male,0,0,50,United-States,<=50K
55,Private,179534,11th,7,Widowed,Handlers-cleaners,Unmarried,White,Female,0,0,40,United-States,<=50K
22,Private,103277,Some-college,10,Never-married,Adm-clerical,Own-child,White,Female,0,0,20,United-States,<=50K
37,Private,86551,Bachelors,13,Married-civ-spouse,Exec-managerial,Husband,White,Male,0,0,50,United-States,>50K
34,State-gov,180871,Bachelors,13,Married-civ-spouse,Adm-clerical,Husband,White,Male,0,0,55,United-States,<=50K
39,Private,230054,Masters,14,Married-civ-spouse,Prof-specialty,Husband,White,Male,0,0,50,United-States,>50K
27,Private,372500,5th-6th,3,Married-civ-spouse,Handlers-cleaners,Husband,White,Male,0,0,45,Mexico,<=50K
29,Private,103432,HS-grad,9,Never-married,Craft-repair,Not-in-family,White,Male,0,0,40,United-States,<=50K
37,Self-emp-not-inc,198841,11th,7,Married-civ-spouse,Transport-moving,Husband,White,Male,0,0,40,United-States,<=50K
56,Local-gov,305767,HS-grad,9,Married-civ-spouse,Other-service,Husband,Asian-Pac-Islander,Male,0,0,40,China,<=50K
56,Private,345730,Bachelors,13,Married-civ-spouse,Prof-specialty,Husband,White,Male,0,0,45,United-States,>50K
46,Private,180695,Some-college,10,Never-married,Adm-clerical,Own-child,White,Female,0,0,40,United-States,<=50K
37,Private,190964,HS-grad,9,Separated,Exec-managerial,Own-child,White,Male,0,0,40,United-States,<=50K
59,Private,229939,HS-grad,9,Married-civ-spouse,Sales,Husband,White,Male,0,0,40,United-States,<=50K
53,State-gov,281590,HS-grad,9,Married-civ-spouse,Exec-managerial,Wife,White,Female,15024,0,40,United-States,>50K
45,Private,267967,Bachelors,13,Married-civ-spouse,Prof-specialty,Husband,White,Male,0,0,45,United-States,>50K
27,Private,255582,HS-grad,9,Never-married,Machine-op-inspct,Not-in-family,White,Female,0,0,40,United-States,<=50K
43,Self-emp-not-inc,35236,Some-college,10,Married-civ-spouse,Farming-fishing,Husband,White,Male,0,0,84,United-States,<=50K
42,Private,201723,HS-grad,9,Divorced,Adm-clerical,Unmarried,White,Male,0,0,40,United-States,<=50K
34,Private,112584,10th,6,Divorced,Other-service,Unmarried,White,Female,0,0,38,United-States,<=50K
37,Private,224566,HS-grad,9,Never-married,Craft-repair,Unmarried,White,Male,0,0,40,United-States,<=50K
22,Private,126822,Bachelors,13,Never-married,Adm-clerical,Own-child,White,Female,0,0,60,United-States,<=50K
38,Private,234962,HS-grad,9,Married-civ-spouse,Handlers-cleaners,Husband,White,Male,2829,0,30,Mexico,<=50K
17,Private,191260,9th,5,Never-married,Other-service,Own-child,White,Male,1055,0,24,United-States,<=50K
32,Private,198660,Some-college,10,Married-civ-spouse,Craft-repair,Husband,White,Male,0,0,40,United-States,<=50K
23,Private,32616,Bachelors,13,Never-married,Adm-clerical,Own-child,White,Female,0,0,20,United-States,<=50K
49,Self-emp-not-inc,182752,Doctorate,16,Married-civ-spouse,Prof-specialty,Wife,White,Female,0,0,35,United-States,>50K
20,Private,107658,Some-college,10,Never-married,Tech-support,Not-in-family,White,Female,0,0,10,United-States,<=50K
44,Private,164678,Masters,14,Married-civ-spouse,Prof-specialty,Wife,White,Female,0,0,45,United-States,<=50K
36,Private,358373,HS-grad,9,Separated,Machine-op-inspct,Not-in-family,Black,Female,0,0,36,United-States,<=50K
28,Federal-gov,298661,Bachelors,13,Never-married,Tech-support,Not-in-family,Black,Female,0,0,40,United-States,<=50K
38,Private,123833,Some-college,10,Never-married,Other-service,Not-in-family,White,Male,0,1408,40,United-States,<=50K
59,Private,24384,HS-grad,9,Widowed,Priv-house-serv,Not-in-family,White,Female,0,0,40,United-States,<=50K
33,Private,215306,Assoc-voc,11,Never-married,Other-service,Not-in-family,White,Male,0,0,40,Cuba,<=50K
51,Local-gov,74784,Some-college,10,Widowed,Adm-clerical,Not-in-family,White,Female,0,0,40,United-States,<=50K
46,Private,188027,Some-college,10,Never-married,Exec-managerial,Unmarried,White,Female,0,0,45,United-States,<=50K
35,Private,222989,HS-grad,9,Married-civ-spouse,Transport-moving,Husband,White,Male,0,0,30,United-States,<=50K
31,Private,226443,Bachelors,13,Never-married,Prof-specialty,Not-in-family,White,Male,0,0,40,United-States,<=50K
46,Private,90758,Masters,14,Never-married,Tech-support,Not-in-family,White,Male,0,0,35,United-States,>50K
34,Private,73161,HS-grad,9,Married-civ-spouse,Sales,Husband,White,Male,0,0,40,United-States,>50K
31,Private,125457,HS-grad,9,Never-married,Craft-repair,Not-in-family,White,Male,0,0,45,United-States,<=50K
35,Private,180988,Some-college,10,Divorced,Adm-clerical,Unmarried,White,Female,0,0,39,United-States,<=50K
44,Self-emp-not-inc,179557,HS-grad,9,Married-civ-spouse,Exec-managerial,Husband,White,Male,0,1977,45,United-States,>50K
35,Federal-gov,153633,Some-college,10,Never-married,Other-service,Unmarried,Black,Female,0,0,40,United-States,<=50K
27,Federal-gov,46442,Bachelors,13,Never-married,Protective-serv,Not-in-family,White,Female,0,0,35,United-States,<=50K
21,Private,275726,HS-grad,9,Never-married,Craft-repair,Own-child,Black,Male,0,0,40,United-States,<=50K
58,Private,202652,HS-grad,9,Separated,Other-service,Unmarried,White,Female,0,0,40,Dominican-Republic,<=50K
37,Private,51264,Doctorate,16,Married-civ-spouse,Prof-specialty,Husband,White,Male,0,0,99,France,>50K
47,Private,423222,Prof-school,15,Married-civ-spouse,Exec-managerial,Husband,White,Male,0,0,45,United-States,>50K
28,Federal-gov,42003,Some-college,10,Married-civ-spouse,Adm-clerical,Husband,White,Male,0,0,40,United-States,>50K
30,Private,56004,Some-college,10,Never-married,Exec-managerial,Own-child,Black,Female,0,0,40,United-States,<=50K
61,Private,243283,HS-grad,9,Married-civ-spouse,Machine-op-inspct,Husband,White,Male,0,0,40,United-States,<=50K
34,Private,150154,HS-grad,9,Never-married,Adm-clerical,Own-child,White,Male,0,0,40,United-States,<=50K
62,Private,69867,Bachelors,13,Married-civ-spouse,Prof-specialty,Husband,White,Male,0,0,55,United-States,>50K
38,Private,682947,Bachelors,13,Divorced,Exec-managerial,Not-in-family,White,Male,0,0,55,United-States,>50K
37,Private,241174,Bachelors,13,Married-civ-spouse,Prof-specialty,Husband,White,Male,0,0,99,United-States,>50K
53,Private,304504,Some-college,10,Married-civ-spouse,Transport-moving,Husband,White,Male,0,1887,45,United-States,>50K
36,Private,269318,Bachelors,13,Married-civ-spouse,Exec-managerial,Husband,White,Male,0,0,50,United-States,>50K
57,Private,180920,HS-grad,9,Married-civ-spouse,Transport-moving,Husband,White,Male,0,0,40,United-States,>50K
34,Private,146980,HS-grad,9,Married-spouse-absent,Other-service,Unmarried,White,Female,0,0,65,United-States,<=50K
39,State-gov,142897,Assoc-voc,11,Never-married,Exec-managerial,Unmarried,White,Female,0,0,50,United-States,<=50K
23,Private,166527,Some-college,10,Never-married,Exec-managerial,Own-child,Other,Female,0,0,40,United-States,<=50K
24,State-gov,191269,Bachelors,13,Never-married,Adm-clerical,Not-in-family,White,Female,0,0,65,United-States,<=50K
61,Private,98350,Preschool,1,Married-spouse-absent,Other-service,Not-in-family,Asian-Pac-Islander,Male,0,0,40,China,<=50K
38,Private,175972,Some-college,10,Married-civ-spouse,Other-service,Wife,White,Female,0,0,40,United-States,<=50K
40,Self-emp-inc,111483,Bachelors,13,Never-married,Prof-specialty,Own-child,White,Male,0,0,40,United-States,<=50K
49,Private,59612,Some-college,10,Married-civ-spouse,Sales,Husband,White,Male,0,0,44,United-States,<=50K
47,State-gov,100818,HS-grad,9,Married-civ-spouse,Adm-clerical,Wife,White,Female,0,0,40,United-States,>50K
46,Private,182533,Bachelors,13,Never-married,Adm-clerical,Unmarried,Asian-Pac-Islander,Female,0,0,40,Philippines,<=50K
55,Private,223127,9th,5,Married-civ-spouse,Farming-fishing,Husband,White,Male,0,0,40,United-States,<=50K
48,Local-gov,407495,Assoc-acdm,12,Married-civ-spouse,Protective-serv,Husband,White,Male,0,0,56,United-States,>50K
44,Private,115411,Some-college,10,Divorced,Machine-op-inspct,Not-in-family,White,Male,0,0,40,United-States,<=50K
40,State-gov,391736,Assoc-voc,11,Married-civ-spouse,Craft-repair,Husband,White,Male,0,0,40,United-States,<=50K
50,Private,134766,Bachelors,13,Married-civ-spouse,Exec-managerial,Husband,White,Male,0,1902,50,United-States,>50K
23,Private,200973,HS-grad,9,Never-married,Adm-clerical,Own-child,White,Female,0,0,40,United-States,<=50K
32,Private,299635,Assoc-voc,11,Married-civ-spouse,Craft-repair,Husband,White,Male,0,0,45,United-States,<=50K
59,Private,316027,HS-grad,9,Married-civ-spouse,Other-service,Husband,White,Male,0,0,45,Cuba,<=50K
17,Private,178953,12th,8,Never-married,Sales,Own-child,White,Female,0,0,20,United-States,<=50K
28,Private,109001,Masters,14,Married-civ-spouse,Prof-specialty,Husband,White,Male,0,0,38,United-States,>50K
27,Federal-gov,508336,Bachelors,13,Never-married,Exec-managerial,Not-in-family,Black,Male,0,0,48,United-States,<=50K
38,Private,170174,10th,6,Married-civ-spouse,Machine-op-inspct,Husband,White,Male,0,0,40,United-States,>50K
42,Private,66460,Some-college,10,Divorced,Exec-managerial,Unmarried,White,Female,0,0,45,United-States,<=50K
21,Private,153718,Some-college,10,Never-married,Other-service,Not-in-family,Asian-Pac-Islander,Female,0,0,25,United-States,<=50K
28,Private,215014,HS-grad,9,Married-civ-spouse,Transport-moving,Husband,White,Male,0,0,50,United-States,<=50K
34,Private,182401,Assoc-acdm,12,Divorced,Adm-clerical,Not-in-family,Black,Male,0,0,40,United-States,<=50K
19,Private,181020,11th,7,Never-married,Handlers-cleaners,Other-relative,White,Male,0,0,30,United-States,<=50K
56,Private,146660,HS-grad,9,Married-civ-spouse,Craft-repair,Husband,White,Male,0,0,60,United-States,<=50K
24,Private,117167,Some-college,10,Never-married,Other-service,Not-in-family,White,Female,0,0,53,United-States,<=50K
49,Local-gov,170846,Masters,14,Divorced,Exec-managerial,Not-in-family,White,Female,0,0,40,United-States,<=50K
36,Private,30267,HS-grad,9,Married-civ-spouse,Transport-moving,Husband,White,Male,0,0,50,United-States,<=50K
59,Private,127728,Some-college,10,Married-civ-spouse,Tech-support,Husband,White,Male,0,0,40,United-States,>50K
26,Private,136309,Bachelors,13,Never-married,Other-service,Not-in-family,White,Male,0,0,40,United-States,<=50K
26,Private,164488,Masters,14,Married-civ-spouse,Prof-specialty,Husband,White,Male,0,1887,40,United-States,>50K
31,Private,189461,Assoc-acdm,12,Divorced,Adm-clerical,Unmarried,White,Female,0,0,41,United-States,<=50K
46,Private,241935,11th,7,Married-civ-spouse,Other-service,Husband,Black,Male,7688,0,40,United-States,>50K
24,Private,341294,HS-grad,9,Married-civ-spouse,Machine-op-inspct,Husband,White,Male,0,0,40,United-States,<=50K
17,Private,238628,11th,7,Never-married,Other-service,Own-child,White,Female,0,0,5,United-States,<=50K
58,State-gov,280519,HS-grad,9,Divorced,Other-service,Own-child,Black,Male,0,0,40,United-States,<=50K
26,Local-gov,197764,Bachelors,13,Never-married,Prof-specialty,Not-in-family,White,Female,0,0,40,United-States,<=50K
53,Private,240914,Some-college,10,Married-civ-spouse,Craft-repair,Husband,White,Male,0,0,40,United-States,<=50K
57,Private,160275,HS-grad,9,Divorced,Craft-repair,Not-in-family,White,Male,0,0,40,United-States,<=50K
34,Self-emp-not-inc,313729,Bachelors,13,Married-civ-spouse,Sales,Husband,White,Male,0,0,60,United-States,>50K
49,Private,34545,Some-college,10,Married-civ-spouse,Exec-managerial,Husband,White,Male,0,1887,40,United-States,>50K
33,Private,192663,HS-grad,9,Separated,Sales,Not-in-family,White,Female,0,0,35,United-States,<=50K
38,State-gov,134069,Masters,14,Married-civ-spouse,Exec-managerial,Husband,White,Male,7298,0,60,United-States,>50K
50,Private,157043,11th,7,Divorced,Other-service,Not-in-family,Black,Female,0,0,40,United-States,<=50K
47,Self-emp-not-inc,479611,Bachelors,13,Divorced,Sales,Not-in-family,White,Male,0,0,50,United-States,<=50K
48,Private,95661,Some-college,10,Never-married,Adm-clerical,Not-in-family,White,Female,0,0,43,United-States,<=50K
29,Private,241667,Masters,14,Never-married,Prof-specialty,Not-in-family,White,Female,0,0,45,United-States,<=50K
44,Private,317320,Some-college,10,Divorced,Other-service,Unmarried,White,Female,0,0,40,United-States,<=50K
23,Private,53513,Bachelors,13,Never-married,Exec-managerial,Own-child,White,Female,0,0,45,United-States,<=50K
37,Private,83880,Some-college,10,Never-married,Craft-repair,Not-in-family,White,Male,0,0,40,United-States,<=50K
28,Private,153869,11th,7,Married-civ-spouse,Craft-repair,Husband,White,Male,0,0,40,United-States,<=50K
47,Self-emp-inc,212120,HS-grad,9,Married-civ-spouse,Craft-repair,Husband,White,Male,0,0,40,United-States,>50K
38,Private,405284,Bachelors,13,Never-married,Other-service,Own-child,White,Female,0,0,35,United-States,<=50K
61,Federal-gov,160155,Some-college,10,Married-civ-spouse,Exec-managerial,Husband,White,Male,0,0,40,United-States,>50K
20,Private,148509,HS-grad,9,Never-married,Other-service,Not-in-family,White,Female,0,0,40,United-States,<=50K
27,Private,706026,11th,7,Married-civ-spouse,Handlers-cleaners,Husband,White,Male,0,0,40,United-States,<=50K
21,Private,68358,Some-college,10,Never-married,Sales,Own-child,White,Female,0,0,20,United-States,<=50K
27,Private,175262,Bachelors,13,Never-married,Exec-managerial,Own-child,White,Male,0,0,40,United-States,<=50K
41,Private,211731,Some-college,10,Never-married,Adm-clerical,Not-in-family,White,Female,0,0,40,Mexico,<=50K
27,Private,225291,Some-college,10,Never-married,Adm-clerical,Not-in-family,White,Female,0,0,40,United-States,<=50K
18,Private,127827,12th,8,Never-married,Sales,Own-child,White,Female,0,0,25,United-States,<=50K
32,Private,216361,Some-college,10,Married-civ-spouse,Protective-serv,Husband,Black,Male,0,0,16,United-States,<=50K
44,Local-gov,189956,Bachelors,13,Married-civ-spouse,Protective-serv,Wife,Black,Female,15024,0,40,United-States,>50K
32,Private,183811,HS-grad,9,Married-civ-spouse,Handlers-cleaners,Husband,White,Male,2829,0,40,United-States,<=50K
52,Private,118025,Bachelors,13,Married-civ-spouse,Exec-managerial,Husband,White,Male,99999,0,50,United-States,>50K
40,Private,200479,Assoc-voc,11,Married-civ-spouse,Prof-specialty,Husband,White,Male,0,0,40,United-States,<=50K
31,Private,196227,HS-grad,9,Separated,Other-service,Not-in-family,White,Female,0,0,40,United-States,<=50K
41,Private,204410,HS-grad,9,Married-civ-spouse,Craft-repair,Husband,White,Male,0,1485,44,United-States,>50K
37,Private,191754,Bachelors,13,Married-civ-spouse,Adm-clerical,Husband,White,Male,0,0,50,United-States,>50K
47,Federal-gov,96854,Bachelors,13,Married-civ-spouse,Prof-specialty,Husband,White,Male,0,0,40,United-States,>50K
42,Federal-gov,170230,Masters,14,Never-married,Exec-managerial,Not-in-family,White,Female,14084,0,60,United-States,>50K
42,Private,89413,12th,8,Never-married,Farming-fishing,Own-child,White,Male,0,0,40,United-States,<=50K
46,Private,177114,Assoc-acdm,12,Widowed,Prof-specialty,Unmarried,White,Female,0,0,27,United-States,<=50K
42,Private,209392,HS-grad,9,Divorced,Protective-serv,Not-in-family,Black,Male,0,0,35,United-States,<=50K
17,Private,160049,10th,6,Never-married,Other-service,Own-child,White,Female,0,0,12,United-States,<=50K
39,Federal-gov,314822,Some-college,10,Married-civ-spouse,Adm-clerical,Husband,Black,Male,0,0,40,United-States,<=50K
74,Private,145463,1st-4th,2,Widowed,Priv-house-serv,Not-in-family,Black,Female,0,0,15,United-States,<=50K
30,Private,231413,Some-college,10,Married-civ-spouse,Craft-repair,Husband,White,Male,0,0,40,United-States,>50K
74,Federal-gov,181508,HS-grad,9,Widowed,Other-service,Not-in-family,White,Male,0,0,17,United-States,<=50K
35,State-gov,89040,Bachelors,13,Married-civ-spouse,Exec-managerial,Husband,White,Male,0,0,40,United-States,>50K
49,Self-emp-inc,109705,Some-college,10,Divorced,Exec-managerial,Unmarried,White,Female,0,0,32,United-States,<=50K
28,Private,102533,Some-college,10,Separated,Handlers-cleaners,Not-in-family,Black,Male,0,0,40,United-States,<=50K
55,Private,125000,HS-grad,9,Married-civ-spouse,Machine-op-inspct,Husband,White,Male,0,0,40,United-States,>50K
29,Private,297544,HS-grad,9,Married-civ-spouse,Craft-repair,Husband,White,Male,0,0,40,United-States,<=50K
33,Private,343925,HS-grad,9,Never-married,Handlers-cleaners,Not-in-family,Black,Male,0,0,40,Jamaica,<=50K
50,Private,28952,Some-college,10,Married-civ-spouse,Sales,Wife,White,Female,0,0,39,United-States,<=50K
56,Private,183884,11th,7,Married-civ-spouse,Machine-op-inspct,Husband,White,Male,0,0,40,United-States,<=50K
45,Private,543922,Masters,14,Divorced,Transport-moving,Not-in-family,White,Male,14344,0,48,United-States,>50K
34,Private,174789,Bachelors,13,Never-married,Other-service,Not-in-family,White,Male,0,2001,40,United-States,<=50K
28,Self-emp-inc,153291,HS-grad,9,Never-married,Adm-clerical,Own-child,White,Female,0,0,35,United-States,<=50K
47,Self-emp-not-inc,107231,Doctorate,16,Married-civ-spouse,Prof-specialty,Husband,White,Male,0,0,35,United-States,>50K
27,Private,151382,7th-8th,4,Divorced,Machine-op-inspct,Unmarried,White,Male,0,974,40,United-States,<=50K
44,State-gov,395078,HS-grad,9,Divorced,Adm-clerical,Not-in-family,White,Female,0,0,40,United-States,<=50K
27,Private,96219,Bachelors,13,Never-married,Adm-clerical,Not-in-family,White,Female,0,0,45,United-States,<=50K
35,Private,148015,Bachelors,13,Never-married,Sales,Own-child,Black,Female,0,0,40,United-States,<=50K
49,Self-emp-inc,306289,HS-grad,9,Married-civ-spouse,Exec-managerial,Husband,White,Male,0,0,40,United-States,>50K
53,Local-gov,188644,5th-6th,3,Married-civ-spouse,Other-service,Husband,White,Male,0,0,40,Mexico,<=50K
42,Self-emp-not-inc,99185,Some-college,10,Married-civ-spouse,Exec-managerial,Husband,White,Male,0,0,40,United-States,>50K
44,Private,265266,10th,6,Married-civ-spouse,Transport-moving,Husband,White,Male,0,0,40,United-States,<=50K
29,State-gov,95423,Masters,14,Married-civ-spouse,Adm-clerical,Husband,White,Male,0,0,36,United-States,<=50K
30,State-gov,361497,Bachelors,13,Married-civ-spouse,Protective-serv,Husband,White,Male,0,0,72,United-States,>50K
17,Private,369909,10th,6,Never-married,Other-service,Own-child,White,Male,0,0,20,United-States,<=50K
38,Private,106838,HS-grad,9,Married-civ-spouse,Transport-moving,Husband,White,Male,0,0,40,United-States,<=50K
33,Private,268571,Some-college,10,Married-civ-spouse,Other-service,Husband,White,Male,0,0,40,United-States,<=50K
51,Private,84399,HS-grad,9,Married-civ-spouse,Machine-op-inspct,Husband,Black,Male,0,0,40,United-States,<=50K
43,Private,83411,Some-college,10,Married-civ-spouse,Sales,Husband,White,Male,0,0,50,United-States,>50K
30,Private,206046,HS-grad,9,Married-civ-spouse,Craft-repair,Husband,White,Male,0,1848,40,United-States,>50K
27,Private,29732,Bachelors,13,Never-married,Prof-specialty,Not-in-family,White,Female,4865,0,36,United-States,<=50K
65,Private,113323,Bachelors,13,Married-civ-spouse,Exec-managerial,Husband,White,Male,0,0,40,United-States,>50K
58,Self-emp-not-inc,274917,Masters,14,Widowed,Other-service,Not-in-family,White,Female,0,0,15,United-States,<=50K
41,Private,353541,HS-grad,9,Married-civ-spouse,Machine-op-inspct,Husband,White,Male,0,0,40,Mexico,<=50K
43,Federal-gov,175669,Some-college,10,Married-civ-spouse,Adm-clerical,Wife,White,Female,0,0,40,United-States,<=50K
55,Private,110871,Bachelors,13,Married-civ-spouse,Sales,Husband,White,Male,0,0,40,United-States,<=50K
54,Private,171924,HS-grad,9,Married-civ-spouse,Transport-moving,Husband,White,Male,0,0,70,United-States,<=50K
23,Private,35448,Some-college,10,Never-married,Other-service,Unmarried,White,Female,0,0,25,United-States,<=50K
35,Private,77820,Some-college,10,Married-civ-spouse,Craft-repair,Husband,White,Male,0,0,60,United-States,<=50K
46,Local-gov,267588,Bachelors,13,Married-civ-spouse,Prof-specialty,Wife,White,Female,0,0,70,United-States,<=50K
45,Private,160724,HS-grad,9,Married-civ-spouse,Craft-repair,Husband,Asian-Pac-Islander,Male,0,0,40,Vietnam,<=50K
42,Private,242564,7th-8th,4,Never-married,Handlers-cleaners,Not-in-family,Black,Male,0,2205,40,United-States,<=50K
37,Private,126569,Masters,14,Married-civ-spouse,Tech-support,Husband,White,Male,0,0,60,United-States,>50K
24,Private,34568,Assoc-voc,11,Never-married,Transport-moving,Not-in-family,White,Male,0,0,40,United-States,<=50K
44,Private,152629,Bachelors,13,Married-civ-spouse,Adm-clerical,Husband,White,Male,3103,0,40,United-States,>50K
32,Private,340917,Bachelors,13,Never-married,Prof-specialty,Not-in-family,White,Male,0,0,50,United-States,>50K
30,Private,258170,HS-grad,9,Divorced,Adm-clerical,Not-in-family,White,Female,0,0,40,United-States,<=50K
31,Private,66815,HS-grad,9,Married-civ-spouse,Craft-repair,Husband,White,Male,0,0,50,United-States,<=50K
33,Private,276221,Doctorate,16,Married-civ-spouse,Prof-specialty,Husband,White,Male,0,0,40,United-States,<=50K
23,Private,197207,Bachelors,13,Never-married,Prof-specialty,Not-in-family,White,Female,0,0,40,United-States,<=50K
22,Private,184543,Some-college,10,Divorced,Adm-clerical,Unmarried,White,Female,0,0,40,United-States,<=50K
38,Private,207202,HS-grad,9,Married-civ-spouse,Machine-op-inspct,Husband,White,Male,0,0,48,United-States,>50K
58,Private,146477,Masters,14,Married-civ-spouse,Exec-managerial,Husband,White,Male,15024,0,40,Greece,>50K
28,Private,65171,Some-college,10,Married-civ-spouse,Tech-support,Husband,White,Male,0,0,70,United-States,<=50K
28,Private,190911,HS-grad,9,Married-civ-spouse,Craft-repair,Husband,White,Male,0,0,40,United-States,<=50K
54,Self-emp-not-inc,30908,7th-8th,4,Married-civ-spouse,Farming-fishing,Husband,White,Male,0,0,60,United-States,<=50K
17,Private,347322,10th,6,Never-married,Sales,Own-child,White,Female,0,0,20,United-States,<=50K
33,Private,80145,HS-grad,9,Married-civ-spouse,Transport-moving,Husband,White,Male,0,0,60,United-States,<=50K
25,Private,218667,HS-grad,9,Married-civ-spouse,Handlers-cleaners,Husband,White,Male,0,0,40,United-States,<=50K
63,Federal-gov,97855,Masters,14,Married-civ-spouse,Exec-managerial,Husband,White,Male,0,0,50,United-States,>50K
46,Private,585361,9th,5,Divorced,Exec-managerial,Unmarried,White,Female,0,0,40,United-States,<=50K
50,Private,125417,Assoc-acdm,12,Married-civ-spouse,Exec-managerial,Wife,Black,Female,0,0,40,United-States,>50K
37,Self-emp-not-inc,362062,Prof-school,15,Married-civ-spouse,Prof-specialty,Husband,White,Male,99999,0,50,United-States,>50K
42,Self-emp-not-inc,269733,Masters,14,Married-civ-spouse,Sales,Husband,White,Male,99999,0,80,United-States,>50K
25,Private,352057,HS-grad,9,Never-married,Transport-moving,Not-in-family,White,Male,0,0,65,United-States,<=50K
39,Private,108140,Masters,14,Married-civ-spouse,Exec-managerial,Husband,White,Male,0,0,50,United-States,>50K
19,Private,166153,HS-grad,9,Never-married,Sales,Own-child,White,Female,0,0,30,United-States,<=50K
19,Private,331433,HS-grad,9,Never-married,Protective-serv,Not-in-family,White,Male,0,0,32,United-States,<=50K
40,Private,163434,Some-college,10,Married-civ-spouse,Handlers-cleaners,Husband,White,Male,0,0,40,United-States,<=50K
57,Private,223214,HS-grad,9,Married-civ-spouse,Sales,Husband,White,Male,0,0,50,United-States,<=50K
28,Private,76129,HS-grad,9,Never-married,Machine-op-inspct,Unmarried,White,Female,0,0,40,Guatemala,<=50K
47,Private,198200,Bachelors,13,Never-married,Exec-managerial,Not-in-family,White,Male,0,0,50,United-States,<=50K
51,Private,234057,HS-grad,9,Married-civ-spouse,Craft-repair,Husband,White,Male,0,0,45,United-States,>50K
25,Private,240676,Some-college,10,Divorced,Tech-support,Own-child,White,Female,0,0,40,United-States,<=50K
45,Private,140644,HS-grad,9,Married-civ-spouse,Machine-op-inspct,Husband,White,Male,0,0,40,United-States,<=50K
28,Private,365411,9th,5,Married-civ-spouse,Machine-op-inspct,Husband,White,Male,0,0,42,United-States,<=50K
38,Private,186191,Bachelors,13,Never-married,Prof-specialty,Own-child,White,Male,0,0,40,United-States,<=50K
26,Private,73312,11th,7,Never-married,Machine-op-inspct,Unmarried,White,Female,0,0,15,United-States,<=50K
51,Self-emp-inc,338836,Some-college,10,Married-civ-spouse,Exec-managerial,Husband,White,Male,0,0,40,United-States,>50K
49,Self-emp-not-inc,171540,Some-college,10,Married-civ-spouse,Farming-fishing,Husband,White,Male,0,0,60,United-States,<=50K
38,Private,165848,Bachelors,13,Married-civ-spouse,Sales,Husband,White,Male,0,0,44,United-States,<=50K
50,Private,104501,HS-grad,9,Married-civ-spouse,Craft-repair,Husband,White,Male,0,0,40,United-States,>50K
51,Local-gov,143865,10th,6,Widowed,Other-service,Not-in-family,White,Female,0,0,24,United-States,<=50K
29,Self-emp-not-inc,169662,HS-grad,9,Married-civ-spouse,Craft-repair,Husband,White,Male,0,0,40,United-States,<=50K
34,Private,181091,Bachelors,13,Married-civ-spouse,Exec-managerial,Husband,White,Male,0,1977,45,United-States,>50K
26,Private,151810,10th,6,Never-married,Farming-fishing,Not-in-family,Black,Male,0,0,40,United-States,<=50K
20,Private,283969,Some-college,10,Never-married,Handlers-cleaners,Other-relative,White,Male,0,0,15,United-States,<=50K
40,Private,220609,Some-college,10,Divorced,Exec-managerial,Not-in-family,White,Female,0,0,40,United-States,<=50K
20,Private,174063,Some-college,10,Never-married,Other-service,Own-child,White,Female,0,0,40,United-States,<=50K
44,Private,160574,HS-grad,9,Married-civ-spouse,Craft-repair,Husband,White,Male,0,0,65,United-States,>50K
46,Private,26781,HS-grad,9,Married-civ-spouse,Craft-repair,Husband,Amer-Indian-Eskimo,Male,0,0,40,United-States,<=50K
48,Private,176140,11th,7,Divorced,Other-service,Unmarried,Black,Female,0,0,40,United-States,<=50K
30,Local-gov,44566,Bachelors,13,Married-civ-spouse,Prof-specialty,Husband,White,Male,0,0,80,United-States,<=50K
42,Local-gov,201495,Some-college,10,Married-civ-spouse,Protective-serv,Husband,White,Male,0,0,72,United-States,>50K
47,Private,246396,HS-grad,9,Married-civ-spouse,Adm-clerical,Husband,White,Male,0,0,40,Mexico,<=50K
57,Private,390856,5th-6th,3,Married-civ-spouse,Farming-fishing,Husband,White,Male,0,0,45,Mexico,<=50K
21,Private,305874,Some-college,10,Married-civ-spouse,Other-service,Husband,White,Male,0,0,40,United-States,<=50K
35,State-gov,483530,Some-college,10,Divorced,Tech-support,Unmarried,White,Female,0,0,40,United-States,<=50K
77,Private,117898,Bachelors,13,Married-civ-spouse,Exec-managerial,Husband,White,Male,0,0,50,United-States,>50K
35,Self-emp-not-inc,216256,9th,5,Married-civ-spouse,Craft-repair,Husband,White,Male,0,0,50,United-States,<=50K
32,Private,184833,10th,6,Separated,Craft-repair,Unmarried,White,Female,0,0,40,United-States,<=50K
36,Private,51089,Bachelors,13,Never-married,Craft-repair,Not-in-family,White,Male,0,0,60,United-States,<=50K
29,Private,308944,HS-grad,9,Married-spouse-absent,Craft-repair,Not-in-family,White,Male,0,0,40,United-States,<=50K
23,Private,263886,Some-college,10,Never-married,Sales,Not-in-family,Black,Female,0,0,20,United-States,<=50K
20,Private,180052,Some-college,10,Never-married,Sales,Own-child,White,Male,0,0,20,United-States,<=50K
49,Private,87928,HS-grad,9,Married-civ-spouse,Adm-clerical,Husband,White,Male,0,0,40,United-States,>50K
33,Private,122116,HS-grad,9,Married-civ-spouse,Sales,Husband,White,Male,0,0,45,United-States,<=50K
28,Private,138692,Some-college,10,Never-married,Craft-repair,Own-child,White,Male,0,0,50,United-States,<=50K
34,Local-gov,177675,Some-college,10,Never-married,Protective-serv,Not-in-family,White,Male,0,0,50,United-States,>50K
38,Private,207202,HS-grad,9,Married-civ-spouse,Machine-op-inspct,Husband,White,Male,0,0,48,United-States,>50K
32,Private,188246,Some-college,10,Married-civ-spouse,Sales,Husband,White,Male,0,0,40,United-States,>50K
29,Private,233168,Bachelors,13,Married-civ-spouse,Prof-specialty,Wife,White,Female,0,0,46,United-States,>50K
56,State-gov,93415,HS-grad,9,Widowed,Adm-clerical,Unmarried,Asian-Pac-Islander,Female,0,0,40,United-States,<=50K
43,Self-emp-not-inc,64112,Some-college,10,Married-civ-spouse,Farming-fishing,Husband,White,Male,0,0,50,United-States,<=50K
32,Private,130057,Bachelors,13,Married-civ-spouse,Exec-managerial,Husband,White,Male,0,0,45,United-States,>50K
55,Local-gov,110490,Bachelors,13,Married-civ-spouse,Prof-specialty,Wife,White,Female,0,0,60,United-States,<=50K
43,Private,403276,HS-grad,9,Married-civ-spouse,Craft-repair,Husband,White,Male,0,0,40,United-States,<=50K
40,Private,71738,Masters,14,Married-civ-spouse,Exec-managerial,Husband,White,Male,0,0,46,United-States,>50K
62,Local-gov,114045,HS-grad,9,Divorced,Other-service,Not-in-family,White,Female,0,0,35,United-States,<=50K
41,Local-gov,36924,Some-college,10,Married-civ-spouse,Adm-clerical,Husband,White,Male,0,0,40,United-States,>50K
53,Self-emp-inc,148532,Bachelors,13,Married-civ-spouse,Sales,Husband,White,Male,0,0,60,United-States,>50K
33,Private,133503,HS-grad,9,Married-civ-spouse,Protective-serv,Husband,White,Male,2635,0,16,United-States,<=50K
33,Self-emp-not-inc,310525,12th,8,Never-married,Craft-repair,Not-in-family,Black,Male,0,0,32,United-States,<=50K
36,Private,218490,Assoc-voc,11,Married-civ-spouse,Sales,Husband,White,Male,0,0,60,United-States,<=50K
27,Private,114158,Assoc-voc,11,Never-married,Adm-clerical,Own-child,White,Female,0,0,35,United-States,<=50K
40,Private,336707,Assoc-voc,11,Separated,Craft-repair,Not-in-family,White,Female,0,0,60,United-States,<=50K
48,Private,145041,HS-grad,9,Never-married,Machine-op-inspct,Other-relative,White,Male,0,0,40,Dominican-Republic,<=50K
56,Self-emp-inc,205601,Doctorate,16,Married-civ-spouse,Prof-specialty,Husband,White,Male,99999,0,70,United-States,>50K
44,Private,278476,Some-college,10,Married-civ-spouse,Sales,Husband,White,Male,0,0,60,United-States,>50K
62,Self-emp-not-inc,204085,Some-college,10,Married-civ-spouse,Sales,Husband,White,Male,0,0,25,United-States,<=50K
54,Private,115912,Some-college,10,Married-civ-spouse,Craft-repair,Husband,White,Male,0,0,40,United-States,<=50K
50,Private,92969,1st-4th,2,Separated,Prof-specialty,Unmarried,Black,Female,0,0,40,United-States,<=50K
49,Private,151107,HS-grad,9,Never-married,Craft-repair,Not-in-family,Black,Male,0,0,40,United-States,<=50K
43,Private,207685,HS-grad,9,Married-civ-spouse,Machine-op-inspct,Husband,White,Male,0,0,40,United-States,<=50K
62,Self-emp-not-inc,182998,7th-8th,4,Married-civ-spouse,Craft-repair,Husband,White,Male,0,0,10,United-States,<=50K
25,Private,248990,1st-4th,2,Never-married,Machine-op-inspct,Not-in-family,White,Male,0,0,24,Mexico,<=50K
29,Private,341846,Masters,14,Never-married,Prof-specialty,Not-in-family,White,Female,0,0,50,United-States,<=50K
23,Private,201138,Some-college,10,Never-married,Adm-clerical,Not-in-family,White,Female,0,0,8,United-States,<=50K
34,Private,33945,HS-grad,9,Divorced,Craft-repair,Not-in-family,White,Male,6849,0,55,United-States,<=50K
34,Private,300681,Some-college,10,Married-civ-spouse,Prof-specialty,Husband,Black,Male,0,0,40,Jamaica,>50K
33,State-gov,291494,Doctorate,16,Married-civ-spouse,Prof-specialty,Husband,White,Male,0,0,50,United-States,>50K
25,Private,161478,Bachelors,13,Never-married,Prof-specialty,Not-in-family,Asian-Pac-Islander,Female,0,0,40,United-States,<=50K
25,State-gov,152035,Assoc-acdm,12,Never-married,Adm-clerical,Own-child,White,Female,0,0,40,United-States,<=50K
30,Self-emp-not-inc,176185,Some-college,10,Married-spouse-absent,Craft-repair,Own-child,White,Male,0,0,60,United-States,>50K
17,Private,217342,10th,6,Never-married,Sales,Own-child,White,Female,0,0,5,United-States,<=50K
64,Self-emp-not-inc,192695,5th-6th,3,Married-civ-spouse,Farming-fishing,Husband,White,Male,0,0,70,Canada,<=50K
49,Private,146268,Some-college,10,Married-civ-spouse,Craft-repair,Husband,White,Male,0,0,40,United-States,<=50K
46,Local-gov,272780,Some-college,10,Married-civ-spouse,Prof-specialty,Husband,White,Male,0,0,24,United-States,<=50K
43,Private,236985,HS-grad,9,Married-civ-spouse,Craft-repair,Husband,Black,Male,0,0,40,United-States,<=50K
32,Private,236543,12th,8,Married-civ-spouse,Craft-repair,Other-relative,White,Male,0,0,40,Mexico,<=50K
37,State-gov,166744,HS-grad,9,Married-spouse-absent,Other-service,Unmarried,White,Female,0,0,20,United-States,<=50K
32,Private,286689,Assoc-acdm,12,Married-civ-spouse,Tech-support,Husband,White,Male,0,0,42,United-States,>50K
54,Private,212960,Bachelors,13,Married-civ-spouse,Sales,Husband,White,Male,0,0,35,United-States,>50K
39,Private,138192,Bachelors,13,Married-civ-spouse,Craft-repair,Husband,White,Male,0,0,40,United-States,>50K
51,Private,339905,HS-grad,9,Married-civ-spouse,Sales,Husband,White,Male,7688,0,40,United-States,>50K
31,Private,151053,Some-college,10,Married-civ-spouse,Transport-moving,Husband,White,Male,5178,0,40,United-States,>50K
26,Private,53598,Some-college,10,Never-married,Adm-clerical,Not-in-family,White,Female,0,0,40,United-States,<=50K
33,Private,110978,Some-college,10,Divorced,Craft-repair,Other-relative,Other,Female,0,0,40,United-States,<=50K
29,Private,115677,Bachelors,13,Never-married,Tech-support,Not-in-family,White,Male,0,0,40,United-States,<=50K
17,Private,57723,11th,7,Never-married,Sales,Own-child,White,Male,0,0,30,United-States,<=50K
41,Private,384508,Bachelors,13,Married-civ-spouse,Prof-specialty,Husband,White,Male,0,0,40,United-States,>50K
41,Private,299505,HS-grad,9,Separated,Craft-repair,Not-in-family,Black,Male,0,0,40,United-States,<=50K
46,Private,147640,5th-6th,3,Married-civ-spouse,Transport-moving,Husband,Amer-Indian-Eskimo,Male,0,1902,40,United-States,<=50K
19,Self-emp-not-inc,227310,Some-college,10,Never-married,Other-service,Own-child,White,Female,0,0,25,United-States,<=50K
38,Local-gov,172855,Bachelors,13,Married-civ-spouse,Prof-specialty,Wife,Black,Female,0,1887,40,United-States,>50K
63,Self-emp-not-inc,29859,7th-8th,4,Married-civ-spouse,Farming-fishing,Husband,White,Male,7688,0,60,United-States,>50K
39,Private,147258,10th,6,Married-civ-spouse,Craft-repair,Husband,White,Male,0,0,40,United-States,<=50K
44,Private,79531,HS-grad,9,Married-civ-spouse,Craft-repair,Husband,White,Male,0,0,45,United-States,<=50K
37,Private,173128,HS-grad,9,Divorced,Other-service,Not-in-family,White,Male,0,0,40,United-States,<=50K
44,Self-emp-not-inc,195486,HS-grad,9,Married-civ-spouse,Sales,Husband,Black,Male,0,0,70,Jamaica,<=50K
47,Self-emp-inc,79627,Prof-school,15,Divorced,Prof-specialty,Not-in-family,White,Male,27828,0,50,United-States,>50K
56,State-gov,175057,Bachelors,13,Married-civ-spouse,Exec-managerial,Husband,White,Male,0,0,40,United-States,<=50K
67,Self-emp-inc,106175,Bachelors,13,Married-civ-spouse,Exec-managerial,Husband,White,Male,0,2392,75,United-States,>50K
37,Federal-gov,22201,Bachelors,13,Married-civ-spouse,Adm-clerical,Husband,Asian-Pac-Islander,Male,7298,0,40,Philippines,>50K
43,Private,141858,11th,7,Married-civ-spouse,Handlers-cleaners,Husband,White,Male,0,0,40,United-States,<=50K
29,Private,207064,HS-grad,9,Married-civ-spouse,Craft-repair,Husband,White,Male,0,0,40,United-States,>50K
29,Private,301031,HS-grad,9,Married-civ-spouse,Transport-moving,Husband,Black,Male,0,0,40,United-States,<=50K
40,Private,153238,Bachelors,13,Married-civ-spouse,Exec-managerial,Husband,White,Male,0,1902,32,United-States,>50K
28,Private,282389,HS-grad,9,Never-married,Transport-moving,Not-in-family,White,Male,0,0,60,United-States,<=50K
38,Self-emp-not-inc,198867,11th,7,Married-civ-spouse,Craft-repair,Husband,White,Male,0,0,40,United-States,<=50K
45,Private,513660,Bachelors,13,Never-married,Prof-specialty,Not-in-family,White,Male,0,0,40,United-States,<=50K
32,Private,295282,HS-grad,9,Married-civ-spouse,Craft-repair,Husband,White,Male,0,0,48,United-States,<=50K
22,Private,231085,Some-college,10,Never-married,Other-service,Own-child,White,Male,0,0,30,United-States,<=50K
49,Private,240869,7th-8th,4,Never-married,Other-service,Other-relative,White,Male,0,0,35,United-States,<=50K
45,Private,140644,HS-grad,9,Married-civ-spouse,Sales,Husband,White,Male,0,0,50,United-States,>50K
37,Private,128715,Bachelors,13,Married-civ-spouse,Exec-managerial,Husband,White,Male,0,0,60,United-States,>50K
30,Self-emp-not-inc,45427,Assoc-voc,11,Divorced,Craft-repair,Not-in-family,White,Male,0,0,49,United-States,<=50K
27,Self-emp-not-inc,404998,Assoc-voc,11,Never-married,Craft-repair,Own-child,White,Male,0,0,40,United-States,<=50K
50,Self-emp-not-inc,27539,Some-college,10,Married-civ-spouse,Farming-fishing,Husband,White,Male,7688,0,40,United-States,>50K
39,Federal-gov,472166,Some-college,10,Divorced,Exec-managerial,Unmarried,Black,Female,0,0,40,United-States,<=50K
54,Private,115284,Bachelors,13,Divorced,Exec-managerial,Unmarried,White,Male,0,0,45,United-States,>50K
47,Federal-gov,98726,Bachelors,13,Married-spouse-absent,Exec-managerial,Not-in-family,White,Female,0,0,40,United-States,<=50K
47,Private,89146,HS-grad,9,Married-civ-spouse,Transport-moving,Husband,Amer-Indian-Eskimo,Male,0,0,40,United-States,>50K
26,Private,102476,Bachelors,13,Never-married,Adm-clerical,Own-child,White,Male,0,0,25,United-States,<=50K
47,Private,160647,HS-grad,9,Never-married,Farming-fishing,Unmarried,White,Female,0,0,46,United-States,<=50K
50,Self-emp-inc,123429,Bachelors,13,Married-civ-spouse,Prof-specialty,Husband,White,Male,0,0,45,Italy,>50K
28,Private,44767,Bachelors,13,Never-married,Exec-managerial,Own-child,White,Male,0,0,50,United-States,>50K
43,Local-gov,598995,Bachelors,13,Divorced,Prof-specialty,Unmarried,Black,Female,0,0,42,United-States,<=50K
47,Private,28035,Bachelors,13,Married-civ-spouse,Exec-managerial,Husband,White,Male,0,0,50,United-States,>50K
46,Local-gov,297759,Some-college,10,Divorced,Tech-support,Not-in-family,White,Female,0,0,40,United-States,<=50K
39,Private,141584,Masters,14,Never-married,Sales,Not-in-family,White,Male,0,2444,45,United-States,>50K
26,Private,208122,Some-college,10,Divorced,Handlers-cleaners,Not-in-family,White,Male,0,0,45,United-States,<=50K
45,Self-emp-inc,281911,HS-grad,9,Married-civ-spouse,Craft-repair,Husband,White,Male,0,0,48,United-States,<=50K
25,Private,469697,Some-college,10,Married-civ-spouse,Craft-repair,Own-child,White,Male,0,0,40,United-States,<=50K
19,Private,198943,Some-college,10,Never-married,Other-service,Own-child,White,Female,0,0,35,United-States,<=50K
18,Private,89419,HS-grad,9,Never-married,Tech-support,Own-child,White,Female,0,0,10,United-States,<=50K
24,Self-emp-inc,165474,Bachelors,13,Never-married,Sales,Own-child,White,Male,0,0,40,United-States,<=50K
56,Private,170070,HS-grad,9,Married-civ-spouse,Exec-managerial,Wife,White,Female,0,0,40,United-States,>50K
35,Self-emp-not-inc,233533,Bachelors,13,Separated,Craft-repair,Not-in-family,White,Male,0,0,65,United-States,<=50K
33,Private,189710,7th-8th,4,Married-civ-spouse,Farming-fishing,Husband,White,Male,0,0,45,Mexico,<=50K
41,Private,347653,Prof-school,15,Married-civ-spouse,Prof-specialty,Husband,White,Male,0,1977,50,United-States,>50K
28,Private,186239,Some-college,10,Never-married,Adm-clerical,Unmarried,Black,Female,0,0,40,United-States,<=50K
25,Private,66935,HS-grad,9,Never-married,Craft-repair,Not-in-family,White,Male,0,0,35,United-States,<=50K
54,Private,101890,HS-grad,9,Widowed,Sales,Unmarried,White,Female,0,0,40,United-States,<=50K
58,Private,83542,HS-grad,9,Never-married,Other-service,Not-in-family,White,Male,0,0,40,United-States,<=50K
19,Local-gov,167816,HS-grad,9,Divorced,Exec-managerial,Not-in-family,White,Female,0,0,35,United-States,<=50K
48,Private,180446,10th,6,Married-civ-spouse,Machine-op-inspct,Husband,Black,Male,0,0,40,United-States,<=50K
32,Private,137076,Some-college,10,Married-civ-spouse,Sales,Husband,White,Male,0,0,40,United-States,<=50K
31,Local-gov,158092,Some-college,10,Never-married,Adm-clerical,Own-child,White,Female,0,0,35,United-States,<=50K
21,Private,57916,HS-grad,9,Never-married,Protective-serv,Own-child,White,Male,0,0,40,United-States,<=50K
38,Private,64875,Some-college,10,Never-married,Farming-fishing,Unmarried,White,Male,0,0,60,United-States,<=50K
31,Local-gov,357954,Assoc-acdm,12,Never-married,Tech-support,Not-in-family,White,Male,0,0,20,United-States,<=50K
43,Self-emp-inc,35662,Doctorate,16,Married-civ-spouse,Prof-specialty,Wife,White,Female,0,0,70,United-States,>50K
49,Self-emp-not-inc,355978,Prof-school,15,Married-civ-spouse,Prof-specialty,Husband,White,Male,99999,0,35,United-States,>50K
50,Private,193374,1st-4th,2,Married-spouse-absent,Craft-repair,Unmarried,White,Male,0,0,40,United-States,<=50K
33,Private,336061,HS-grad,9,Married-civ-spouse,Exec-managerial,Husband,White,Male,0,0,50,United-States,<=50K
31,Private,209276,HS-grad,9,Married-civ-spouse,Other-service,Husband,Other,Male,0,0,40,United-States,<=50K
20,Federal-gov,119156,HS-grad,9,Never-married,Adm-clerical,Other-relative,White,Male,0,0,20,United-States,<=50K
28,Private,184831,Some-college,10,Never-married,Craft-repair,Unmarried,White,Male,0,0,40,United-States,<=50K
67,Self-emp-not-inc,116057,HS-grad,9,Divorced,Exec-managerial,Not-in-family,White,Female,3273,0,16,United-States,<=50K
29,Private,289960,HS-grad,9,Married-civ-spouse,Machine-op-inspct,Husband,White,Male,0,0,48,United-States,<=50K
49,Private,353824,Some-college,10,Divorced,Prof-specialty,Not-in-family,White,Male,0,0,45,United-States,>50K
45,Private,83064,Bachelors,13,Married-civ-spouse,Sales,Husband,White,Male,0,0,50,United-States,<=50K
21,Private,197747,Some-college,10,Never-married,Sales,Own-child,White,Female,0,0,24,United-States,<=50K
52,Local-gov,205767,Masters,14,Married-civ-spouse,Prof-specialty,Husband,Black,Male,0,0,40,United-States,>50K
47,Self-emp-inc,139268,Prof-school,15,Married-civ-spouse,Prof-specialty,Husband,White,Male,0,1977,60,United-States,>50K
36,Private,160035,HS-grad,9,Married-civ-spouse,Craft-repair,Husband,White,Male,3908,0,55,United-States,<=50K
30,Private,340917,Some-college,10,Married-civ-spouse,Machine-op-inspct,Husband,White,Male,0,0,40,United-States,<=50K
28,Local-gov,251854,Some-college,10,Never-married,Adm-clerical,Unmarried,Black,Female,0,0,40,United-States,<=50K
48,Private,238726,HS-grad,9,Widowed,Adm-clerical,Unmarried,White,Female,0,0,40,United-States,<=50K
60,Private,184242,HS-grad,9,Married-spouse-absent,Other-service,Unmarried,White,Female,0,0,20,United-States,<=50K
53,Private,154891,9th,5,Married-civ-spouse,Transport-moving,Husband,White,Male,0,0,40,United-States,<=50K
38,Self-emp-not-inc,67317,Bachelors,13,Married-civ-spouse,Farming-fishing,Husband,White,Male,0,0,60,United-States,<=50K
46,Private,85109,Some-college,10,Married-civ-spouse,Machine-op-inspct,Husband,White,Male,0,1628,40,United-States,<=50K
39,Private,48915,HS-grad,9,Married-civ-spouse,Machine-op-inspct,Husband,White,Male,0,0,40,United-States,>50K
38,Local-gov,86643,Bachelors,13,Married-civ-spouse,Prof-specialty,Husband,White,Male,0,0,45,United-States,>50K
31,Private,176410,HS-grad,9,Never-married,Other-service,Own-child,White,Female,0,0,38,United-States,<=50K
28,Private,210867,11th,7,Divorced,Sales,Own-child,White,Male,0,0,40,United-States,<=50K
53,Private,104501,Bachelors,13,Married-civ-spouse,Exec-managerial,Husband,White,Male,0,1902,55,United-States,>50K
21,Private,301199,Some-college,10,Never-married,Machine-op-inspct,Own-child,White,Female,0,0,40,United-States,<=50K
56,Private,279340,11th,7,Separated,Other-service,Not-in-family,Black,Female,0,0,40,United-States,<=50K
52,Self-emp-not-inc,217210,HS-grad,9,Widowed,Other-service,Other-relative,Black,Female,0,0,40,United-States,<=50K
63,Private,219540,HS-grad,9,Divorced,Craft-repair,Not-in-family,White,Female,0,0,40,United-States,<=50K
46,State-gov,248895,Bachelors,13,Married-civ-spouse,Exec-managerial,Husband,White,Male,0,0,40,United-States,>50K
22,Private,205970,10th,6,Separated,Other-service,Unmarried,White,Female,0,0,35,United-States,<=50K
21,Private,117606,Some-college,10,Never-married,Prof-specialty,Not-in-family,White,Female,0,0,40,United-States,<=50K
57,Private,89182,HS-grad,9,Widowed,Adm-clerical,Not-in-family,White,Female,0,0,40,United-States,<=50K
24,Private,190015,HS-grad,9,Never-married,Sales,Own-child,White,Male,0,0,40,United-States,<=50K
51,Private,207449,Bachelors,13,Married-civ-spouse,Exec-managerial,Husband,White,Male,0,0,55,United-States,<=50K
53,Self-emp-not-inc,291755,Some-college,10,Married-civ-spouse,Transport-moving,Husband,White,Male,0,0,72,United-States,<=50K
53,Federal-gov,117847,Assoc-acdm,12,Married-civ-spouse,Adm-clerical,Husband,White,Male,0,0,40,United-States,<=50K
33,Self-emp-not-inc,48702,Assoc-voc,11,Married-civ-spouse,Farming-fishing,Husband,White,Male,0,0,65,United-States,<=50K
68,Private,145638,Some-college,10,Divorced,Sales,Not-in-family,White,Female,0,0,40,United-States,<=50K
45,Private,192323,Assoc-acdm,12,Married-civ-spouse,Craft-repair,Husband,White,Male,0,0,66,Yugoslavia,<=50K
38,Private,234807,Bachelors,13,Married-civ-spouse,Exec-managerial,Wife,White,Female,0,0,50,United-States,>50K
41,Self-emp-not-inc,38876,Assoc-voc,11,Married-civ-spouse,Farming-fishing,Husband,White,Male,0,0,60,United-States,<=50K
33,Private,164190,Masters,14,Never-married,Prof-specialty,Own-child,White,Male,0,0,20,United-States,<=50K
53,Local-gov,103995,Bachelors,13,Divorced,Prof-specialty,Not-in-family,White,Female,0,1876,54,United-States,<=50K
24,Local-gov,32950,Bachelors,13,Never-married,Prof-specialty,Not-in-family,White,Male,0,0,35,United-States,<=50K
44,Federal-gov,244054,Some-college,10,Divorced,Exec-managerial,Unmarried,White,Male,0,0,60,United-States,>50K
49,Private,332355,HS-grad,9,Married-civ-spouse,Exec-managerial,Husband,White,Male,0,0,40,United-States,<=50K
52,Private,156953,HS-grad,9,Married-civ-spouse,Handlers-cleaners,Husband,White,Male,0,0,40,United-States,>50K
20,Private,47678,HS-grad,9,Never-married,Craft-repair,Own-child,White,Male,0,0,40,United-States,<=50K
33,Local-gov,169652,Assoc-voc,11,Never-married,Adm-clerical,Own-child,White,Male,0,1669,55,United-States,<=50K
52,Private,286342,HS-grad,9,Divorced,Machine-op-inspct,Not-in-family,White,Female,0,0,38,United-States,<=50K
61,Private,199198,7th-8th,4,Widowed,Other-service,Not-in-family,Black,Female,0,0,21,United-States,<=50K
38,Private,165930,HS-grad,9,Married-civ-spouse,Craft-repair,Husband,White,Male,0,0,40,United-States,<=50K
54,Federal-gov,27432,HS-grad,9,Married-civ-spouse,Adm-clerical,Husband,White,Male,0,0,40,United-States,>50K
43,Federal-gov,325706,Prof-school,15,Married-civ-spouse,Prof-specialty,Husband,Asian-Pac-Islander,Male,0,0,50,India,>50K
42,Private,211253,Bachelors,13,Divorced,Exec-managerial,Unmarried,White,Female,0,0,40,United-States,<=50K
54,Private,185407,HS-grad,9,Married-civ-spouse,Craft-repair,Husband,White,Male,7688,0,40,United-States,>50K
24,Private,141113,7th-8th,4,Married-civ-spouse,Sales,Husband,White,Male,2580,0,40,United-States,<=50K
31,Federal-gov,207301,HS-grad,9,Married-civ-spouse,Adm-clerical,Wife,White,Female,0,0,40,United-States,>50K
34,Self-emp-inc,200689,Bachelors,13,Divorced,Sales,Unmarried,White,Female,0,0,40,United-States,<=50K
36,Private,280169,Masters,14,Married-civ-spouse,Exec-managerial,Husband,White,Male,0,0,50,United-States,>50K
59,Private,31782,10th,6,Married-civ-spouse,Transport-moving,Husband,White,Male,0,0,45,United-States,>50K
49,Local-gov,116163,Bachelors,13,Divorced,Prof-specialty,Unmarried,White,Female,0,0,50,France,<=50K
76,Private,316185,7th-8th,4,Widowed,Protective-serv,Not-in-family,White,Female,0,0,12,United-States,<=50K
39,Self-emp-inc,117555,Bachelors,13,Married-civ-spouse,Exec-managerial,Husband,White,Male,0,0,60,United-States,>50K
47,Private,139145,Some-college,10,Divorced,Adm-clerical,Not-in-family,White,Female,0,0,60,United-States,<=50K
28,Federal-gov,188278,Bachelors,13,Never-married,Protective-serv,Not-in-family,White,Male,0,0,50,United-States,<=50K
47,Self-emp-not-inc,255934,Some-college,10,Married-civ-spouse,Exec-managerial,Husband,White,Male,0,0,80,United-States,<=50K
29,Private,50028,Some-college,10,Married-civ-spouse,Other-service,Husband,White,Male,0,0,40,United-States,<=50K
58,Private,234328,Bachelors,13,Divorced,Sales,Not-in-family,White,Male,0,0,40,United-States,<=50K
42,Private,70055,HS-grad,9,Married-civ-spouse,Handlers-cleaners,Husband,White,Male,0,0,40,United-States,<=50K
34,Self-emp-inc,544268,HS-grad,9,Divorced,Sales,Not-in-family,White,Female,0,0,50,United-States,<=50K
37,Private,70282,Assoc-acdm,12,Never-married,Sales,Unmarried,Black,Female,0,0,40,United-States,<=50K
38,Private,287701,11th,7,Married-civ-spouse,Handlers-cleaners,Husband,White,Male,0,0,48,United-States,>50K
28,Private,38309,Assoc-voc,11,Married-civ-spouse,Adm-clerical,Husband,White,Male,2407,0,40,United-States,<=50K
27,Private,156266,HS-grad,9,Never-married,Sales,Own-child,Amer-Indian-Eskimo,Male,0,0,20,United-States,<=50K
48,Private,131309,Masters,14,Married-civ-spouse,Prof-specialty,Husband,White,Male,0,0,45,United-States,>50K
44,Private,222434,HS-grad,9,Divorced,Machine-op-inspct,Own-child,White,Male,0,0,40,United-States,<=50K
57,Self-emp-inc,199768,HS-grad,9,Married-civ-spouse,Sales,Husband,White,Male,0,1902,30,United-States,>50K
27,Private,391468,11th,7,Divorced,Craft-repair,Own-child,White,Male,0,0,40,United-States,<=50K
49,Self-emp-inc,119565,Masters,14,Married-civ-spouse,Sales,Husband,White,Male,0,0,40,United-States,>50K
28,Private,199998,HS-grad,9,Separated,Other-service,Not-in-family,White,Female,0,0,25,United-States,<=50K
52,State-gov,314627,Masters,14,Divorced,Prof-specialty,Not-in-family,Asian-Pac-Islander,Female,0,0,40,United-States,<=50K
33,State-gov,111994,Some-college,10,Divorced,Adm-clerical,Unmarried,White,Female,0,0,45,United-States,<=50K
34,Private,204461,Bachelors,13,Married-civ-spouse,Prof-specialty,Husband,White,Male,0,0,55,United-States,>50K
58,Private,238438,Some-college,10,Married-civ-spouse,Prof-specialty,Husband,White,Male,0,0,42,United-States,<=50K
19,Private,38294,HS-grad,9,Never-married,Handlers-cleaners,Other-relative,White,Male,2597,0,40,United-States,<=50K
43,Local-gov,269733,HS-grad,9,Separated,Other-service,Not-in-family,White,Male,0,0,40,United-States,<=50K
49,Private,268090,Bachelors,13,Married-civ-spouse,Sales,Husband,White,Male,0,0,26,United-States,>50K
18,Private,107277,11th,7,Never-married,Sales,Own-child,White,Female,0,0,20,United-States,<=50K
30,Private,247444,Some-college,10,Married-civ-spouse,Machine-op-inspct,Husband,White,Male,0,0,40,Nicaragua,<=50K
25,Private,89625,HS-grad,9,Never-married,Adm-clerical,Own-child,Asian-Pac-Islander,Female,0,0,40,United-States,<=50K
25,Private,229287,Bachelors,13,Never-married,Exec-managerial,Other-relative,White,Female,0,0,25,United-States,<=50K
19,Private,271521,HS-grad,9,Never-married,Other-service,Other-relative,Asian-Pac-Islander,Male,0,0,24,United-States,<=50K
56,Self-emp-inc,216636,12th,8,Married-civ-spouse,Exec-managerial,Husband,White,Male,0,1651,40,United-States,<=50K
36,Private,173804,11th,7,Divorced,Other-service,Not-in-family,White,Female,0,0,40,United-States,<=50K
37,Private,349689,HS-grad,9,Divorced,Adm-clerical,Unmarried,White,Female,0,0,40,United-States,<=50K
41,Private,222596,Bachelors,13,Married-civ-spouse,Sales,Husband,White,Male,15024,0,45,United-States,>50K
42,State-gov,160369,Masters,14,Married-civ-spouse,Prof-specialty,Husband,White,Male,0,0,50,United-States,>50K
40,Self-emp-inc,301007,Bachelors,13,Married-civ-spouse,Prof-specialty,Husband,White,Male,0,0,60,United-States,<=50K
54,Federal-gov,75235,HS-grad,9,Married-civ-spouse,Exec-managerial,Husband,White,Male,5178,0,40,United-States,>50K
81,State-gov,132204,1st-4th,2,Widowed,Other-service,Not-in-family,White,Female,0,0,20,United-States,<=50K
37,Private,172722,Some-college,10,Married-civ-spouse,Craft-repair,Husband,White,Male,0,0,40,United-States,<=50K
24,Private,128487,Bachelors,13,Never-married,Adm-clerical,Not-in-family,White,Female,0,0,40,United-States,<=50K
36,Private,191161,HS-grad,9,Never-married,Sales,Not-in-family,White,Male,0,0,50,United-States,<=50K
20,Private,285671,HS-grad,9,Never-married,Other-service,Other-relative,Black,Male,0,0,25,United-States,<=50K
44,Private,207578,Bachelors,13,Married-civ-spouse,Prof-specialty,Husband,White,Male,0,0,35,United-States,>50K
28,Private,288598,HS-grad,9,Married-civ-spouse,Craft-repair,Husband,White,Male,0,0,35,United-States,<=50K
41,Private,307468,HS-grad,9,Married-civ-spouse,Transport-moving,Husband,White,Male,0,0,50,United-States,<=50K
40,Private,436493,HS-grad,9,Never-married,Other-service,Own-child,White,Male,0,0,25,United-States,<=50K
26,Private,39092,Some-college,10,Married-civ-spouse,Exec-managerial,Husband,White,Male,4064,0,50,United-States,<=50K
36,Private,62346,HS-grad,9,Married-civ-spouse,Craft-repair,Husband,Black,Male,0,0,40,United-States,<=50K
53,Private,22154,Some-college,10,Married-civ-spouse,Craft-repair,Husband,White,Male,0,0,40,United-States,<=50K
45,Private,169180,Some-college,10,Widowed,Other-service,Unmarried,White,Female,0,0,45,United-States,<=50K
35,Private,330664,Some-college,10,Never-married,Sales,Not-in-family,White,Male,0,0,40,United-States,<=50K
26,Private,152035,HS-grad,9,Never-married,Adm-clerical,Not-in-family,White,Female,0,0,40,United-States,<=50K
22,Self-emp-inc,269583,7th-8th,4,Married-civ-spouse,Craft-repair,Husband,White,Male,2580,0,40,United-States,<=50K
37,Private,99233,HS-grad,9,Married-civ-spouse,Adm-clerical,Husband,White,Male,0,0,40,United-States,<=50K
61,Private,175331,10th,6,Married-civ-spouse,Transport-moving,Husband,White,Male,0,0,40,United-States,<=50K
38,Private,210610,Assoc-acdm,12,Married-civ-spouse,Tech-support,Husband,White,Male,0,0,40,United-States,>50K
35,Private,172571,Assoc-voc,11,Divorced,Transport-moving,Not-in-family,White,Male,0,0,50,United-States,<=50K
46,Private,213611,7th-8th,4,Married-spouse-absent,Priv-house-serv,Unmarried,White,Female,0,1594,24,Guatemala,<=50K
25,Private,132749,11th,7,Divorced,Other-service,Unmarried,White,Female,0,0,12,United-States,<=50K
21,Private,452640,HS-grad,9,Never-married,Craft-repair,Not-in-family,White,Male,0,0,40,United-States,<=50K
33,Private,150154,HS-grad,9,Married-civ-spouse,Craft-repair,Husband,White,Male,0,0,40,United-States,<=50K
54,Self-emp-not-inc,199741,HS-grad,9,Widowed,Craft-repair,Not-in-family,White,Male,0,2001,35,United-States,<=50K
58,Private,126104,Masters,14,Divorced,Adm-clerical,Not-in-family,White,Female,0,1980,45,United-States,<=50K
39,Private,174938,Bachelors,13,Never-married,Prof-specialty,Not-in-family,White,Male,0,0,40,United-States,<=50K
51,Private,161482,HS-grad,9,Divorced,Other-service,Unmarried,White,Female,0,0,38,United-States,<=50K
41,Local-gov,384236,Assoc-voc,11,Never-married,Other-service,Not-in-family,White,Male,0,0,40,United-States,<=50K
33,Private,100154,10th,6,Separated,Handlers-cleaners,Not-in-family,White,Male,0,0,40,United-States,<=50K
35,Federal-gov,226916,Bachelors,13,Widowed,Adm-clerical,Not-in-family,White,Male,0,0,40,United-States,>50K
48,Private,373366,1st-4th,2,Married-civ-spouse,Farming-fishing,Husband,White,Male,3781,0,50,Mexico,<=50K
46,Private,172581,Bachelors,13,Married-civ-spouse,Exec-managerial,Husband,White,Male,0,1902,50,United-States,>50K
32,Private,391874,HS-grad,9,Married-civ-spouse,Craft-repair,Husband,White,Male,0,0,40,United-States,<=50K
30,Private,169583,Bachelors,13,Married-AF-spouse,Exec-managerial,Wife,White,Female,0,0,40,United-States,>50K
17,Private,216137,11th,7,Never-married,Sales,Own-child,White,Female,0,0,8,United-States,<=50K
18,Private,35065,HS-grad,9,Never-married,Transport-moving,Not-in-family,Black,Male,0,0,35,United-States,<=50K
76,Private,199949,Bachelors,13,Married-civ-spouse,Adm-clerical,Husband,White,Male,20051,0,50,United-States,>50K
20,Private,305874,Some-college,10,Never-married,Transport-moving,Own-child,White,Male,0,0,40,United-States,<=50K
36,Federal-gov,68781,Some-college,10,Married-civ-spouse,Adm-clerical,Husband,White,Male,0,0,35,United-States,<=50K
45,Self-emp-not-inc,26781,Some-college,10,Married-civ-spouse,Exec-managerial,Husband,Amer-Indian-Eskimo,Male,0,0,40,United-States,<=50K
45,Federal-gov,162410,Some-college,10,Widowed,Tech-support,Not-in-family,White,Female,0,0,45,United-States,>50K
40,Local-gov,293809,Bachelors,13,Married-civ-spouse,Prof-specialty,Husband,White,Male,0,0,20,United-States,<=50K
51,Self-emp-inc,208302,Assoc-acdm,12,Married-civ-spouse,Sales,Husband,White,Male,0,0,38,United-States,>50K
22,Private,200109,HS-grad,9,Married-civ-spouse,Priv-house-serv,Wife,White,Female,4508,0,40,United-States,<=50K
55,Private,118993,Some-college,10,Separated,Exec-managerial,Unmarried,White,Female,0,0,10,United-States,<=50K
31,State-gov,255830,Assoc-acdm,12,Never-married,Adm-clerical,Own-child,Black,Female,0,0,45,United-States,<=50K
50,Local-gov,196307,Some-college,10,Married-civ-spouse,Craft-repair,Husband,White,Male,7688,0,40,United-States,>50K
58,Private,175127,12th,8,Married-civ-spouse,Transport-moving,Other-relative,White,Male,0,0,40,United-States,<=50K
37,Private,210438,11th,7,Never-married,Handlers-cleaners,Not-in-family,Black,Male,0,0,40,United-States,<=50K
19,Private,101549,Some-college,10,Never-married,Other-service,Own-child,White,Male,0,0,15,United-States,<=50K
61,Local-gov,321117,HS-grad,9,Married-civ-spouse,Protective-serv,Husband,White,Male,0,0,40,United-States,<=50K
31,Federal-gov,126501,Assoc-voc,11,Never-married,Prof-specialty,Own-child,White,Male,0,0,40,United-States,<=50K
39,Private,65382,Some-college,10,Married-civ-spouse,Exec-managerial,Husband,White,Male,0,0,40,United-States,<=50K
38,Private,219902,HS-grad,9,Separated,Transport-moving,Unmarried,Black,Female,0,0,30,United-States,<=50K
48,Private,79646,11th,7,Married-civ-spouse,Farming-fishing,Husband,White,Male,0,0,50,United-States,<=50K
19,Federal-gov,234151,HS-grad,9,Never-married,Adm-clerical,Unmarried,Black,Female,0,0,40,United-States,<=50K
19,Private,299050,Some-college,10,Never-married,Adm-clerical,Own-child,White,Male,0,0,20,United-States,<=50K
55,Private,181220,HS-grad,9,Married-civ-spouse,Exec-managerial,Husband,White,Male,0,0,50,United-States,<=50K
52,Private,111700,Some-college,10,Divorced,Sales,Other-relative,White,Female,0,0,20,United-States,>50K
29,Private,107458,Bachelors,13,Never-married,Sales,Not-in-family,White,Male,0,0,50,United-States,<=50K
53,Local-gov,231196,HS-grad,9,Married-civ-spouse,Adm-clerical,Husband,White,Male,0,0,40,United-States,<=50K
40,Private,176716,Some-college,10,Married-civ-spouse,Sales,Husband,White,Male,0,0,40,United-States,>50K
19,Private,227178,11th,7,Never-married,Sales,Not-in-family,White,Female,0,0,25,United-States,<=50K
20,Private,116666,Some-college,10,Never-married,Sales,Own-child,Asian-Pac-Islander,Male,0,0,8,India,<=50K
25,Private,230292,HS-grad,9,Married-civ-spouse,Craft-repair,Husband,White,Male,0,0,40,United-States,<=50K
58,Self-emp-not-inc,261230,Some-college,10,Divorced,Prof-specialty,Not-in-family,White,Female,0,0,40,United-States,<=50K
31,Self-emp-not-inc,144949,Bachelors,13,Divorced,Craft-repair,Not-in-family,White,Male,0,0,60,United-States,<=50K
19,Private,228939,HS-grad,9,Never-married,Handlers-cleaners,Own-child,White,Male,0,0,35,United-States,<=50K
34,State-gov,156292,HS-grad,9,Never-married,Handlers-cleaners,Not-in-family,Black,Male,0,0,40,United-States,<=50K
21,Private,82847,Some-college,10,Never-married,Tech-support,Not-in-family,White,Female,0,0,50,United-States,<=50K
19,Private,39026,HS-grad,9,Never-married,Other-service,Not-in-family,White,Male,0,0,30,United-States,<=50K
50,Private,44368,Some-college,10,Married-civ-spouse,Exec-managerial,Husband,White,Male,0,0,40,United-States,<=50K
31,Self-emp-inc,103435,HS-grad,9,Married-civ-spouse,Exec-managerial,Husband,White,Male,0,0,50,United-States,<=50K
46,Private,117310,Assoc-acdm,12,Widowed,Tech-support,Unmarried,White,Female,6497,0,40,United-States,<=50K
44,Private,60414,Masters,14,Married-civ-spouse,Exec-managerial,Husband,White,Male,0,0,40,United-States,>50K
40,Self-emp-not-inc,107762,Bachelors,13,Married-civ-spouse,Exec-managerial,Husband,White,Male,0,0,45,United-States,<=50K
41,Self-emp-inc,114580,Prof-school,15,Married-civ-spouse,Exec-managerial,Wife,White,Female,0,2415,55,United-States,>50K
52,Local-gov,238959,Masters,14,Never-married,Prof-specialty,Not-in-family,White,Male,0,0,32,United-States,>50K
53,Private,195813,5th-6th,3,Married-civ-spouse,Craft-repair,Husband,Other,Male,5178,0,40,Puerto-Rico,>50K
47,Private,202322,5th-6th,3,Married-civ-spouse,Handlers-cleaners,Husband,White,Male,0,0,40,Mexico,<=50K
29,Private,210959,Assoc-acdm,12,Married-civ-spouse,Adm-clerical,Husband,White,Male,0,0,40,United-States,<=50K
23,Private,250037,Some-college,10,Never-married,Farming-fishing,Not-in-family,White,Female,0,0,50,United-States,<=50K
63,Private,226422,HS-grad,9,Married-civ-spouse,Craft-repair,Husband,White,Male,0,0,40,United-States,<=50K
19,Private,199495,HS-grad,9,Never-married,Craft-repair,Own-child,White,Male,0,0,40,United-States,<=50K
34,Private,62374,HS-grad,9,Never-married,Craft-repair,Not-in-family,White,Male,0,0,48,United-States,<=50K
45,Private,179659,Bachelors,13,Married-civ-spouse,Craft-repair,Husband,White,Male,3103,0,40,United-States,>50K
53,Private,122412,Bachelors,13,Never-married,Prof-specialty,Not-in-family,White,Female,0,0,40,United-States,<=50K
37,Private,116960,Bachelors,13,Never-married,Prof-specialty,Not-in-family,White,Male,0,0,45,United-States,>50K
34,Private,279015,Some-college,10,Never-married,Sales,Not-in-family,White,Male,0,0,65,United-States,<=50K
25,Self-emp-inc,86745,Bachelors,13,Never-married,Adm-clerical,Own-child,Asian-Pac-Islander,Female,0,0,40,United-States,<=50K
80,Self-emp-not-inc,562336,HS-grad,9,Married-civ-spouse,Farming-fishing,Husband,White,Male,0,0,20,United-States,<=50K
48,Private,97863,Bachelors,13,Married-civ-spouse,Prof-specialty,Husband,White,Male,0,0,45,Italy,>50K
56,Private,231781,HS-grad,9,Married-civ-spouse,Sales,Husband,White,Male,0,0,40,United-States,>50K
28,Private,715938,Bachelors,13,Never-married,Craft-repair,Own-child,Black,Male,0,0,40,United-States,<=50K
51,Private,131068,HS-grad,9,Divorced,Other-service,Not-in-family,White,Female,0,0,40,United-States,<=50K
29,Private,140830,HS-grad,9,Never-married,Other-service,Own-child,White,Female,0,0,40,United-States,<=50K
34,Private,168906,Assoc-acdm,12,Divorced,Adm-clerical,Own-child,White,Female,0,0,35,United-States,<=50K
24,Private,207940,HS-grad,9,Married-civ-spouse,Other-service,Wife,White,Female,0,0,30,United-States,<=50K
38,Private,296125,HS-grad,9,Separated,Priv-house-serv,Unmarried,Black,Female,0,0,30,United-States,<=50K
25,Private,161007,HS-grad,9,Never-married,Machine-op-inspct,Own-child,White,Male,0,0,40,United-States,<=50K
33,Private,618191,HS-grad,9,Never-married,Exec-managerial,Not-in-family,White,Female,0,0,40,United-States,<=50K
31,Federal-gov,210926,HS-grad,9,Separated,Handlers-cleaners,Unmarried,White,Female,0,0,40,United-States,<=50K
43,Private,168412,HS-grad,9,Married-civ-spouse,Sales,Other-relative,White,Female,0,0,44,Poland,<=50K
39,Private,132879,Some-college,10,Married-civ-spouse,Exec-managerial,Husband,White,Male,0,0,50,United-States,>50K
26,Private,177951,HS-grad,9,Married-civ-spouse,Handlers-cleaners,Husband,White,Male,0,0,48,United-States,<=50K
46,Private,216999,Bachelors,13,Never-married,Exec-managerial,Not-in-family,White,Male,0,0,55,United-States,>50K
34,Private,141058,Some-college,10,Married-civ-spouse,Other-service,Husband,White,Male,0,0,62,Mexico,<=50K
45,Private,195949,HS-grad,9,Married-civ-spouse,Craft-repair,Husband,White,Male,0,0,40,United-States,<=50K
30,Local-gov,131568,Bachelors,13,Married-civ-spouse,Prof-specialty,Husband,White,Male,0,0,40,United-States,>50K
54,Private,139850,Masters,14,Married-civ-spouse,Exec-managerial,Husband,Asian-Pac-Islander,Male,0,0,45,United-States,>50K
28,Private,196564,HS-grad,9,Married-civ-spouse,Craft-repair,Husband,White,Male,0,0,45,United-States,<=50K
37,Private,545483,Assoc-acdm,12,Married-civ-spouse,Farming-fishing,Husband,White,Male,0,0,40,United-States,<=50K
50,Private,120914,11th,7,Married-civ-spouse,Craft-repair,Husband,White,Male,0,0,40,United-States,<=50K
41,Local-gov,170924,Some-college,10,Never-married,Prof-specialty,Other-relative,White,Male,0,0,7,United-States,<=50K
24,Private,197757,Bachelors,13,Never-married,Prof-specialty,Own-child,Asian-Pac-Islander,Female,0,0,40,Philippines,<=50K
33,Private,340332,Bachelors,13,Separated,Exec-managerial,Not-in-family,Black,Female,0,0,45,United-States,<=50K
31,State-gov,151763,Masters,14,Never-married,Adm-clerical,Not-in-family,White,Male,0,0,25,United-States,<=50K
50,Private,176157,Masters,14,Married-civ-spouse,Exec-managerial,Husband,White,Male,0,0,50,United-States,>50K
38,Private,196554,Prof-school,15,Separated,Prof-specialty,Not-in-family,White,Male,0,0,35,United-States,>50K
23,Private,210474,Some-college,10,Never-married,Other-service,Own-child,White,Female,0,0,20,United-States,<=50K
18,Private,120243,11th,7,Never-married,Other-service,Own-child,White,Male,0,0,10,United-States,<=50K
44,Private,322391,11th,7,Separated,Other-service,Unmarried,Black,Female,0,0,30,United-States,<=50K
48,Private,167967,HS-grad,9,Separated,Machine-op-inspct,Unmarried,Black,Female,0,0,40,United-States,<=50K
36,Local-gov,110866,Bachelors,13,Never-married,Prof-specialty,Not-in-family,White,Male,0,0,50,United-States,<=50K
27,Private,196044,Some-college,10,Married-civ-spouse,Craft-repair,Husband,White,Male,0,0,60,United-States,<=50K
21,Private,188923,Some-college,10,Never-married,Sales,Own-child,White,Female,0,0,55,United-States,<=50K
27,Private,164924,HS-grad,9,Never-married,Craft-repair,Not-in-family,White,Male,0,0,40,United-States,<=50K
36,Local-gov,150309,Assoc-voc,11,Married-civ-spouse,Transport-moving,Husband,Amer-Indian-Eskimo,Male,0,0,40,United-States,<=50K
42,Local-gov,1125613,HS-grad,9,Divorced,Other-service,Not-in-family,Black,Male,0,0,40,United-States,<=50K
31,Private,257863,Some-college,10,Divorced,Other-service,Not-in-family,White,Female,0,0,15,United-States,<=50K
36,Private,150057,Some-college,10,Married-civ-spouse,Exec-managerial,Husband,White,Male,0,0,65,United-States,<=50K
42,Local-gov,266135,Some-college,10,Married-civ-spouse,Protective-serv,Husband,White,Male,0,0,52,United-States,>50K
43,Private,289669,Masters,14,Divorced,Prof-specialty,Unmarried,White,Female,0,2547,40,United-States,>50K
27,Private,126060,Bachelors,13,Never-married,Exec-managerial,Not-in-family,White,Female,0,0,40,United-States,<=50K
25,Private,254933,11th,7,Married-civ-spouse,Transport-moving,Husband,White,Male,0,0,40,United-States,<=50K
33,Private,142383,Assoc-acdm,12,Never-married,Sales,Not-in-family,Other,Male,0,0,36,United-States,<=50K
49,Private,246183,HS-grad,9,Married-civ-spouse,Sales,Husband,White,Male,0,0,40,United-States,>50K
21,Private,185582,Some-college,10,Never-married,Sales,Own-child,White,Male,0,0,43,United-States,<=50K
55,Private,239404,10th,6,Married-civ-spouse,Transport-moving,Husband,Black,Male,0,0,45,United-States,<=50K
32,Private,207284,HS-grad,9,Married-civ-spouse,Machine-op-inspct,Husband,White,Male,0,0,40,United-States,<=50K
45,Local-gov,170099,Assoc-acdm,12,Married-civ-spouse,Handlers-cleaners,Husband,White,Male,0,0,40,United-States,<=50K
32,Private,398988,Bachelors,13,Never-married,Exec-managerial,Not-in-family,White,Male,0,0,40,United-States,<=50K
44,Self-emp-inc,168845,HS-grad,9,Married-civ-spouse,Sales,Wife,White,Female,0,0,60,United-States,<=50K
38,Private,179117,Assoc-acdm,12,Never-married,Machine-op-inspct,Not-in-family,Black,Female,10520,0,50,United-States,>50K
45,Private,200559,Assoc-voc,11,Married-civ-spouse,Farming-fishing,Husband,White,Male,0,0,70,United-States,<=50K
33,Private,202046,Bachelors,13,Never-married,Handlers-cleaners,Not-in-family,White,Male,0,2001,40,United-States,<=50K
68,Private,201732,Some-college,10,Divorced,Adm-clerical,Unmarried,White,Female,0,0,40,United-States,<=50K
60,Self-emp-not-inc,143932,Masters,14,Married-civ-spouse,Exec-managerial,Husband,White,Male,0,0,40,United-States,<=50K
30,Private,188798,Some-college,10,Divorced,Other-service,Own-child,White,Female,0,0,20,United-States,<=50K
24,Federal-gov,44075,Bachelors,13,Never-married,Prof-specialty,Not-in-family,Asian-Pac-Islander,Male,0,0,40,United-States,<=50K
31,Private,51471,HS-grad,9,Divorced,Adm-clerical,Unmarried,White,Female,0,0,38,United-States,<=50K
32,Private,192565,11th,7,Married-civ-spouse,Exec-managerial,Husband,White,Male,0,0,55,United-States,<=50K
21,Private,67804,9th,5,Never-married,Machine-op-inspct,Own-child,Black,Male,0,0,20,United-States,<=50K
41,Private,130408,HS-grad,9,Divorced,Sales,Unmarried,Black,Female,0,0,38,United-States,<=50K
40,Private,225660,Bachelors,13,Married-civ-spouse,Exec-managerial,Wife,White,Female,0,0,45,United-States,>50K
55,Private,188917,HS-grad,9,Divorced,Handlers-cleaners,Not-in-family,White,Female,0,0,40,United-States,<=50K
31,Private,159187,Some-college,10,Married-civ-spouse,Craft-repair,Husband,White,Male,0,0,40,United-States,>50K
41,Self-emp-not-inc,143129,Bachelors,13,Divorced,Exec-managerial,Not-in-family,White,Female,0,0,40,United-States,<=50K
40,Private,226608,Some-college,10,Divorced,Tech-support,Not-in-family,White,Male,0,0,30,Guatemala,>50K
57,Self-emp-not-inc,65080,HS-grad,9,Married-civ-spouse,Craft-repair,Husband,White,Male,0,0,50,United-States,>50K
27,Private,144133,Bachelors,13,Married-civ-spouse,Exec-managerial,Other-relative,White,Male,0,0,50,United-States,<=50K
18,Private,240330,12th,8,Never-married,Other-service,Own-child,White,Male,0,0,18,United-States,<=50K
24,Private,214542,11th,7,Never-married,Transport-moving,Own-child,White,Male,0,0,40,United-States,<=50K
27,Self-emp-inc,113870,Masters,14,Never-married,Transport-moving,Own-child,White,Male,0,0,40,United-States,<=50K
69,Self-emp-inc,69209,Bachelors,13,Married-civ-spouse,Machine-op-inspct,Husband,White,Male,3818,0,30,United-States,<=50K
63,Local-gov,150079,HS-grad,9,Married-civ-spouse,Adm-clerical,Wife,White,Female,0,0,35,United-States,>50K
34,Private,209449,Some-college,10,Married-civ-spouse,Tech-support,Husband,Black,Male,0,0,40,United-States,>50K
36,Private,33394,Bachelors,13,Married-civ-spouse,Sales,Husband,White,Male,0,1887,35,United-States,>50K
57,Private,176079,Masters,14,Divorced,Prof-specialty,Not-in-family,White,Female,0,0,40,United-States,<=50K
34,Private,424988,HS-grad,9,Married-civ-spouse,Craft-repair,Husband,White,Male,0,0,45,United-States,<=50K
34,Private,112115,Prof-school,15,Married-civ-spouse,Prof-specialty,Husband,White,Male,0,1977,55,United-States,>50K
25,Private,245628,Some-college,10,Never-married,Tech-support,Own-child,White,Male,0,0,15,Mexico,<=50K
32,Private,425622,HS-grad,9,Married-civ-spouse,Transport-moving,Husband,White,Male,0,0,55,United-States,<=50K
40,Private,276096,HS-grad,9,Married-civ-spouse,Machine-op-inspct,Husband,White,Male,0,0,40,United-States,<=50K
48,Private,182211,HS-grad,9,Married-civ-spouse,Craft-repair,Husband,White,Male,0,0,44,United-States,>50K
24,Private,177526,Assoc-voc,11,Never-married,Craft-repair,Own-child,White,Male,0,0,40,United-States,<=50K
27,Private,193898,Bachelors,13,Divorced,Exec-managerial,Not-in-family,White,Male,0,0,52,United-States,<=50K
39,Private,113481,Bachelors,13,Married-civ-spouse,Exec-managerial,Husband,White,Male,0,0,45,United-States,>50K
36,Private,34744,Assoc-acdm,12,Divorced,Other-service,Unmarried,White,Female,0,0,37,United-States,<=50K
38,Private,31053,HS-grad,9,Divorced,Exec-managerial,Unmarried,White,Female,0,0,40,United-States,<=50K
43,Private,50197,10th,6,Separated,Other-service,Not-in-family,Black,Female,0,0,40,United-States,<=50K
39,Federal-gov,206190,HS-grad,9,Never-married,Exec-managerial,Unmarried,White,Female,0,0,45,United-States,<=50K
45,Private,155659,HS-grad,9,Married-civ-spouse,Craft-repair,Husband,White,Male,0,0,40,United-States,>50K
44,Private,297991,Assoc-acdm,12,Never-married,Exec-managerial,Not-in-family,Asian-Pac-Islander,Female,0,0,50,United-States,<=50K
40,Private,138975,HS-grad,9,Married-civ-spouse,Craft-repair,Husband,White,Male,0,0,56,United-States,<=50K
58,Private,220789,Bachelors,13,Divorced,Transport-moving,Not-in-family,White,Male,0,0,45,United-States,<=50K
26,Private,192208,HS-grad,9,Never-married,Protective-serv,Not-in-family,Black,Female,0,0,32,United-States,<=50K
50,Self-emp-not-inc,213654,HS-grad,9,Married-civ-spouse,Sales,Husband,Black,Male,0,0,40,United-States,<=50K
26,Federal-gov,76900,Bachelors,13,Never-married,Tech-support,Not-in-family,White,Male,0,0,40,United-States,<=50K
22,Private,161532,Some-college,10,Never-married,Handlers-cleaners,Own-child,White,Male,0,0,35,United-States,<=50K
51,Private,29580,11th,7,Married-civ-spouse,Sales,Husband,White,Male,4386,0,30,United-States,>50K
68,Private,123653,5th-6th,3,Separated,Other-service,Not-in-family,White,Male,0,0,12,Italy,<=50K
26,Private,195555,Bachelors,13,Never-married,Sales,Not-in-family,White,Female,0,0,40,United-States,<=50K
33,Private,283921,Some-college,10,Married-civ-spouse,Craft-repair,Husband,White,Male,0,0,40,United-States,<=50K
68,Private,148874,9th,5,Married-civ-spouse,Craft-repair,Husband,Black,Male,0,0,44,United-States,<=50K
37,Private,137229,Assoc-voc,11,Divorced,Sales,Not-in-family,White,Male,0,0,45,United-States,>50K
21,Private,155818,HS-grad,9,Never-married,Other-service,Own-child,White,Female,0,0,20,United-States,<=50K
22,Private,228452,10th,6,Never-married,Craft-repair,Not-in-family,White,Male,0,0,30,United-States,<=50K
62,Private,35783,Some-college,10,Married-civ-spouse,Transport-moving,Husband,White,Male,0,0,60,United-States,<=50K
21,Private,119704,Some-college,10,Never-married,Sales,Unmarried,White,Female,0,0,35,United-States,<=50K
31,Federal-gov,113688,HS-grad,9,Never-married,Machine-op-inspct,Unmarried,White,Female,0,0,40,United-States,<=50K
37,Self-emp-not-inc,29814,HS-grad,9,Never-married,Farming-fishing,Unmarried,White,Male,0,0,50,United-States,<=50K
35,Private,267891,HS-grad,9,Married-civ-spouse,Other-service,Wife,White,Female,0,0,38,United-States,<=50K
52,Private,222405,HS-grad,9,Married-civ-spouse,Sales,Husband,Black,Male,0,2377,40,United-States,<=50K
21,Private,238917,5th-6th,3,Married-civ-spouse,Other-service,Husband,White,Male,0,0,40,Mexico,<=50K
22,Private,306593,HS-grad,9,Never-married,Craft-repair,Own-child,White,Male,0,0,40,United-States,<=50K
27,Private,183627,Bachelors,13,Married-civ-spouse,Exec-managerial,Husband,White,Male,0,1977,50,United-States,>50K
58,Self-emp-not-inc,165695,HS-grad,9,Divorced,Exec-managerial,Not-in-family,White,Male,0,0,70,United-States,<=50K
50,Private,116287,Assoc-acdm,12,Married-civ-spouse,Adm-clerical,Husband,White,Male,0,0,60,Columbia,<=50K
34,Self-emp-not-inc,349148,Some-college,10,Married-civ-spouse,Craft-repair,Husband,White,Male,0,0,40,United-States,<=50K
43,Private,269015,HS-grad,9,Married-civ-spouse,Machine-op-inspct,Husband,Black,Male,0,0,40,Germany,>50K
33,Private,144949,HS-grad,9,Never-married,Handlers-cleaners,Not-in-family,White,Male,0,0,40,United-States,<=50K
68,Private,223851,HS-grad,9,Married-civ-spouse,Adm-clerical,Husband,White,Male,0,0,24,United-States,<=50K
27,Private,404421,Some-college,10,Never-married,Handlers-cleaners,Not-in-family,Black,Male,0,0,40,United-States,<=50K
42,Federal-gov,33521,Bachelors,13,Married-civ-spouse,Prof-specialty,Husband,White,Male,0,0,40,United-States,<=50K
20,Private,34446,HS-grad,9,Never-married,Other-service,Not-in-family,White,Female,0,0,20,United-States,<=50K
58,Self-emp-not-inc,165315,HS-grad,9,Married-civ-spouse,Sales,Husband,White,Male,0,0,35,United-States,>50K
40,Private,99434,HS-grad,9,Married-civ-spouse,Other-service,Wife,White,Female,0,0,12,United-States,<=50K
42,Private,250121,11th,7,Married-civ-spouse,Other-service,Wife,White,Female,0,0,40,United-States,<=50K
42,Private,265698,Masters,14,Divorced,Prof-specialty,Unmarried,White,Female,0,0,40,United-States,<=50K
24,Private,196816,Bachelors,13,Married-civ-spouse,Prof-specialty,Husband,White,Male,3908,0,40,United-States,<=50K
38,Private,210438,7th-8th,4,Divorced,Sales,Unmarried,White,Female,0,0,40,United-States,<=50K
45,Private,390368,Some-college,10,Married-civ-spouse,Sales,Husband,Black,Male,15024,0,99,United-States,>50K
34,Private,119153,11th,7,Married-civ-spouse,Transport-moving,Husband,White,Male,0,0,50,United-States,<=50K
25,Private,132683,HS-grad,9,Never-married,Priv-house-serv,Not-in-family,White,Female,0,0,50,United-States,<=50K
46,Private,229394,HS-grad,9,Divorced,Exec-managerial,Not-in-family,White,Female,0,0,40,United-States,<=50K
43,Self-emp-not-inc,421837,Some-college,10,Married-civ-spouse,Sales,Husband,White,Male,7298,0,50,Mexico,>50K
28,Private,46868,Masters,14,Never-married,Tech-support,Not-in-family,White,Female,0,0,40,United-States,<=50K
51,Private,123429,Masters,14,Married-civ-spouse,Exec-managerial,Husband,White,Male,0,0,50,United-States,>50K
46,Private,192779,Bachelors,13,Never-married,Sales,Not-in-family,White,Male,0,0,45,United-States,>50K
38,Private,69306,Some-college,10,Divorced,Craft-repair,Unmarried,White,Female,0,0,40,United-States,<=50K
43,Self-emp-inc,602513,Masters,14,Married-civ-spouse,Exec-managerial,Husband,White,Male,0,0,50,United-States,>50K
23,Private,200089,Some-college,10,Married-civ-spouse,Craft-repair,Other-relative,White,Male,0,0,40,El-Salvador,<=50K
17,State-gov,179319,10th,6,Never-married,Other-service,Own-child,White,Male,0,0,30,United-States,<=50K
56,Federal-gov,317847,Bachelors,13,Divorced,Adm-clerical,Not-in-family,White,Male,0,0,40,United-States,<=50K
39,Private,225330,Bachelors,13,Widowed,Prof-specialty,Unmarried,White,Female,0,0,50,Poland,>50K
40,Self-emp-inc,45054,Some-college,10,Married-civ-spouse,Transport-moving,Husband,White,Male,0,0,40,United-States,>50K
36,Private,143486,Bachelors,13,Married-civ-spouse,Sales,Husband,White,Male,0,0,40,United-States,>50K
25,Private,120238,HS-grad,9,Married-civ-spouse,Sales,Husband,White,Male,0,0,40,United-States,<=50K
31,Private,80933,HS-grad,9,Married-civ-spouse,Craft-repair,Husband,White,Male,0,0,52,United-States,<=50K
34,Private,231238,HS-grad,9,Married-civ-spouse,Machine-op-inspct,Husband,Black,Male,0,0,40,United-States,<=50K
32,Private,61898,11th,7,Divorced,Other-service,Unmarried,White,Female,0,0,15,United-States,<=50K
35,Federal-gov,185053,Bachelors,13,Never-married,Prof-specialty,Own-child,White,Female,0,0,40,United-States,<=50K
46,Private,503923,HS-grad,9,Married-civ-spouse,Machine-op-inspct,Husband,Black,Male,4386,0,40,United-States,>50K
25,Private,104097,Bachelors,13,Married-civ-spouse,Craft-repair,Husband,White,Male,2829,0,60,United-States,<=50K
22,Private,460835,HS-grad,9,Never-married,Craft-repair,Own-child,White,Male,0,0,55,United-States,<=50K
49,Private,177211,Bachelors,13,Married-civ-spouse,Other-service,Husband,White,Male,0,0,40,United-States,<=50K
66,Private,167711,HS-grad,9,Widowed,Sales,Not-in-family,White,Female,0,0,40,United-States,>50K
21,Private,197200,Some-college,10,Never-married,Machine-op-inspct,Own-child,White,Male,0,0,40,United-States,<=50K
47,Private,110243,11th,7,Married-civ-spouse,Other-service,Husband,White,Male,0,0,40,United-States,<=50K
40,Private,222011,Masters,14,Never-married,Prof-specialty,Not-in-family,White,Female,0,0,45,United-States,>50K
24,Private,283092,11th,7,Never-married,Craft-repair,Not-in-family,Black,Male,0,0,35,Jamaica,<=50K
70,Private,77219,HS-grad,9,Married-civ-spouse,Craft-repair,Husband,White,Male,0,0,37,United-States,<=50K
26,Self-emp-not-inc,253899,Bachelors,13,Divorced,Sales,Not-in-family,White,Male,0,0,40,United-States,<=50K
41,Private,29762,HS-grad,9,Married-civ-spouse,Craft-repair,Husband,White,Male,0,0,52,United-States,>50K
52,Self-emp-not-inc,313243,HS-grad,9,Married-civ-spouse,Craft-repair,Husband,White,Male,0,0,55,United-States,>50K
33,Private,280923,7th-8th,4,Married-civ-spouse,Handlers-cleaners,Husband,White,Male,0,0,40,Mexico,<=50K
36,Private,177285,Assoc-voc,11,Never-married,Prof-specialty,Unmarried,Black,Female,0,0,38,United-States,<=50K
70,Private,184176,HS-grad,9,Divorced,Other-service,Not-in-family,White,Female,0,0,28,United-States,<=50K
31,Local-gov,33124,Bachelors,13,Never-married,Prof-specialty,Not-in-family,White,Female,0,0,50,United-States,<=50K
25,Private,137367,Bachelors,13,Never-married,Sales,Unmarried,Asian-Pac-Islander,Male,0,0,44,Philippines,<=50K
